{"state1:residual": [0.01089936383101998, 0.012082232638520261, 0.013375084445201814, 0.01478427623714476, 0.016315759626235243, 0.017974914031661442, 0.019766371304438802, 0.02169383861718667, 0.023759928116932984, 0.025966003204259448, 0.02831205213036664, 0.0307965996802775, 0.03341666687639768, 0.036167786830616576, 0.039044082167302964, 0.04203840605345848, 0.04514254515988745, 0.04834747927851837, 0.051643689288426914, 0.05502150307349686, 0.058471468068269604, 0.061984739359266634, 0.06555347349637079, 0.06917122000220556, 0.07283330454909141, 0.07653719946149293, 0.08028287826978374, 0.08407315134397675, 0.08791397923760418, 0.09181475952351734, 0.09578858198825996, 0.09985244650896521, 0.1040274381834388, 0.10833885564639338, 0.11281629116340766, 0.11749366504353509, 0.12240922193061693, 0.12760550217101038, 0.13312930704295667, 0.1390316813342438, 0.14536793967449033, 0.15219776336740157, 0.1595853917116713, 0.16759992589140968, 0.176315754964618, 0.1858131033459751, 0.19617868895415516, 0.20750647252909343, 0.21989847305217364, 0.23346562282612385, 0.24832863906697492, 0.26461889658092147, 0.28247929730194976, 0.302065145700796, 0.32354505256833277, 0.3471019016376536, 0.3729339223428127, 0.4012559165142968, 0.43230068628886886, 0.4663207047715505, 0.5035900603587731, 0.5444066907860813, 0.5890949049141634, 0.6380081701324065, 0.691532122238226, 0.7500877338492716, 0.8141345576989412, 0.8841739431311607, 0.9607521078740004, 1.0444629324645405, 1.1359503309955519, 1.2359100385222535, 1.3450906424155513, 1.46429367273929, 1.594372557213117, 1.736230242454139, 1.8908152886653535, 2.059116263363446, 2.2421542934143748, 2.4409736832426012, 2.6566305676529742, 2.8901796341827524, 3.1426590160877885, 3.4150735180309812, 3.708376392669839, 4.023449944910068, 4.361085315949866, 4.7219619101632135, 5.106627091333835, 5.515476997797503, 5.948739598400674, 6.406461396790295, 6.8884994321613116, 7.394520340044326, 7.924008146207075, 8.476282100184566, 9.050525181904462, 9.645822955601073, 10.261211284278506, 10.89573019790767], "state1:regularizer": [0.9116230578101177, 0.9102170569897144, 0.9086991695312675, 0.9070671062297008, 0.9053199135792969, 0.9034582039597978, 0.9014843666029989, 0.8994027433592096, 0.897219752131961, 0.8949439410984152, 0.8925859588485304, 0.8901584295595162, 0.8876757282171454, 0.8851536583251877, 0.8826090428012069, 0.8800592468694824, 0.8775216586340083, 0.8750131576255716, 0.8725496032295254, 0.8701453732293697, 0.8678129779863466, 0.8655627687382342, 0.8634027501897142, 0.861338499132698, 0.8593731833025675, 0.8575076687699426, 0.8557407002305676, 0.8540691365697796, 0.8524882237573347, 0.8509918880504556, 0.8495730342099856, 0.8482238355982606, 0.846936005366404, 0.8457010402949956, 0.8445104311423288, 0.8433558355360786, 0.8422292114876648, 0.8411229114826461, 0.8400297387685319, 0.8389429688858626, 0.8378563406360685, 0.8367640215263326, 0.8356605532642283, 0.8345407830906857, 0.8333997866468552, 0.8322327876872545, 0.8310350793084638, 0.8298019505040635, 0.8285286208397049, 0.8272101849375242, 0.8258415673433267, 0.8244174873001892, 0.8229324320392593, 0.8213806364775652, 0.8197560667228789, 0.8180524045451496, 0.8162630299837291, 0.8143809995054866, 0.8123990175836928, 0.8103094001968357, 0.8081040295054835, 0.8057742998069967, 0.8033110557375936, 0.8007045245373239, 0.7979442449656209, 0.7950189961134088, 0.7919167298792003, 0.788624511256456, 0.785128470836603, 0.7814137741016717, 0.777464612203916, 0.773264219045664, 0.7687949195876015, 0.7640382144022725, 0.7589749054729775, 0.7535852679994309, 0.7478492723750947, 0.7417468594269218, 0.735258270395767, 0.7283644310257057, 0.721047386656326, 0.7132907826117251, 0.7050803816872802, 0.6964046083385557, 0.6872551072905204, 0.6776273025160058, 0.6675209404898791, 0.6569405988235562, 0.6458961374459897, 0.6344030643972047, 0.6224827825643495, 0.6101626785872833, 0.5974760125160927, 0.5844615688793345, 0.571163038604002, 0.5576281180114877, 0.5439073356746796, 0.530052648282435, 0.5161158789250616, 0.5021471000977058], "state1:res_corner": 0.10722982563487361, "state1:reg_corner": 0.8460100284135713, "state1:res_min": 0.09181475952351734, "state1:reg_min": 0.8509918880504556, "state1:res_gcv": 0.061984739359266634, "state1:reg_gcv": 0.8655627687382342, "state2:residual": [0.009729852618889428, 0.010790351037590688, 0.011950587712201276, 0.013216625183534426, 0.014594244112820528, 0.01608880807724381, 0.017705122742920725, 0.019447295897482786, 0.02131860647220935, 0.023321392106386705, 0.025456965801525056, 0.027725572582627287, 0.030126396666206746, 0.0326576283436735, 0.03531659764189361, 0.03809997896260545, 0.04100406758819634, 0.04402512552301622, 0.04715979100426869, 0.05040554352625845, 0.053761214651006715, 0.05722753436783101, 0.06080770330235533, 0.0645079825066637, 0.06833829462242191, 0.07231283257336778, 0.07645067427784963, 0.0807764038756803, 0.08532074140344503, 0.09012118358764246, 0.09522265842696732, 0.10067819560518693, 0.10654961375818742, 0.11290822459504209, 0.11983555332471985, 0.1274240752599855, 0.13577797022664267, 0.14501389957392807, 0.15526181480839618, 0.1666658113246738, 0.17938504416748438, 0.19359472388876076, 0.2094872082373477, 0.22727319907612512, 0.24718304374605995, 0.2694681270103117, 0.29440232513733333, 0.32228347918601413, 0.353434831523686, 0.3882063589867675, 0.4269759283438598, 0.47015019491199994, 0.5181651631152624, 0.5714863282949119, 0.6306083220940669, 0.6960539894390131, 0.7683728339323018, 0.8481387809748986, 0.9359472248705509, 1.0324113481786956, 1.138157729219649, 1.2538212870181376, 1.3800396519092157, 1.5174470937075877, 1.6666681864398105, 1.828311437269934, 2.002963154973324, 2.19118187728331, 2.3934937134394256, 2.6103889848727055, 2.8423205597450067, 3.089704272558259, 3.3529217954318966, 3.6323262805585643, 3.9282510226500835, 4.241021295943385, 4.570969403523125, 4.918452838598926, 5.283875297775924, 5.66771010204983, 6.070525364848945, 6.493009987543197, 6.935999252174925, 7.400498418688975, 7.887702339382975, 8.399008725620028, 8.936022424759933, 9.50054800104732, 10.0945681875016, 10.720206491865786, 11.379673449362796, 12.07519767700088, 12.808944849010784, 13.582929719929533, 14.398928042369192, 15.258396312108196, 16.162407439569705, 17.11160952951365, 18.106212956753204, 19.146008036249153],