{"state1:residual": [1.1930803662504077, 1.3765750536620658, 1.5836471067966749, 1.8159200679179954, 2.074725471815703, 2.3609855337706707, 2.6750947694274516, 3.0168117354793207, 3.38517402510491, 3.7784499006676295, 4.194137886839852, 4.629021099166796, 5.079276499413102, 5.540631760932664, 6.008555541442398, 6.478462250636593, 6.945910941182435, 7.406779993962962, 7.85740417368266, 8.294667109590128, 8.716048794661164, 9.119633000700238, 9.504082807358003, 9.868593593609818, 10.212832220626213, 10.536869433164997, 10.841110467101965, 11.126227063714035, 11.393092870667779, 11.642723577251957, 11.876222896042885, 12.094735394054315, 12.299406974920537, 12.491353433217563, 12.671636992913507, 12.841250235628724, 13.001106456463102, 13.15203533527638, 13.294782879279634, 13.430014809089919, 13.558322819825465, 13.680233353703514, 13.79621861786059, 13.906709576712142, 14.012110591469515, 14.112815328981936, 14.209223558564355, 14.301758520760917, 14.390884707684057, 14.477126172108155, 14.561085900550644, 14.643467299406094, 14.725099302621096, 14.806966769426346, 14.890247442144283, 14.976355624571198, 15.06699097091309, 15.16418860633865, 15.270364619510133, 15.388349149412514, 15.521398100463122, 15.67317413864491, 15.84768826960873, 16.04919540989768, 16.2820416130397, 16.550467667744197, 16.858383687319844, 17.209140717860876, 17.60533517469164, 18.04868567124703, 18.54001555223152, 19.079356915039565, 19.666166141742636, 20.299614009307568, 20.978893881734276, 21.70348600191574, 22.47332660070232, 23.2888543010994, 24.15093614336579, 25.06070316299527, 26.019343576541015, 27.027905805149693, 28.08715292096331, 29.197487543547204, 30.35893798293288, 31.571170967699015, 32.83348205657057, 34.14471755001497, 35.50310180739645, 36.90597564606602, 38.34948478394672, 39.82828126274929, 41.33530826433399, 42.86172864468984, 44.397034401569, 45.929345314686145, 47.4458766881685, 48.933532653205454, 50.379565235739996, 51.77223181022025], "state1:regularizer": [35.612633180677, 34.998617471303405, 34.30746604371089, 33.534478806028275, 32.67611506461034, 31.730401689050353, 30.69733477167909, 29.579232955346214, 28.380994564694475, 27.110211257558763, 25.77710019760612, 24.394235105100396, 22.97608191753316, 21.538372722744462, 20.0973761846117, 18.669138155644713, 17.26876889698123, 15.909842897593471, 14.603956638962757, 13.360464020641041, 12.186384359557902, 11.08645861894324, 10.063318359514733, 9.11772898455927, 8.248872421499433, 7.454641707664709, 6.73192826166561, 6.076889860346125, 5.4851924948341875, 4.952222347329012, 4.473265774958763, 4.043656255195265, 3.6588883603651476, 3.3147001860852927, 3.0071270866097253, 2.7325307319974024, 2.487608123407182, 2.269385205884891, 2.075199230963761, 1.9026732984855637, 1.749685815242809, 1.6143371285532429, 1.494915369287062, 1.3898634853267906, 1.2977494047069502, 1.217241080154282, 1.14708773239931, 1.0861079117948667, 1.033184112918142, 0.9872627695427283, 0.9473577487379883, 0.9125551595245439, 0.8820174936864612, 0.854985756112743, 0.8307790984824753, 0.8087922611374146, 0.7884916291414205, 0.7694108348132901, 0.7511466534511769, 0.733355595626218, 0.7157512602116456, 0.6981022806811966, 0.6802305940200044, 0.6620097429098756, 0.6433629208836211, 0.6242604405033424, 0.6047162473698445, 0.584783068114806, 0.564545844146723, 0.5441133254575949, 0.5236080842826957, 0.5031556809296805, 0.48287412917122907, 0.46286500175289874, 0.44320737440976726, 0.42395532668312247, 0.40513902365789956, 0.3867687013163888, 0.3688403765812443, 0.3513419289847395, 0.3342583656208351, 0.3175754958700135, 0.3012817674980134, 0.28536850980276457, 0.2698291823389745, 0.2546583740038505, 0.23985122373535106, 0.2254036805088209, 0.21131367400339043, 0.1975829383414224, 0.1842190165132301, 0.17123692146935723, 0.15866002848706884, 0.14651996220240202, 0.13485544668696958, 0.12371025299663232, 0.11313048348703177, 0.10316148116126282, 0.09384465962952995, 0.08521452661028803], "state1:res_corner": 15.364741768758671, "state1:reg_corner": 0.7367333076061255, "state1:res_min": 14.976355624571198, "state1:reg_min": 0.8087922611374146, "state1:res_gcv": 14.976355624571198, "state1:reg_gcv": 0.8087922611374146, "state2:residual": [1.0522893921778762, 1.2138458823920377, 1.3960883132872666, 1.6004296942134912, 1.8280306951926346, 2.079702120376058, 2.355808836938178, 2.656185172373151, 2.980073091000009, 3.3260940671055232, 3.6922630023020897, 4.076047762510679, 4.474471544323396, 4.884248546560649, 5.3019378931082874, 5.724097881741372, 6.147423259717005, 6.5688522536635885, 6.9856364745713995, 7.395373930693663, 7.796011468684654, 8.185826703929179, 8.56340033423979, 8.927587934574769, 9.277496838595017, 9.612469761812122, 9.932073547230324, 10.236089539816193, 10.524501795694238, 10.79748030408267, 11.055358079816514, 11.298602787081611, 11.527785045502, 11.743546513734866, 11.946571169932843, 12.137562935052019, 12.317231995312998, 12.486291015786538, 12.64546110626174, 12.795486151800572, 12.937153178989904, 13.071315928932908, 13.198918761302393, 13.321018331161097, 13.43880102640152, 13.553594803748005, 13.66687473915402, 13.780262301260985, 13.895519105195982, 14.014536766214164, 14.139325463337718, 14.272004853382061, 14.414801831097888, 14.570060018828741, 14.74026552806731, 14.92809235459107, 15.136468836597002, 15.368664134733422, 15.628390840612633, 15.919916497475102, 16.248172656710512, 16.618844727310123, 17.038419530690902, 17.51416169141982, 18.05398798190256, 18.666214797908243, 19.35917165715512, 20.14070317083438, 21.01761785528497, 21.99517324406914, 23.07669953503172, 24.263448650433354, 25.554711513678143, 26.948183862391662, 28.440497783358193, 30.02779103094724, 31.706172399056037, 33.47196344455543, 35.32164986877077, 37.251547290684634, 39.257258583873984, 41.333055000861755, 43.47133622799793, 45.66230876127866, 47.8939718892666, 50.15243049310836, 52.42248346500142, 54.688384057308134, 56.93464481629472, 59.14676623108779, 61.311798002091045, 63.41868386910244, 65.45838415747696, 67.423806185553, 69.30959657736672, 71.11185964288548, 72.82786309059962, 74.45577904609095, 75.99448896920316, 77.44346072490222],