{"state1:residual": [0.13084683308336129, 0.1508890769314246, 0.1734778579694047, 0.198778228613929, 0.22692015762660453, 0.25798541278125353, 0.29199451647799396, 0.3288950925769602, 0.36855313047145655, 0.4107486927975306, 0.4551773165993872, 0.5014577892191971, 0.5491461831498549, 0.5977551508006713, 0.646776700029586, 0.6957061745285277, 0.744065060612496, 0.7914205389445504, 0.8374003000347278, 0.8817018894516083, 0.9240965820304986, 0.9644283843665468, 1.0026091708048508, 1.0386111604480937, 1.0724579635615819, 1.1042153019899648, 1.1339822830132582, 1.161883826914861, 1.188064564953897, 1.2126842822668038, 1.2359148134840365, 1.257938223394381, 1.2789461170988972, 1.299140003996463, 1.3187327580243946, 1.3379513399803842, 1.3570410464264473, 1.3762716019970986, 1.395945409404949, 1.4164082206571336, 1.438062412639011, 1.4613829622854202, 1.4869361341154996, 1.5154008089682984, 1.5475922652653318, 1.5844880203293432, 1.6272549912655299, 1.6772767059981475, 1.7361786051907555, 1.8058487363974243, 1.8884505691773694, 1.9864245366747622, 2.1024754751994803, 2.2395444318098, 2.4007650766226765, 2.5894066620121614, 2.808806547848165, 3.0622954518327754, 3.353117894496965, 3.6843492220981453, 4.058809621919609, 4.478975112270133, 4.946885914994856, 5.464054201195821, 6.031376172481557, 6.649057701756333, 7.316567519324156, 8.032635533083724, 8.795314066179419, 9.602114538414122, 10.45022065026208, 11.336762850953992, 12.25912148538655, 13.215212689650985, 14.20370682023713, 15.2241368926224, 16.27687372630988, 17.362971223130344, 18.483912844157736, 19.641311585139896, 20.836624623294064, 22.070937378046573, 23.344850925728917, 24.658476331416065, 26.011507237953374, 27.403316989452435, 28.83301649020633, 30.299418104132936, 31.800877681351963, 33.33502395918724, 34.89842107494226, 36.48623487056014, 38.09198043129486, 39.70741660781008, 41.32262833344531, 42.926306873350796, 44.506208359528586, 46.049746221259106, 47.544655826898186, 48.979661349881724], "state1:regularizer": [3.89175386130896, 3.824464074200629, 3.748858567157504, 3.664483012399757, 3.571027199966435, 3.4683722256230607, 3.3566364246113873, 3.2362150509271834, 3.1078080160924326, 2.972430117132081, 2.831399343925728, 2.686301090266404, 2.5389291311316877, 2.391207511778236, 2.245100304361065, 2.1025178700708094, 1.9652284544857108, 1.8347826931174451, 1.7124563457278905, 1.599213943094653, 1.495693610109231, 1.4022114920166566, 1.31878303934464, 1.245157766106555, 1.1808637701780442, 1.1252581369680121, 1.0775793097751134, 1.036997684038504, 1.0026611688122011, 0.9737332785244656, 0.949422369631525, 0.9290017295256282, 0.9118211611886359, 0.8973113555523374, 0.8849826691680339, 0.8744199714455037, 0.865275076800802, 0.8572580187463984, 0.8501281233786744, 0.8436855441420457, 0.8377636551849376, 0.8322224823835357, 0.8269431871205943, 0.8218235101395974, 0.8167740273937254, 0.8117150577075373, 0.8065740808044851, 0.8012835605100388, 0.7957791098909691, 0.7899979739102716, 0.7838778356101889, 0.7773559720090232, 0.7703687964690853, 0.7628518270778194, 0.7547401169748033, 0.7459691725035174, 0.7364763673211272, 0.7262028343513972, 0.7150957844006268, 0.7031111651967127, 0.6902165434741706, 0.6763940681249464, 0.6616433497082633, 0.6459840590546398, 0.6294579935389255, 0.6121302841705892, 0.5940893437573231, 0.575445135155192, 0.5563254294004587, 0.5368699690684331, 0.5172228444897334, 0.4975238508029705, 0.4778999832894663, 0.4584583927201903, 0.43928195835788986, 0.42042814763814107, 0.4019311432403475, 0.38380653336660286, 0.36605738108009434, 0.34868033676948096, 0.3316706436311456, 0.31502532045273657, 0.29874434850119114, 0.2828301964733604, 0.2672863755954296, 0.2521158573793992, 0.23732009471938437, 0.2228991043321246, 0.20885268717560038, 0.19518250046721491, 0.1818944541769037, 0.16900084012409367, 0.15652170113552102, 0.14448514832792098, 0.13292655767945347, 0.1218867625513353, 0.1114094807308025, 0.10153827617527299, 0.09231337060801745, 0.08376860058814513], "state1:res_corner": 1.4020151322260033, "state1:reg_corner": 0.8481213701649256, "state1:res_min": 1.438062412639011, "state1:reg_min": 0.8377636551849376, "state1:res_gcv": 1.395945409404949, "state1:reg_gcv": 0.8501281233786744, "state2:residual": [0.11433550205949182, 0.13184875244767738, 0.1515914887935886, 0.173711835836642, 0.19832940352758938, 0.22552458504543416, 0.25532800353981716, 0.2877111697714559, 0.3225795437016356, 0.359769150862298, 0.39904764690247485, 0.4401202571344521, 0.4826404090238155, 0.5262242432613484, 0.5704676723124282, 0.6149643684336699, 0.6593230573465526, 0.7031827436840207, 0.7462249145741264, 0.7881822494098295, 0.8288438118922848, 0.8680570558309095, 0.9057272191376405, 0.9418148205140918, 0.9763320358401193, 1.009338745879748, 1.0409390393267106, 1.0712789416118154, 1.1005461245601542, 1.1289723290769957, 1.1568391919704157, 1.1844880986575803, 1.2123345760875128, 1.240887577086415, 1.27077374881266, 1.3027663504579488, 1.3378177837848138, 1.3770936202413289, 1.4220045210978367, 1.4742307154524017, 1.5357322037383652, 1.608737416061397, 1.6957046343660749, 1.7992546407296708, 1.9220792522275791, 2.066836751505195, 2.2360491373130214, 2.432015824084169, 2.6567541852156724, 2.9119713352630785, 3.1990663972067503, 3.519159732938573, 3.873145196184859, 4.26176237278451, 4.685686849954032, 5.14563704738452, 5.642495752983816, 6.177443187486038, 6.752096124147415, 7.368644148327922, 8.02996943294548, 8.739730777018586, 9.502387450222724, 10.323136184634562, 11.207738780451761, 12.162230948836866, 13.192525415712387, 14.303950247556875, 15.50078928878325, 16.785906230069006, 18.16052960717672, 19.624250451772408, 21.175241422737255, 22.8106557516051, 24.52711887750701, 26.321197398389575, 28.189727515645163, 30.129911276333324, 32.13913949778353, 34.21456460863709, 36.35250949150342, 38.54784346569139, 40.79347103650464, 43.0800580503503, 45.39606862182121, 47.728118815223226, 50.06158799934847, 52.3813825578426, 54.67272845664844, 56.92187916995859, 59.11665628072421, 61.24678073299009, 63.30399268273965, 65.28198966259004, 67.17623262248829, 68.98367677212224, 70.70248064769318, 72.33173534058174, 73.87124023261786, 75.32133593258622],