{"state1:residual": [1.55463358698087, 1.8600266583887388, 2.2277312467822714, 2.662757290613465, 3.1701749335672527, 3.7761690434572297, 4.445359721275926, 5.152290576563814, 5.912158008490974, 6.794993574541969, 7.710638041323957, 8.549308789577648, 9.181485887111462, 9.73117091929527, 10.338457792643343, 10.868297266625609, 11.406892940258643, 11.89302266217538, 12.21799930446771, 12.43755183219984, 12.625181144527442, 12.823201422324459, 13.008711561245073, 13.159603946471917, 13.348711871721768, 13.522459536180156, 13.633229915700243, 13.738178454121341, 13.873670622939033, 13.985372506284598, 14.100430521201273, 14.216885618794837, 14.327500485213731, 14.461173674673057, 14.578331938305666, 14.690942724906433, 14.745617273910769, 14.820333956942484, 14.861929578398453, 14.916499317452098, 14.98126193663622, 15.024553500155111, 15.089009166045933, 15.143140363247982, 15.200974521900013, 15.25436787177461, 15.301536725262377, 15.358056740022182, 15.404312029312232, 15.447861498018918, 15.514957772125372, 15.588237269331911, 15.67154373640208, 15.781805587132274, 15.929594255248496, 16.065243341840286, 16.147551581943603, 16.219720387841146, 16.323716258251565, 16.489977905764164, 16.664674902351845, 16.919031739259278, 17.2855013878791, 17.66640895289631, 17.956297760100778, 18.361059445802887, 18.871145708026337, 19.4342784791639, 20.082231585975407, 20.47572971243443, 20.910632036425334, 21.384424317317134, 21.85677726080101, 22.41177429903844, 22.878285778521338, 23.408792692118276, 24.1754045850241, 25.228269061541393, 26.595094113650205, 28.46064800886742, 30.907987270561232, 34.052037788036564, 38.19754374726714, 42.074791032910134, 43.99038739516708, 44.97578510177615, 45.384292955918156, 45.838753933248505, 46.22893977947143, 46.75884111285409, 47.5143285704571, 48.29935064761577, 49.451684666093364, 50.78082079293569, 52.61299033415024, 54.99371393516522, 58.06309172923096, 60.742230472481076, 61.47243706642302, 62.368519465715146], "state1:regularizer": [1287.9594064684873, 1240.6417143147605, 1184.0246306404028, 1117.4922382098543, 1040.6091027292257, 949.8881900171989, 851.2025295087178, 750.1527459170471, 646.2457328236167, 531.3194876440792, 417.76157363814457, 320.8916364754912, 254.67706707428295, 203.92675420185208, 154.4365310916852, 116.62005736097629, 82.98255896764148, 56.61060495017006, 41.34189570658558, 32.691213908989845, 26.378478381734688, 20.84864006936381, 16.43153014683132, 13.442009541597912, 10.25819110390133, 7.793395728836396, 6.4786638537734875, 5.437467171599851, 4.307362022180261, 3.5303197092997562, 2.8631629687820865, 2.2911842960704125, 1.8409216903679544, 1.3868135766688077, 1.0492774329804413, 0.7779947226589621, 0.6684346510975956, 0.5436591937475257, 0.4856468160434202, 0.423786707504217, 0.3613357841367215, 0.3267400527068346, 0.2839817944187141, 0.2538849310064012, 0.22705084778506035, 0.2063809834349733, 0.1910106780880244, 0.1760125174182886, 0.1656705845655554, 0.15756936931237397, 0.147336986378943, 0.13777315563763304, 0.12896421401872737, 0.11889918902044061, 0.10791333422134464, 0.0992904468363075, 0.09494215873559397, 0.091757543159524, 0.08797858919995483, 0.08288499585582676, 0.07845734496165624, 0.07289832002362784, 0.06621031832950786, 0.06030160159615183, 0.05646833594683309, 0.051904589081837815, 0.04711157944208344, 0.04259858753875423, 0.03808675202864831, 0.035692686521456185, 0.03347612638186648, 0.031484748389839945, 0.029791150523050258, 0.028075965878297304, 0.026854898300376684, 0.025689028671257552, 0.024248572813167057, 0.02253849825216747, 0.02061371972826398, 0.018294981399604726, 0.015568520290015209, 0.012388868910375939, 0.008522454134299418, 0.005121294623529948, 0.003624456806861742, 0.0029763571264979083, 0.0027413867421436366, 0.0025315118135568193, 0.0023814138118934958, 0.0022072111578864684, 0.0020012084247384987, 0.0018194763389500768, 0.0015937492588379287, 0.001371345424124093, 0.0011082405423491481, 0.0008132312919743034, 0.0004817628258300122, 0.0002222421643703898, 0.00016363143852904383, 0.00010288639414635092], "state1:res_corner": 16.198196852736, "state1:reg_corner": 0.09264571236836339, "state1:res_min": 15.301536725262377, "state1:reg_min": 0.1910106780880244, "state1:res_gcv": 16.919031739259278, "state1:reg_gcv": 0.07289832002362784, "state1:lambda_lc": 381.14255284706394, "state1:gcv_lc": 2.1298927259091642, "state2:residual": [1.7684035867574937, 2.1187858462509697, 2.519205799502803, 2.9704316266037134, 3.4745064182113787, 4.045394123766808, 4.620480069672375, 5.268119173316328, 6.006587277995103, 6.665646967939202, 7.234501598858628, 7.727144840365294, 8.154249438640457, 8.654931082926435, 9.163996894983848, 9.65871872235986, 10.022606362453942, 10.360352035090019, 10.71727439584581, 11.121540385140436, 11.53978645077833, 11.97321469806847, 12.210647302381306, 12.421361806028502, 12.624066576557697, 12.862483373325988, 13.105350604773072, 13.31291576911467, 13.520459060473929, 13.650197663790761, 13.767077698293171, 13.851370467843319, 13.920490152159612, 13.988856128331209, 14.02882274943993, 14.065396671025661, 14.104779397092132, 14.150165694062888, 14.204123480381332, 14.2858602899438, 14.366147639615583, 14.427394835333754, 14.529172353514976, 14.574707240317322, 14.60909679458843, 14.651836566464034, 14.704396182218186, 14.739198583390325, 14.799980704101742, 14.853057853512155, 14.913619054091415, 14.995469526678756, 15.116257074869376, 15.243975022943951, 15.381566553138759, 15.595302385572767, 15.83378454091733, 16.203139073466776, 16.587377741908057, 17.1343211715618, 17.793819011093017, 18.578391830102902, 19.720462467198118, 20.8896659200245, 22.256919957484342, 23.554555010080037, 25.032179970299048, 26.41197080418961, 27.8025304323415, 28.440596560642543, 29.1822336162329, 30.02877864023408, 31.012710800141143, 31.683191454406174, 32.619728548893356, 33.73103557369552, 35.00632664073554, 36.11905232647546, 37.35859410424118, 38.66374258646142, 40.69934060969967, 43.1634554081114, 46.4937296193154, 50.75182225738398, 55.602757489658025, 59.251173040612485, 63.78440078453474, 67.37209554634511, 68.30102152703616, 69.2970825867174, 70.33792501581586, 71.63611949840492, 73.01470446800046, 74.70973702849595, 76.57811756003076, 78.92611983201569, 81.45170087415333, 84.49380723663145, 86.1943546182207, 86.78508023727986],