{"state1:residual": [0.0005052522907422105, 0.001530692141508624, 0.001797886929029908, 0.0021110151388129424, 0.002477705372777661, 0.002906752178546216, 0.003408255985405037, 0.003993764794936157, 0.005889624077088911, 0.006891404972849116, 0.008055633959860047, 0.009406009653387625, 0.010968411316117721, 0.012770793174659645, 0.014842678669896898, 0.018648355694156512, 0.021624015081631316, 0.024993775697393236, 0.02878118153937863, 0.03300232680015197, 0.03766415603711054, 0.04273978533083688, 0.05002576834319061, 0.055816659321833634, 0.0616030188973105, 0.06713442235321342, 0.07236657777381321, 0.07728016897809736, 0.0816615940508274, 0.08619129152287253, 0.09116528914315865, 0.095193220276565, 0.0989483624510488, 0.10282989882165625, 0.10674447540815032, 0.10943360786014397, 0.11191179580317179, 0.11434147512197192, 0.11641028563088886, 0.11822472871282885, 0.11980020087620774, 0.1210379909746705, 0.12227886097025455, 0.12344607981622803, 0.12450139007455906, 0.1256268505860096, 0.12681896226879844, 0.12803316751907004, 0.1292402969612944, 0.13029519878442675, 0.1313796143263418, 0.13213540304550261, 0.1326634141186618, 0.13321771841033814, 0.1338427854823472, 0.13469027210778894, 0.13578813798550574, 0.13695026012644734, 0.13852348349377216, 0.14024629689627008, 0.142044541105929, 0.14415116865281755, 0.1465068870062555, 0.1495081517743041, 0.1530821656506136, 0.1560674324148832, 0.15876254731632095, 0.16161874081098523, 0.1647470959865371, 0.16786343196831963, 0.17153270495928, 0.17653158970244445, 0.183251712684033, 0.19197452634606785, 0.20309751672885623, 0.21176087870743276, 0.22403617378397997, 0.23957941158153567, 0.25448087414295906, 0.2659797597827507, 0.2814459940143908, 0.300051746235758, 0.32207826366852305, 0.35008903841115535, 0.38444773184762865, 0.42363234502547953, 0.46853155256771634, 0.5230906370419907, 0.5905255866987711, 0.6676135618838477, 0.7570027868758613, 0.8606732138212576, 0.9797430130683726, 1.1180346273310777, 1.23241524082291, 1.385963585005635, 1.5932150980153401, 1.8146140267227888, 1.996703714364395, 2.234759400848733], "state1:regularizer": [14.31223282485858, 14.131714136806295, 14.08616704351785, 14.032800546140972, 13.97032034973308, 13.897236206577627, 13.811839266235465, 13.712179634852717, 13.363203064889882, 13.189079067087881, 12.986974287670952, 12.752951325729558, 12.482795915889682, 12.172077004273437, 11.817339297212577, 11.149841570673251, 10.647652397152216, 10.087085135434833, 9.470466543487522, 8.797043805304297, 8.07331310215772, 7.306387376388168, 6.207780812823563, 5.397416512521342, 4.631456286139412, 3.944747783351306, 3.340280340062799, 2.819019419957913, 2.4066330366478375, 2.02072205186999, 1.6300741858396735, 1.3595752939512389, 1.1412757501048654, 0.9404811798286699, 0.7538386967898737, 0.6454165743933458, 0.5552610601519339, 0.4776578090791954, 0.42202767496226795, 0.37734620519089523, 0.34500153832823127, 0.3246637709837024, 0.30606547446111176, 0.2895437329010968, 0.2780906564618591, 0.267234625427279, 0.2575219145626952, 0.24911369336542089, 0.24111890577392633, 0.23579100135305744, 0.2311382438717115, 0.22848885481721293, 0.2263818302964613, 0.22500098662495274, 0.22350227779845028, 0.22200329730376528, 0.2202999336149383, 0.21844159451049883, 0.21657586220097425, 0.21478695245595628, 0.213153204966711, 0.21156113067967616, 0.209909697338999, 0.20823385045042134, 0.20646176639728522, 0.2051589936313826, 0.2040841669188658, 0.2031616713527767, 0.20228265814177296, 0.20152715784121342, 0.20073049209186852, 0.1998354510161013, 0.19876275300170296, 0.19753859224442613, 0.1961066618381759, 0.19513059826732845, 0.19392862302747668, 0.19250637409754776, 0.19126410761362264, 0.19042109036937735, 0.18941069303213573, 0.1883117808076271, 0.18712780322681408, 0.1857588745021239, 0.18418129798029978, 0.18250374794813537, 0.18070334135786, 0.17864359907668, 0.17620907038690123, 0.17353371725022845, 0.17055152812904992, 0.16720932017164844, 0.16350518756184979, 0.1593300977125191, 0.15604379928676754, 0.15189043311797973, 0.14645837960306668, 0.14076083645958487, 0.1363718229202504, 0.1309056126119059], "state1:res_corner": 0.1359636927125387, "state1:reg_corner": 0.2197690519712807, "state1:res_min": 0.13029519878442675, "state1:reg_min": 0.23579100135305744, "state1:res_gcv": 0.0, "state1:reg_gcv": 14.394965796377015, "state1:lambda_lc": 0.09439538413455309, "state1:gcv_lc": Infinity, "state2:residual": [0.0005242643696179962, 0.0006162839903042284, 0.0017395957994369108, 0.002041539083503135, 0.002394751466189578, 0.0028075143282411856, 0.0032892906538743273, 0.0038508362858485144, 0.004504299574945864, 0.006509296498847261, 0.007597222662159093, 0.008855556120043283, 0.010307016188298353, 0.011976324756149999, 0.013889005927498211, 0.01607222470202736, 0.02001029909871292, 0.023091100049651606, 0.02657926249590266, 0.03048218566361582, 0.034752848932192805, 0.039315511127223146, 0.045289700286182163, 0.05035338142306973, 0.05547192557501582, 0.060803860190334985, 0.06577328052337977, 0.07061881849897372, 0.07471172888097623, 0.07912322211070824, 0.08253865529287228, 0.08614636958690292, 0.08967886212824965, 0.09360433159794986, 0.09744050217771948, 0.10082325427596858, 0.10260910042338887, 0.10424160588794863, 0.10559228661661574, 0.1070799104395617, 0.10843140584844192, 0.10988047527893295, 0.11127615720908082, 0.112539054677257, 0.11385559879664182, 0.1153029810168155, 0.1167057938763403, 0.11771295464702365, 0.11880764239765836, 0.11993574031502169, 0.1211317330330846, 0.12248455689519508, 0.12452535284443399, 0.12698805268029192, 0.1291706034060762, 0.13130487633141227, 0.13378688166330394, 0.13678219063481722, 0.14057974516452187, 0.1454287971222724, 0.15148072162116252, 0.1584109409799234, 0.16618303033620832, 0.17518783532503776, 0.18356553345939763, 0.19609609646529758, 0.20839486327761897, 0.21700942125260436, 0.22541385470558875, 0.2373948141613449, 0.25357603387272004, 0.26931689284057225, 0.2864517543381195, 0.3097328929849508, 0.33846996825509673, 0.3708611560286881, 0.402095006456306, 0.44108812163108113, 0.4892781384731299, 0.5422093332351675, 0.6124144211444449, 0.6996159949456142, 0.8039363417429749, 0.9265778774932181, 1.0716677539008497, 1.1177152882079644, 1.1501852218027917, 1.18824395385881, 1.2386317795161779, 1.30480009190779, 1.3685583119934719, 1.451781766452989, 1.5570701810730823, 1.6761809129412242, 1.7917279717099213, 1.953293036388606, 2.1333261337480893, 2.336570806933392, 2.5447221269595373, 2.822322093391832],