{"state1:residual": [9.433577839835537e-05, 0.00011903634121663001, 0.00024366371721809037, 0.00030746258659141687, 0.00038796398539648453, 0.0004895394280163915, 0.0006177038620324801, 0.0008964021873177411, 0.0011310440542494351, 0.0014270769093150978, 0.0018005459007225456, 0.002271679699261198, 0.002865975373257533, 0.0037952831999269712, 0.004787698701409136, 0.006039153763980886, 0.007616997221206579, 0.009605933346119623, 0.012294559975048608, 0.015494301365622784, 0.019520107689419947, 0.024586441612300773, 0.030964601632023556, 0.038999230044816986, 0.04935755632862094, 0.06218551204105418, 0.07829609521667297, 0.098430443659767, 0.12344911268501467, 0.15434254062172598, 0.19167738503222934, 0.23660998128469846, 0.29147508209059714, 0.35914208727221864, 0.4378450244384251, 0.5295153936934088, 0.6341407963710727, 0.7520171989386145, 0.8673847828728534, 0.9803029677364826, 1.0678423826549528, 1.1179672756654868, 1.1728354674857127, 1.226409846506492, 1.265304181261714, 1.2934410110965968, 1.3157017810564078, 1.3395247141758322, 1.3600075883074327, 1.3753919094849898, 1.3951475036928032, 1.4074413715667113, 1.419075268715765, 1.4310354598731758, 1.4419467859165984, 1.4535414251468721, 1.4665637345832652, 1.4753134907181236, 1.4874422720783393, 1.503932552391113, 1.5179702671828277, 1.52274356187278, 1.5252405477961808, 1.5287784974677492, 1.5319948632904337, 1.5371521088544446, 1.544095336641639, 1.5518905544839445, 1.5596391051939686, 1.5729556167911123, 1.5933215263847909, 1.617538870901971, 1.65094822607472, 1.7083756796428218, 1.7951205334912805, 1.9157223067936642, 2.052525098370018, 2.2064965040424034, 2.471134385396326, 2.6988979114430114, 3.0494259380982998, 3.3961949274328873, 3.923081632544395, 4.246872903976192, 4.519629766456678, 4.9205427110709055, 5.355574897658887, 5.82982560129501, 6.6020766514514975, 7.482974893158064, 8.429255552216711, 9.255405322043304, 10.191998744599637, 11.475527638580152, 12.789534997700166, 13.4075775785748, 14.201441371121073, 15.079023270520574, 16.02015339876021, 16.84571987216653], "state1:regularizer": [180.2343782215412, 180.23005120010976, 180.20651063221354, 180.1948872445302, 180.18022097395146, 180.16171548331963, 180.1383661831402, 180.08354242577025, 180.03973624246322, 179.98447011737122, 179.91474970175162, 179.82680041078385, 179.7158653919219, 179.53698103386154, 179.35034047299303, 179.1150092765837, 178.8183455200486, 178.4444616602305, 177.93670691670653, 177.33500020403284, 176.57869309454793, 175.6315414085846, 174.44246364750003, 172.94565427193822, 171.01432988195978, 168.6273805123293, 165.6336137503638, 161.90017879533366, 157.282127410427, 151.6215216452087, 144.88836952125138, 136.932912432385, 127.44686857444836, 116.01926493942271, 103.11355222647157, 88.66420346432744, 72.88166311317327, 56.1196178410906, 40.848981341639394, 27.387075427920166, 18.101070385221043, 13.627985220121806, 9.587550191212397, 6.303176274747416, 4.315008629231776, 3.1636279112372145, 2.419352685451097, 1.7890711914687039, 1.3463178468922075, 1.0804759523286873, 0.806844801504284, 0.6688364958423534, 0.5656822009319252, 0.48039021946271176, 0.41858878391228305, 0.3662910719555174, 0.31898159996273623, 0.2934253843848852, 0.2658270899679943, 0.23523562652410235, 0.2142759524049066, 0.2085168333236963, 0.2061276326656325, 0.20355015940635796, 0.2016555246669559, 0.19924781078646248, 0.19666955645581063, 0.19436159316179036, 0.19252764340558137, 0.19003530160005466, 0.18697991302048833, 0.18401474932999717, 0.18077430946738754, 0.17622659514784383, 0.1705443975379039, 0.16389710180390643, 0.1574311284433106, 0.15135948916841452, 0.1422024826971891, 0.13530683813192163, 0.1259420763060224, 0.11769940591530743, 0.10639832702791092, 0.10012153485169428, 0.09577404306720966, 0.0902295985463526, 0.08509741917756358, 0.08024520754270581, 0.07336820891685514, 0.06625952917594558, 0.05939037745339737, 0.054191315789336336, 0.04897016331920512, 0.04264815729420812, 0.036883661172847304, 0.034532974119796334, 0.03201381641632578, 0.029703212613926777, 0.0275976814100604, 0.0260867113371082], "state1:res_corner": 1.5572638371127834, "state1:reg_corner": 0.1930402151812063, "state1:res_min": 1.5371521088544446, "state1:reg_min": 0.19924781078646248, "state1:res_gcv": 0.0, "state1:reg_gcv": 180.2509039911884, "state1:lambda_lc": 6.9370305048029, "state1:gcv_lc": 1.0131202561470882, "state2:residual": [7.50472697281379e-05, 0.00013547961228564193, 0.0001709516644085871, 0.00031364401068786706, 0.0003957574100536518, 0.0004993630308943067, 0.0006300828884767402, 0.0007950078354231755, 0.0011359312604577274, 0.0014331883352623693, 0.0018081695755390904, 0.0022811599576323636, 0.0028777164692982845, 0.0036300253442365918, 0.004716239379998153, 0.005948719922472612, 0.007502561386825679, 0.00946118773358584, 0.011929503256332177, 0.015039328029694621, 0.01916565993701342, 0.024156923753863885, 0.030442040130045343, 0.03835497394961618, 0.04831162048839805, 0.061098891863757096, 0.07691017997286458, 0.09648159326885358, 0.12044658590579144, 0.1505243558595255, 0.18846486776036595, 0.23307605390039227, 0.2871754442641342, 0.34634497551961413, 0.4103812107275182, 0.4871699651643131, 0.5661830789127679, 0.6544919461340888, 0.740843510594295, 0.8208650366477401, 0.8996620313016086, 0.9916510314120324, 1.0594572844716053, 1.1128765601276536, 1.1431753038246382, 1.1689179964608791, 1.194566762148187, 1.2233066931369345, 1.2559651098211746, 1.2813500984291517, 1.3021869433869917, 1.326588451162929, 1.3550447043747365, 1.3838995039025974, 1.4006051823099839, 1.4133432774368822, 1.4230911620781144, 1.4339225355480523, 1.4486088898722493, 1.4642392077283732, 1.4772574125074946, 1.487703299281095, 1.502343309389059, 1.5161164702694832, 1.53149211168445, 1.557656838206806, 1.597370840338185, 1.6582640429950535, 1.7440734124793864, 1.7875394446934285, 1.8504743999892426, 1.9153458683403564, 1.9968228959086876, 2.063915988546385, 2.1558382258027717, 2.280866478216607, 2.4026535812980563, 2.6057570170121616, 2.813733674213205, 3.137261638027778, 3.48231349585389, 3.9643935754591375, 4.509056169662737, 5.286347232760502, 5.950484685936498, 6.864441855737478, 7.910702600501285, 9.417544798122965, 10.976427180371678, 12.893469291781749, 15.369789036763674, 17.54293414912019, 19.76532512511491, 22.370308624062638, 23.98560981783306, 24.801905195848462, 25.83349786667136, 26.75434268375916, 27.99163769468634, 29.21751573247028],