{"state1:residual": [0.0038111128280483883, 0.0041406992018265774, 0.004481012650553334, 0.004830136232825096, 0.005186034557981702, 0.007663069025599191, 0.007952247538260168, 0.008232941700235464, 0.008504270059732293, 0.008766327338024094, 0.008959000588916919, 0.00913320976831684, 0.009306355128618113, 0.009474491495223806, 0.009634244245132527, 0.009991103315597308, 0.010123979489382021, 0.010260221212197128, 0.010540131612019332, 0.01068154364781604, 0.010831068192532982, 0.010990954279314458, 0.011261490402525595, 0.011456854122345218, 0.011676189088794059, 0.011921720792517673, 0.012186870485182246, 0.012588402863589152, 0.012941851992220555, 0.013340485323806654, 0.013791335328737116, 0.014438120686523918, 0.015058195565690649, 0.015784538418391603, 0.01681376843795686, 0.017846279356512965, 0.01902529954477689, 0.020366778005514185, 0.0221507253380488, 0.023885494678280467, 0.025506463828207177, 0.02663214798710633, 0.027797306575662407, 0.028688769852018, 0.029842574687486658, 0.03134699135561437, 0.03286385056069264, 0.034535569179057375, 0.036327164235804406, 0.03857361879866237, 0.040809713740880764, 0.043376280532812436, 0.04654730166234282, 0.050153941004352, 0.05449603999750958, 0.05824743034144681, 0.06253914222214554, 0.0679923630753995, 0.07437759631453603, 0.08051401826667227, 0.08488077960144891, 0.08771015518181732, 0.09087817924660062, 0.09492567323900804, 0.09966782727906506, 0.10554305673706088, 0.11241970889275496, 0.1206915956537291, 0.1303201683611047, 0.14076780348824533, 0.15164232541930991, 0.16318169846205974, 0.17631604930854775, 0.19313402831013274, 0.21166031484752373, 0.22616232383948517, 0.2395205381223953, 0.2553025112210748, 0.27315866884091006, 0.29242630482078136, 0.3176636902421598, 0.3471456517462311, 0.38042009162770263, 0.41588949409608905, 0.45735551936257113, 0.5071306329946287, 0.5671610599014733, 0.6322900599468629, 0.7045512832735469, 0.7898792830450212, 0.8825203086493838, 0.9919189486750807, 1.1098774587444986, 1.201574215648302, 1.3248520148472103, 1.492877501146364, 1.6932738408374233, 1.850434494369582, 2.0322122907121187, 2.2301520724491626], "state1:regularizer": [0.88121175948625, 0.838587605524755, 0.795149188763977, 0.7518530552557949, 0.7095747811192786, 0.4296019248312321, 0.40620763861776643, 0.38509842843018616, 0.3661368269513312, 0.3494656831243782, 0.33816749436924287, 0.3286010993831657, 0.31979587493743356, 0.3123072395774359, 0.30614165921431236, 0.28589787694119234, 0.28280397419093534, 0.27981857035703245, 0.2685292604604087, 0.2665751205521961, 0.2648108370520105, 0.26308855394784525, 0.25739645431226355, 0.255974856112416, 0.2545084675524971, 0.25310133977981325, 0.2520054475369775, 0.24903680115668986, 0.24796826207001207, 0.2468965002109142, 0.2458169115027327, 0.24328094243183096, 0.24208082794770414, 0.24078973614860233, 0.23829286062422875, 0.2367507970545233, 0.2351170790762219, 0.23338467474198704, 0.2306417646427242, 0.228688886457699, 0.22694267789646239, 0.2257779811491617, 0.22427372356121344, 0.22372423366725563, 0.22270134065357539, 0.22143030240306014, 0.22053795675898102, 0.2196360502527178, 0.2187510212705847, 0.21753882887332465, 0.21662393216397843, 0.21565833679813134, 0.21447507419760012, 0.2133028112845617, 0.211862014879459, 0.21077726066143146, 0.20964921537513312, 0.20830145083114132, 0.206721581243492, 0.20535387609224942, 0.20442585847777706, 0.203878929711238, 0.2033391275258058, 0.20266993443876452, 0.20201482940055165, 0.20126429187852518, 0.20045537877714248, 0.199523498099055, 0.19852513698182805, 0.19753769075750405, 0.19653065552571147, 0.1955694149912628, 0.1945444652274828, 0.19329271853653152, 0.19195270303667722, 0.19098582827002097, 0.190153455546462, 0.18924716767693572, 0.18829632243911387, 0.1873520908619466, 0.18618471732854824, 0.18488815972596517, 0.18349632764050083, 0.1820851208565648, 0.18050859858527257, 0.17869719291270003, 0.17658162558128987, 0.17435011066596917, 0.17194800584575812, 0.16919230289879908, 0.16628312939828063, 0.16293214923679902, 0.1594018610850292, 0.156781984261144, 0.15344383281325394, 0.14901081310897293, 0.1438209794898078, 0.13984207630393886, 0.1355233366875901, 0.13099809664414347], "state1:res_corner": 0.01121470318142926, "state1:reg_corner": 0.25775786102708376, "state1:res_min": 0.011676189088794059, "state1:reg_min": 0.2545084675524971, "state1:res_gcv": 0.0, "state1:reg_gcv": 1.4295911540000517, "state1:lambda_lc": 0.0020787488324368088, "state1:gcv_lc": Infinity, "state2:residual": [0.0031471457814201955, 0.003382717116774738, 0.0036220544928207924, 0.0038639754588292905, 0.005830607523530189, 0.006082811197436558, 0.006330146511110098, 0.006572872871598678, 0.006811266741800324, 0.007044815174740433, 0.007270983148893999, 0.007479802311952145, 0.008476160991688362, 0.008675983236890235, 0.008896388645543393, 0.009143885743208905, 0.009354191184662857, 0.009574137811181457, 0.009802383751277835, 0.010044843240820802, 0.01030039877806512, 0.010780977560822918, 0.011144063058539405, 0.011544380506883372, 0.012174292494745328, 0.01268973708172083, 0.013501013644570337, 0.014101936003771786, 0.014745959250685779, 0.015453488164802227, 0.016475383286834205, 0.017410342860179468, 0.018573074784313307, 0.01983228206653811, 0.021386929678119067, 0.022946457900220315, 0.02480487212264783, 0.026474025331722134, 0.028354308490571845, 0.03051612980226644, 0.03323616846796414, 0.036059334099004886, 0.03925182163332135, 0.04293542156587687, 0.046840107691369905, 0.05119659806855358, 0.05555974628538117, 0.05927891901148254, 0.06295992057141203, 0.06718949296371172, 0.0717314158533934, 0.07723845239299391, 0.08393185324172857, 0.09030360693634674, 0.096794964427979, 0.10541689966869354, 0.11536127839945001, 0.12612667726210253, 0.13771791738308256, 0.1512693717342038, 0.1619389767020172, 0.169915452237957, 0.17932774209790442, 0.1896638174286488, 0.2021159861589382, 0.21674227246178923, 0.2296590387562067, 0.24515698996323884, 0.26529226459805116, 0.28833171367244786, 0.31378869691680256, 0.34397694483059826, 0.37325643147992305, 0.4066175562579684, 0.44728756554998894, 0.49362884278689434, 0.5418956317040402, 0.6085783960794791, 0.6857101050287564, 0.7757958473951523, 0.8794375781487995, 0.9979034032140208, 1.0963645217928306, 1.125834741114138, 1.1538104769541935, 1.189372264944766, 1.2305936639975394, 1.2864661426899062, 1.3370976960931316, 1.3972223308971565, 1.4763600187793764, 1.5683224058845495, 1.673440409757279, 1.7675953438533267, 1.8985645575384764, 2.0437952874736025, 2.2090530958206047, 2.391302588426896, 2.574029600717966, 2.8204520156567825],