{"state1:residual": [14.541619028006997, 14.560338747307862, 14.580670161965235, 14.603194964239032, 14.6333348080878, 14.650298006623212, 14.659611077829975, 14.667893923254677, 14.67805867008546, 14.684761081461044, 14.696941539632455, 14.706829437649782, 14.718712981858983, 14.727370425751241, 14.73869945620613, 14.75040878390551, 14.763766020157783, 14.778777018290544, 14.786407154633423, 14.794352539616781, 14.79822197179959, 14.799449683279622, 14.803430685059219, 14.804883909300749, 14.809526381953956, 14.811041017163127, 14.813939481797746, 14.816975278841552, 14.818707471555044, 14.82296355011041, 14.826158480823215, 14.830102532959636, 14.833999825255423, 14.839510381191808, 14.84463713333152, 14.851249805076, 14.858830005123972, 14.866942178816526, 14.876067533209797, 14.887599945215586, 14.901352344385156, 14.917087390652261, 14.935387144788239, 14.957381505818848, 14.96498895838691, 14.971312329589576, 14.978405379337824, 14.985793564957632, 14.993331889522253, 15.002312625870474, 15.012131764356226, 15.021266205595293, 15.03344225475065, 15.043201016799518, 15.054972484773451, 15.064740023652147, 15.073024727824263, 15.080351623864061, 15.087900283747501, 15.098357584980107, 15.107769329943439, 15.116000528268069, 15.124552133244817, 15.13653356981398, 15.146120623610395, 15.158055734583257, 15.168533994935439, 15.183715078176526, 15.196187578820728, 15.211965819631956, 15.226141850000936, 15.238313339139868, 15.25036233211716, 15.26196266947824, 15.27508101067576, 15.288689074503136, 15.303893426518616, 15.321133265783176, 15.3302354758225, 15.330235802869908, 15.330235910513366, 15.330235962065066, 15.330235987582125, 15.330236009117808, 15.33023602736156, 15.330236038549478, 15.330236045434871, 15.33023605055277, 15.330236053778377, 15.330236057465651, 15.33023606156506, 15.3302360637415, 15.330236065825469, 15.330236066912596, 15.330236068218857, 15.330236069391816, 15.330236070079836, 15.330236070699796, 15.330236071393175, 15.330236071954829], "state1:regularizer": [0.021196888302638828, 0.018606425574653696, 0.016031710564842094, 0.013429486986608952, 0.010243771566542215, 0.0085992777889293, 0.007779789660667585, 0.007116244277729361, 0.0063747778091290674, 0.005928020757118485, 0.00519082475497476, 0.004641498169210417, 0.004036520087541379, 0.003640435461593733, 0.00316432396677932, 0.0027141340859712926, 0.002248469739795339, 0.0017690713752739062, 0.001546757941242899, 0.0013363768904851858, 0.0012426451012700623, 0.0012154837147653474, 0.0011352791077780255, 0.0011088494002154115, 0.0010302252439390591, 0.0010072110430607017, 0.0009676153483061667, 0.0009285671048101796, 0.0009087049662376556, 0.0008644246475328077, 0.00083394391351857, 0.0007996337898424632, 0.0007688797575734208, 0.0007287510123472896, 0.0006951345608631476, 0.0006554650280506114, 0.0006141395051504628, 0.000573711964905993, 0.0005322919535113713, 0.00048454653269408565, 0.0004326516173551176, 0.0003784551873313724, 0.00032101295572206645, 0.0002580435150681959, 0.00023791612946383323, 0.00022286083748951357, 0.00020752820281783046, 0.00019283693787758294, 0.00017922145257570632, 0.00016448258757778556, 0.00014968291308053994, 0.00013718141247698323, 0.00012197625983167981, 0.0001108614767232341, 9.864270933002128e-05, 8.940695946946242e-05, 8.210995168481117e-05, 7.626305520744281e-05, 7.076010194737026e-05, 6.389480781018864e-05, 5.832497321719976e-05, 5.388803158831723e-05, 4.9646592029800596e-05, 4.425419968148714e-05, 4.032240865717296e-05, 3.5868247965892275e-05, 3.227758282056681e-05, 2.754535491458765e-05, 2.3995639518686884e-05, 1.9898445935750964e-05, 1.6552063316632726e-05, 1.3925319645613499e-05, 1.1561158654138648e-05, 9.477990508585665e-06, 7.334355269797421e-06, 5.314592799801621e-06, 3.235151626687638e-06, 1.1112512645766737e-06, 6.551327634551907e-08, 6.130702000228805e-08, 7.4983582384891e-08, 5.939358201090261e-08, 7.293884450587651e-08, 6.41070985324399e-08, 5.532783810269226e-08, 4.958380815656138e-08, 7.429227687205664e-08, 6.670367551364631e-08, 7.370594858058244e-08, 5.1198449965705883e-08, 4.935117813020806e-08, 6.49978808414664e-08, 7.0027207713097e-08, 5.285976019397953e-08, 7.285498111742061e-08, 7.104279435565797e-08, 5.4289636911009076e-08, 6.968727349343506e-08, 6.290854411006297e-08, 6.199838363529775e-08], "state1:res_corner": 14.817408501148224, "state1:reg_corner": 0.0009233714896436374, "state1:res_min": 15.26196266947824, "state1:reg_min": 9.477990508585665e-06, "state1:res_gcv": 15.080351623864061, "state1:reg_gcv": 7.626305520744281e-05, "state1:lambda_lc": 1264.0, "state1:gcv_lc": 1.154593371242542, "state2:residual": [14.052024483346187, 14.055634837175823, 14.05864850866764, 14.060658872215651, 14.064689068099636, 14.068382563187953, 14.072298916084845, 14.075862164391479, 14.080974772444288, 14.084900552843013, 14.091049755931248, 14.095250865400475, 14.099743804091613, 14.10414433263769, 14.107450780729266, 14.112717146648482, 14.117617132960422, 14.12298915584416, 14.128632775152763, 14.13486100662409, 14.142324504690704, 14.150773868175259, 14.161048298739683, 14.172840178331722, 14.1863579311904, 14.202566212280285, 14.220064352210935, 14.241581774148283, 14.262814600917746, 14.271679013127414, 14.281857468956657, 14.29370231734205, 14.307533811495608, 14.319234655004987, 14.321124183486353, 14.322191632918878, 14.323229006356053, 14.324067567725933, 14.32545458338678, 14.326883380662704, 14.327921752088878, 14.329116927549684, 14.330059410898139, 14.330098362085613, 14.330142107516851, 14.330191504368806, 14.330250405460765, 14.330322823743902, 14.330409558793718, 14.330509723090511, 14.33062083802257, 14.330751453473306, 14.33090804332303, 14.331095674173671, 14.331321536275722, 14.331601975866082, 14.331958176945164, 14.33239772544756, 14.33292839380095, 14.333553818692035, 14.334239967582052, 14.335064079703548, 14.336056563019842, 14.337252180365205, 14.338782207551949, 14.340660139879155, 14.342795594243535, 14.345294462627972, 14.348303679343438, 14.351927481150545, 14.356396636698198, 14.361892135658286, 14.368185598282682, 14.375762397451247, 14.38488338316829, 14.395861972250568, 14.409367841136781, 14.42524846978224, 14.444298138755093, 14.467210225832792, 14.494759811854852, 14.52787409474081, 14.567775088884341, 14.615417020212869, 14.67259626953454, 14.684662202114872, 14.684662741396961, 14.684662915481411, 14.684663048279637, 14.68466311324909, 14.684663161508857, 14.684663180579276, 14.684663205920447, 14.684663229232283, 14.684663247149748, 14.684663259219336, 14.684663266954818, 14.684663274049234, 14.684663279586337, 14.684663282516441],