{"state1:residual": [0.001974635029473404, 0.005469196292764586, 0.005946485286184745, 0.006438175343967591, 0.006943891419953361, 0.007458461675639672, 0.00792204815364026, 0.008385879935461464, 0.008793215366938953, 0.009144046016717563, 0.009464216868916438, 0.009749460852734626, 0.010025884876040803, 0.010303472541253666, 0.010585490387123428, 0.012335540582526288, 0.012528396036581626, 0.011450142499877147, 0.011677276625349873, 0.011899216674168267, 0.012118260454756877, 0.012301272132081275, 0.012471669938022734, 0.012600805013941516, 0.012710554635969838, 0.012812122979919023, 0.01348714787244166, 0.013535417673818315, 0.013575909201860012, 0.013615915776536723, 0.013655081783144035, 0.013693046771254595, 0.013734541228098614, 0.013777537616666636, 0.013821856785045238, 0.013872009168238445, 0.01392936088000163, 0.013990583368411543, 0.01405321044456022, 0.014122141680545305, 0.014192537131304044, 0.01426115362858529, 0.014314400042618544, 0.014358751193404209, 0.0144009180309436, 0.014441085779778658, 0.014479210864470245, 0.014513986482997475, 0.014547903107375285, 0.014580832588851731, 0.014611384380914824, 0.014634263359952961, 0.014653980712259436, 0.014671697382890822, 0.01468731365634286, 0.014700705401753895, 0.014712341199959613, 0.014723135667083517, 0.014733317941753551, 0.014743258460662967, 0.01486334613461903, 0.014879299721878587, 0.014895277494710606, 0.0149122904496223, 0.014930848397563735, 0.014984041447490626, 0.015017331658903477, 0.015057752367132483, 0.015220304089609215, 0.015307721028353193, 0.015408187205573399, 0.015529391386024658, 0.015900094828071944, 0.016087697721814346, 0.016301675320874266, 0.016549419953466354, 0.016998037485347246, 0.017321873936657215, 0.01772464630516358, 0.018235900781378007, 0.01891293685965889, 0.019743107396792848, 0.020816313385462127, 0.022163652889991073, 0.023925137650967352, 0.026135927567282946, 0.028841501570671942, 0.03208973375726434, 0.036228348818083275, 0.04110334407205332, 0.046704694603368534, 0.053821481506337296, 0.06157399451562404, 0.07135709970035518, 0.08213575210108935, 0.09424094433171659, 0.1011415908316502, 0.10518721245481925, 0.10954256415693561, 0.114893457470499], "state1:regularizer": [1.083764778076144, 0.6045959464784264, 0.5480247062609553, 0.4909104975787495, 0.43354735322264754, 0.3783723331826629, 0.3312898742031751, 0.287691967540911, 0.25227861837882504, 0.22246413754572447, 0.19633605753474245, 0.17472274071885047, 0.15532500244910535, 0.13735390169916398, 0.12019405934205923, 0.03185435419779295, 0.025565136840049785, 0.07219875483542379, 0.061078531669075634, 0.0508985553225126, 0.041729356097034945, 0.034600059682631384, 0.028565441314093235, 0.024408742369150912, 0.02106347405152936, 0.018132053870598824, 0.004519236273115799, 0.003973060328605513, 0.0035295204623005854, 0.003129565280723446, 0.0027758963448445938, 0.0024752002827650955, 0.0021934610943195355, 0.001946954494957815, 0.0017247971305162074, 0.0015043698920299562, 0.001292902676262921, 0.0011024584858471869, 0.0009410864602712125, 0.0007868078848202982, 0.0006500765113368039, 0.0005334819648684392, 0.00045172854460802814, 0.00038703893026637536, 0.0003295469781403994, 0.00027975629407867107, 0.00023880685467843246, 0.00020575213649843063, 0.000176402939696561, 0.00015051778102147424, 0.00012868954259244794, 0.00011331312135961884, 0.00010100813731953127, 9.131252847766665e-05, 8.389842068616364e-05, 7.832274822563469e-05, 7.412703800235496e-05, 7.075828371420206e-05, 6.816510695033164e-05, 6.617969685865366e-05, 5.3681364744681374e-05, 5.310971920236083e-05, 5.2675040400612834e-05, 5.230119702802783e-05, 5.195656848481101e-05, 4.885132589483188e-05, 4.8498221890428024e-05, 4.816685201821259e-05, 4.532634316660195e-05, 4.491202174767162e-05, 4.4554197139353054e-05, 4.41837481290246e-05, 4.1592668408437124e-05, 4.1195276326654214e-05, 4.081343508193381e-05, 4.044067734581148e-05, 3.853148779108407e-05, 3.822666524693364e-05, 3.792298465624556e-05, 3.7604598579631283e-05, 3.6345130126962284e-05, 3.599391914806561e-05, 3.5597299490185315e-05, 3.460464984742385e-05, 3.4089101922531347e-05, 3.352171214860301e-05, 3.2841143354259486e-05, 3.182333997131005e-05, 3.0999774522708426e-05, 2.9851788273716276e-05, 2.8492121693904707e-05, 2.7090674047916888e-05, 2.5355675649202727e-05, 2.364177805910285e-05, 2.1603956007957073e-05, 1.9323788523506816e-05, 1.804328159897041e-05, 1.7373304207734738e-05, 1.678885791707961e-05, 1.6101111277413635e-05], "state1:res_corner": 0.014958693886664043, "state1:reg_corner": 4.917533035428152e-05, "state1:res_min": 0.014930848397563735, "state1:reg_min": 5.195656848481101e-05, "state1:res_gcv": 0.0, "state1:reg_gcv": 1.3800333590853953, "state1:lambda_lc": 3.3855067368797704, "state1:gcv_lc": 0.00011213496040289653, "state2:residual": [0.005251464082916601, 0.005801436919590015, 0.006362970613743847, 0.006856533625241463, 0.007355303367491415, 0.007859513317651123, 0.008370612246483562, 0.008835800790823587, 0.009258193339220585, 0.009593967621660652, 0.009916183399652298, 0.010237620009736936, 0.010554399859807067, 0.010864788980231075, 0.011168149238180623, 0.011411079263300967, 0.011593028304355194, 0.011755818562395024, 0.011903415999934077, 0.012023794969193386, 0.012109448140536024, 0.012190688770528696, 0.012264255976594134, 0.012312002821699437, 0.012366285646627093, 0.012424318550732694, 0.012483183024643638, 0.012537219143578787, 0.01258848935592074, 0.013013225227008804, 0.01305309855732284, 0.013095636502392554, 0.013141301603545503, 0.013190751341492894, 0.013239974298132623, 0.01329107075084312, 0.013349079617420066, 0.013409907090301949, 0.013468169190822481, 0.013509359802036627, 0.013549892319069017, 0.013585232328268386, 0.013621255481236633, 0.013657543936231581, 0.013693936617431844, 0.013727726678120953, 0.013756061924628915, 0.013781148659260726, 0.013804733721661014, 0.013991171712617134, 0.014020200416750235, 0.014051418817756997, 0.014081770262038511, 0.014116380369414955, 0.014156988885329095, 0.014300734811627046, 0.014371080565300511, 0.014454442235308748, 0.01470169532342057, 0.014840179373935797, 0.015005358273643523, 0.015204347018625301, 0.015446330023588117, 0.015919250176333895, 0.016268591642598838, 0.01697873189448841, 0.01758562873971885, 0.01829639542428065, 0.019139088968751477, 0.020601979047647257, 0.02182708240977376, 0.02318877488096983, 0.025365703794324467, 0.027312077865847967, 0.029298553310756474, 0.03204822958459321, 0.034657423192976114, 0.03750608176940554, 0.040378864005945564, 0.044645082085194444, 0.0480409528788259, 0.0522367442628871, 0.05657771921320256, 0.06182038844989925, 0.06741960321836504, 0.07402818973651015, 0.08152461703826962, 0.08956926336513706, 0.09992833188074199, 0.110521955734251, 0.12049635812216075, 0.12502842845281026, 0.13040441015290766, 0.1376522954239344, 0.14616171505138165, 0.15755534126150403, 0.1717675429489672, 0.188082246011989, 0.2103257715645595, 0.23601697288687581],