{"state1:bandwidth": [0.03, 0.04, 0.05, 0.060000000000000005, 0.07, 0.08000000000000002, 0.09000000000000001, 0.1, 0.11000000000000001, 0.12000000000000002, 0.13, 0.14, 0.15000000000000002, 0.16000000000000003, 0.17, 0.18000000000000002, 0.19000000000000003, 0.20000000000000004, 0.21000000000000005, 0.22000000000000003, 0.23000000000000004, 0.24000000000000005, 0.25, 0.26, 0.27, 0.28, 0.29000000000000004, 0.30000000000000004, 0.31000000000000005, 0.32000000000000006, 0.33000000000000007, 0.3400000000000001, 0.3500000000000001, 0.3600000000000001, 0.3700000000000001, 0.3800000000000001, 0.3900000000000001, 0.4, 0.41000000000000003, 0.42000000000000004, 0.43000000000000005, 0.44000000000000006, 0.45000000000000007, 0.4600000000000001, 0.4700000000000001, 0.4800000000000001, 0.4900000000000001, 0.5000000000000001, 0.5100000000000001, 0.5200000000000001, 0.5300000000000001, 0.5400000000000001, 0.5500000000000002, 0.5600000000000002, 0.5700000000000002, 0.5800000000000002, 0.5900000000000001, 0.6000000000000001, 0.6100000000000001, 0.6200000000000001, 0.6300000000000001, 0.6400000000000001, 0.6500000000000001, 0.6600000000000001, 0.6700000000000002, 0.6800000000000002, 0.6900000000000002, 0.7000000000000002, 0.7100000000000002, 0.7200000000000002, 0.7300000000000002, 0.7400000000000002, 0.7500000000000002, 0.7600000000000001, 0.7700000000000001, 0.7800000000000001, 0.7900000000000001, 0.8000000000000002, 0.8100000000000002, 0.8200000000000002, 0.8300000000000002, 0.8400000000000002, 0.8500000000000002, 0.8600000000000002, 0.8700000000000002, 0.8800000000000002, 0.8900000000000002, 0.9000000000000002, 0.9100000000000001, 0.9200000000000002, 0.9300000000000002, 0.9400000000000002, 0.9500000000000002, 0.9600000000000002, 0.9700000000000002, 0.9800000000000002, 0.9900000000000002, 1.0000000000000002, 1.0100000000000002, 1.0200000000000002, 1.0300000000000002, 1.0400000000000003, 1.0500000000000003, 1.0600000000000003, 1.0700000000000003, 1.0800000000000003, 1.0900000000000003], "state1:gcv_func": [0.012137896641633469, 0.005949375269693032, 0.003953129128231765, 0.0030826219733477538, 0.002402484788118904, 0.001987411835667252, 0.0017422499852483, 0.001528712634269753, 0.0014143516833081773, 0.001244813412612334, 0.0011669798697227969, 0.0010707204877473916, 0.0009522380279601252, 0.0009124103457172269, 0.0008504546558689952, 0.0007982791707004188, 0.0007427480948729378, 0.0007055465291205054, 0.0006835858856208822, 0.0006531533959351817, 0.0006127884017319004, 0.0005784000268370046, 0.0005715759508829379, 0.0005464119487461948, 0.0005270560635395472, 0.0005058947815774025, 0.0004953342041548038, 0.00048528895788533996, 0.0004690986533363501, 0.0004567719543463648, 0.00044671330982465124, 0.0004388938871892939, 0.0004316652324096751, 0.000424337108749544, 0.0004219518799492721, 0.00042316922341570595, 0.000417277808892411, 0.0004171179619833225, 0.0004140465440479425, 0.00041907490638585994, 0.0004199137274796295, 0.000424084889746702, 0.0004292481880440912, 0.0004367204125430554, 0.00044568296192663164, 0.00045644615232286184, 0.0004693707533935106, 0.00048506453252351265, 0.0004997439591119403, 0.0005164626577110684, 0.000536102279748413, 0.0005589932104101826, 0.0005799960493159236, 0.0006023187263524092, 0.0006262165064430899, 0.0006512471121119425, 0.0006664759213778654, 0.0006930581335316624, 0.0007192757913926189, 0.0007481050237400246, 0.0007766607396709632, 0.0008087956040301383, 0.0008391210527579969, 0.0008721448410410857, 0.0009052959681239979, 0.0009369455701826328, 0.0009724059528761816, 0.0010074988881493916, 0.0010433087603050615, 0.0010788325940266736, 0.0011149793194412962, 0.0011540437146421115, 0.0011928221731636094, 0.0012196369704145793, 0.00126159134265345, 0.0013057878367223926, 0.0013539805335734069, 0.00140537803227532, 0.0014558235712780893, 0.0015119399734719392, 0.001571111799670567, 0.0016326963743013322, 0.001697174152474442, 0.0017664417981110572, 0.001840344095005001, 0.001919915357430247, 0.002005541270260535, 0.002096852255795597, 0.00217030335207631, 0.0022752802444918983, 0.002388606377203739, 0.0025088065384304514, 0.002638323992632375, 0.00277710949746635, 0.0029169340330290386, 0.0030688483999342098, 0.0032260368795680667, 0.0033896510457961304, 0.0035177863795737433, 0.0037403892362610214, 0.0038961753221285187, 0.004124708066709172, 0.004313581676769855, 0.004546927305644915, 0.004760656951764869, 0.005003903635556679, 0.0052428792026714246], "state1:min_error_h": 0.28, "state1:min_error_gcv": 0.0005058947815774025, "state1:min_gcv_h": 0.41000000000000003, "state1:min_gcv": 0.0004140465440479425, "state2:bandwidth": [0.03, 0.04, 0.05, 0.060000000000000005, 0.07, 0.08000000000000002, 0.09000000000000001, 0.1, 0.11000000000000001, 0.12000000000000002, 0.13, 0.14, 0.15000000000000002, 0.16000000000000003, 0.17, 0.18000000000000002, 0.19000000000000003, 0.20000000000000004, 0.21000000000000005, 0.22000000000000003, 0.23000000000000004, 0.24000000000000005, 0.25, 0.26, 0.27, 0.28, 0.29000000000000004, 0.30000000000000004, 0.31000000000000005, 0.32000000000000006, 0.33000000000000007, 0.3400000000000001, 0.3500000000000001, 0.3600000000000001, 0.3700000000000001, 0.3800000000000001, 0.3900000000000001, 0.4, 0.41000000000000003, 0.42000000000000004, 0.43000000000000005, 0.44000000000000006, 0.45000000000000007, 0.4600000000000001, 0.4700000000000001, 0.4800000000000001, 0.4900000000000001, 0.5000000000000001, 0.5100000000000001, 0.5200000000000001, 0.5300000000000001, 0.5400000000000001, 0.5500000000000002, 0.5600000000000002, 0.5700000000000002, 0.5800000000000002, 0.5900000000000001, 0.6000000000000001, 0.6100000000000001, 0.6200000000000001, 0.6300000000000001, 0.6400000000000001, 0.6500000000000001, 0.6600000000000001, 0.6700000000000002, 0.6800000000000002, 0.6900000000000002, 0.7000000000000002, 0.7100000000000002, 0.7200000000000002, 0.7300000000000002, 0.7400000000000002, 0.7500000000000002, 0.7600000000000001, 0.7700000000000001, 0.7800000000000001, 0.7900000000000001, 0.8000000000000002, 0.8100000000000002, 0.8200000000000002, 0.8300000000000002, 0.8400000000000002, 0.8500000000000002, 0.8600000000000002, 0.8700000000000002, 0.8800000000000002, 0.8900000000000002, 0.9000000000000002, 0.9100000000000001, 0.9200000000000002, 0.9300000000000002, 0.9400000000000002, 0.9500000000000002, 0.9600000000000002, 0.9700000000000002, 0.9800000000000002, 0.9900000000000002, 1.0000000000000002, 1.0100000000000002, 1.0200000000000002, 1.0300000000000002, 1.0400000000000003, 1.0500000000000003, 1.0600000000000003, 1.0700000000000003, 1.0800000000000003, 1.0900000000000003],