{"state1:bandwidth": [0.03, 0.04, 0.05, 0.060000000000000005, 0.07, 0.08000000000000002, 0.09000000000000001, 0.1, 0.11000000000000001, 0.12000000000000002, 0.13, 0.14, 0.15000000000000002, 0.16000000000000003, 0.17, 0.18000000000000002, 0.19000000000000003, 0.20000000000000004, 0.21000000000000005, 0.22000000000000003, 0.23000000000000004, 0.24000000000000005, 0.25, 0.26, 0.27, 0.28, 0.29000000000000004, 0.30000000000000004, 0.31000000000000005, 0.32000000000000006, 0.33000000000000007, 0.3400000000000001, 0.3500000000000001, 0.3600000000000001, 0.3700000000000001, 0.3800000000000001, 0.3900000000000001, 0.4, 0.41000000000000003, 0.42000000000000004, 0.43000000000000005, 0.44000000000000006, 0.45000000000000007, 0.4600000000000001, 0.4700000000000001, 0.4800000000000001, 0.4900000000000001, 0.5000000000000001, 0.5100000000000001, 0.5200000000000001, 0.5300000000000001, 0.5400000000000001, 0.5500000000000002, 0.5600000000000002, 0.5700000000000002, 0.5800000000000002, 0.5900000000000001, 0.6000000000000001, 0.6100000000000001, 0.6200000000000001, 0.6300000000000001, 0.6400000000000001, 0.6500000000000001], "state1:gcv_func": [9.397983014579186e-07, 5.517861784249418e-07, 3.572235277517256e-07, 2.687371474248571e-07, 2.3244353199745078e-07, 1.902987797553145e-07, 1.6323745737428937e-07, 1.5995289790805222e-07, 1.554523875947177e-07, 1.5979570379277897e-07, 1.6139450538436952e-07, 1.9844922682416994e-07, 2.358958881675102e-07, 3.061784161984839e-07, 3.7759703140246466e-07, 4.967799942433205e-07, 6.546364304044073e-07, 8.764547000614498e-07, 1.170495758778391e-06, 1.47992936615047e-06, 1.997020100621792e-06, 2.6564796114351854e-06, 2.6697098306155803e-06, 3.3785465803625054e-06, 4.359391062263351e-06, 5.728224987768892e-06, 7.376034913765161e-06, 9.37024116257103e-06, 1.1770929447096994e-05, 1.4598829634038304e-05, 1.790532060413055e-05, 2.1568211331948605e-05, 2.56821281343603e-05, 3.0493495730412606e-05, 3.587264144029408e-05, 4.186502911141094e-05, 4.853517963359903e-05, 5.3510369275712786e-05, 6.201488196579204e-05, 7.155648389908443e-05, 8.18632087580036e-05, 9.334244714873539e-05, 0.00010584737477472175, 0.00011943886850824593, 0.00013403421655809874, 0.00014982459430490757, 0.00016669182585069228, 0.00018470494365834978, 0.00020343182353063823, 0.00022322087194759615, 0.00024388095854450072, 0.0002658516347340152, 0.00028855227168079627, 0.00031220127514161486, 0.00033677575823004905, 0.0003619048998312445, 0.0003759325700964169, 0.00040347517916616474, 0.00043163579566790557, 0.00046073842819498444, 0.0004903970453825685, 0.0005209343848225194, 0.0005521126852584457], "state1:min_error_h": 0.060000000000000005, "state1:min_error_gcv": 2.687371474248571e-07, "state1:min_gcv_h": 0.11000000000000001, "state1:min_gcv": 1.554523875947177e-07, "state2:bandwidth": [0.03, 0.04, 0.05, 0.060000000000000005, 0.07, 0.08000000000000002, 0.09000000000000001, 0.1, 0.11000000000000001, 0.12000000000000002, 0.13, 0.14, 0.15000000000000002, 0.16000000000000003, 0.17, 0.18000000000000002, 0.19000000000000003, 0.20000000000000004, 0.21000000000000005, 0.22000000000000003, 0.23000000000000004, 0.24000000000000005, 0.25, 0.26, 0.27, 0.28, 0.29000000000000004, 0.30000000000000004, 0.31000000000000005, 0.32000000000000006, 0.33000000000000007, 0.3400000000000001, 0.3500000000000001, 0.3600000000000001, 0.3700000000000001, 0.3800000000000001, 0.3900000000000001, 0.4, 0.41000000000000003, 0.42000000000000004, 0.43000000000000005, 0.44000000000000006, 0.45000000000000007, 0.4600000000000001, 0.4700000000000001, 0.4800000000000001, 0.4900000000000001, 0.5000000000000001, 0.5100000000000001, 0.5200000000000001, 0.5300000000000001, 0.5400000000000001, 0.5500000000000002, 0.5600000000000002, 0.5700000000000002, 0.5800000000000002, 0.5900000000000001, 0.6000000000000001, 0.6100000000000001, 0.6200000000000001, 0.6300000000000001, 0.6400000000000001, 0.6500000000000001], "state2:gcv_func": [1.1844215902287506e-06, 6.572110133531251e-07, 4.6559649040335626e-07, 4.078959392943846e-07, 4.4364413860778547e-07, 5.486443502398897e-07, 7.140055364955461e-07, 8.78117216598631e-07, 1.3509811498146957e-06, 1.971283212589325e-06, 2.152520834636195e-06, 3.2663867380950372e-06, 4.729722249300272e-06, 6.62133873886024e-06, 8.401729444669884e-06, 1.1464813803229888e-05, 1.4981058462578655e-05, 1.9196302658050945e-05, 2.4274548067691255e-05, 2.9618050770494993e-05, 3.729217401491553e-05, 4.6548407568081615e-05, 5.0986638569373915e-05, 6.302220191310607e-05, 7.82799488735923e-05, 9.675788204841019e-05, 0.00011864085444421921, 0.00014411152558448776, 0.00017390586794225726, 0.00020844822751636728, 0.0002484504310956552, 0.00029509899753552807, 0.0003487715108592782, 0.00040910680399170417, 0.0004779087773709056, 0.0005549383249724453, 0.0006420039056138629, 0.0007302278946715752, 0.000840608079537216, 0.0009628894264652559, 0.0011006110027308564, 0.0012523625151486272, 0.0014212821312788865, 0.0016065324910595046, 0.001812158527107155, 0.0020360594481377207, 0.0022813948360049896, 0.0025461954536327752, 0.0028347074752662262, 0.0031352090685544164, 0.0034626872399753164, 0.0038152725698004574, 0.004197537417134119, 0.004609574843293407, 0.00505279489391876, 0.005531127153110404, 0.005722601641868354, 0.006279491091769523, 0.006867987673887744, 0.007499528280131656, 0.008163757076029381, 0.00887354774965108, 0.009617386752307115], "state2:min_error_h": 0.05, "state2:min_error_gcv": 4.6559649040335626e-07, "state2:min_gcv_h": 0.060000000000000005, "state2:min_gcv": 4.078959392943846e-07}