{"state1:bandwidth": [0.03, 0.04, 0.05, 0.060000000000000005, 0.07, 0.08000000000000002, 0.09000000000000001, 0.1, 0.11000000000000001, 0.12000000000000002, 0.13, 0.14, 0.15000000000000002, 0.16000000000000003, 0.17, 0.18000000000000002, 0.19000000000000003, 0.20000000000000004, 0.21000000000000005, 0.22000000000000003, 0.23000000000000004, 0.24000000000000005, 0.25, 0.26, 0.27, 0.28, 0.29000000000000004, 0.30000000000000004, 0.31000000000000005, 0.32000000000000006, 0.33000000000000007, 0.3400000000000001, 0.3500000000000001, 0.3600000000000001, 0.3700000000000001, 0.3800000000000001, 0.3900000000000001, 0.4, 0.41000000000000003, 0.42000000000000004, 0.43000000000000005, 0.44000000000000006, 0.45000000000000007, 0.4600000000000001, 0.4700000000000001, 0.4800000000000001, 0.4900000000000001, 0.5000000000000001, 0.5100000000000001, 0.5200000000000001, 0.5300000000000001, 0.5400000000000001, 0.5500000000000002, 0.5600000000000002, 0.5700000000000002, 0.5800000000000002, 0.5900000000000001, 0.6000000000000001, 0.6100000000000001, 0.6200000000000001, 0.6300000000000001, 0.6400000000000001, 0.6500000000000001], "state1:gcv_func": [0.00011833662979218997, 6.539362646300608e-05, 4.0958646925449154e-05, 3.10504295488627e-05, 2.4724855199499046e-05, 1.995070078498118e-05, 1.6282361766761307e-05, 1.5101597942346109e-05, 1.3758576183021743e-05, 1.2017379457257266e-05, 1.1435002651124327e-05, 1.0555545508769917e-05, 9.618715509584873e-06, 9.073535097162356e-06, 8.69052601469297e-06, 8.074687830687737e-06, 7.533097703871703e-06, 7.5505666735977155e-06, 7.601172781460646e-06, 7.727928837483863e-06, 7.991996529432822e-06, 8.439290281279393e-06, 8.399404863605337e-06, 8.838233177381618e-06, 9.70945628590879e-06, 1.093790425242884e-05, 1.2508663179075765e-05, 1.4445443986694382e-05, 1.682378304334194e-05, 1.950278111963884e-05, 2.286012200951581e-05, 2.6179662044056286e-05, 3.022084831023788e-05, 3.4774556083967654e-05, 4.000153522871343e-05, 4.5661223354500316e-05, 5.215064327512072e-05, 5.691754448234188e-05, 6.5213828542737e-05, 7.468986751869486e-05, 8.473637290619291e-05, 9.599059711235836e-05, 0.00010814868250924879, 0.00012163134669104289, 0.00013610167910960106, 0.00015178545368626462, 0.00016854695846112202, 0.00018658112792635956, 0.0002052919218315955, 0.0002251033024464253, 0.0002457756926863213, 0.0002677741255043383, 0.0002905304606834659, 0.00031424620948401755, 0.00033889076655431476, 0.00036411432882552276, 0.00037825375936618554, 0.00040603585500110937, 0.0004342496116646306, 0.0004635008290046881, 0.0004931183223200231, 0.0005237469555845931, 0.0005550169962905161], "state1:min_error_h": 0.15000000000000002, "state1:min_error_gcv": 9.618715509584873e-06, "state1:min_gcv_h": 0.19000000000000003, "state1:min_gcv": 7.533097703871703e-06, "state2:bandwidth": [0.03, 0.04, 0.05, 0.060000000000000005, 0.07, 0.08000000000000002, 0.09000000000000001, 0.1, 0.11000000000000001, 0.12000000000000002, 0.13, 0.14, 0.15000000000000002, 0.16000000000000003, 0.17, 0.18000000000000002, 0.19000000000000003, 0.20000000000000004, 0.21000000000000005, 0.22000000000000003, 0.23000000000000004, 0.24000000000000005, 0.25, 0.26, 0.27, 0.28, 0.29000000000000004, 0.30000000000000004, 0.31000000000000005, 0.32000000000000006, 0.33000000000000007, 0.3400000000000001, 0.3500000000000001, 0.3600000000000001, 0.3700000000000001, 0.3800000000000001, 0.3900000000000001, 0.4, 0.41000000000000003, 0.42000000000000004, 0.43000000000000005, 0.44000000000000006, 0.45000000000000007, 0.4600000000000001, 0.4700000000000001, 0.4800000000000001, 0.4900000000000001, 0.5000000000000001, 0.5100000000000001, 0.5200000000000001, 0.5300000000000001, 0.5400000000000001, 0.5500000000000002, 0.5600000000000002, 0.5700000000000002, 0.5800000000000002, 0.5900000000000001, 0.6000000000000001, 0.6100000000000001, 0.6200000000000001, 0.6300000000000001, 0.6400000000000001, 0.6500000000000001], "state2:gcv_func": [0.00012480554308411294, 6.541575893138411e-05, 3.7389124720517894e-05, 2.74335122468103e-05, 2.213828562846336e-05, 1.832152024947495e-05, 1.572532260013122e-05, 1.3865319186447494e-05, 1.3084538767443508e-05, 1.2673181554041522e-05, 1.2324171548039572e-05, 1.2632521990978474e-05, 1.3307412567094772e-05, 1.433680213464603e-05, 1.5786641769017023e-05, 1.804204384824649e-05, 2.114652428490532e-05, 2.5308594740528807e-05, 2.9994507756886302e-05, 3.513592933220894e-05, 4.302101300167618e-05, 5.2115824094129e-05, 5.6502310123236447e-05, 6.850285727396537e-05, 8.402329601506532e-05, 0.00010291338747658831, 0.00012467593910075683, 0.0001502746446008258, 0.00018015104929277391, 0.00021419316824944077, 0.0002542069518558682, 0.0003008740571376957, 0.00035398739845273684, 0.00041397550630065946, 0.00048238171345488457, 0.0005594193544618615, 0.0006459891887089564, 0.0007343651381459495, 0.000844675878276576, 0.000967070947996827, 0.0011046490225498607, 0.0012566342993771055, 0.0014255075430626035, 0.0016106350178246162, 0.0018160508812943065, 0.002040005446898356, 0.0022848347613188768, 0.0025491597516120825, 0.0028370442952687014, 0.003137365985560041, 0.0034645450079480392, 0.0038167756352355258, 0.004198929055781297, 0.004610458335981538, 0.005053340783030618, 0.005531448519672468, 0.005722593943559154, 0.006278852159412251, 0.0068672813599096605, 0.007498361652707621, 0.008162022543730248, 0.008871300417313212, 0.009615048348996163], "state2:min_error_h": 0.09000000000000001, "state2:min_error_gcv": 1.572532260013122e-05, "state2:min_gcv_h": 0.13, "state2:min_gcv": 1.2324171548039572e-05}