{"state1:lambdas": [1.0, 1.2045035402587823, 1.4508287784959397, 1.7475284000076838, 2.1049041445120205, 2.535364493970112, 3.0538555088334154, 3.6783797718286344, 4.430621457583881, 5.3366992312063095, 6.428073117284322, 7.742636826811272, 9.326033468832199, 11.233240329780276, 13.530477745798075, 16.297508346206442, 19.630406500402714, 23.644894126454084, 28.48035868435802, 34.30469286314919, 41.32012400115339, 49.770235643321115, 59.94842503189412, 72.20809018385468, 86.97490026177834, 104.76157527896652, 126.1856883066021, 151.99110829529346, 183.07382802953697, 220.51307399030455, 265.6087782946687, 319.92671377973846, 385.3528593710531, 464.1588833612782, 559.0810182512229, 673.4150657750828, 811.1308307896873, 977.0099572992257, 1176.811952434999, 1417.4741629268062, 1707.352647470692, 2056.5123083486537, 2477.0763559917114, 2983.64724028334, 3593.8136638046294, 4328.7612810830615, 5214.00828799969, 6280.29144183426, 7564.633275546291, 9111.627561154895, 10974.987654930568, 13219.411484660313, 15922.82793341094, 19179.10261672489, 23101.297000831626, 27825.59402207126, 33516.026509388474, 40370.17258596558, 48626.015800653535, 58570.20818056673, 70548.02310718645, 84975.34359086456, 102353.10218990268, 123284.67394420685, 148496.82622544665, 178864.9529057435, 215443.46900318866, 259502.42113997374, 312571.5849688242, 376493.58067924716, 453487.85081285913, 546227.7217684349, 657933.2246575683, 792482.8983539186, 954548.4566618347, 1149756.995397738, 1384886.3713938745, 1668100.537200059, 2009233.00256505, 2420128.264794383, 2915053.0628251815, 3511191.7342151348, 4229242.874389508, 5094138.014816386, 6135907.273413176, 7390722.03352579, 8902150.854450393, 10722672.220103253, 12915496.650148854, 15556761.439304754, 18738174.22860387, 22570197.196339216, 27185882.42732946, 32745491.628777318, 39442060.59437664, 47508101.62102803, 57223676.5935022, 68926121.04349709, 83021756.81319752, 100000000.0], "state1:gcv_func": [0.01515965720626174, 0.014918027027879175, 0.014691899388571534, 0.014481202229199096, 0.01428574290753118, 0.014105237880052697, 0.013939325697250158, 0.013787567727382431, 0.01364944129216634, 0.013524329133012644, 0.013411507918438951, 0.013310137547375367, 0.013219252893281193, 0.013137760558488273, 0.013064444667725545, 0.012997986559526824, 0.012937002144726976, 0.012880097159923103, 0.012825935396513763, 0.01277331024365868, 0.012721207678175023, 0.01266885021807303, 0.012615715759723152, 0.01256153086990352, 0.012506243021327088, 0.012449979137558244, 0.01239299836336153, 0.012335645735076492, 0.012278311294823272, 0.012221397009132908, 0.012165292134597954, 0.012110356568209024, 0.012056911114327785, 0.012005233300752692, 0.011955557266426014, 0.011908076332722157, 0.011862947222576553, 0.011820295492001033, 0.011780222405160625, 0.011742813898544344, 0.011708152138492342, 0.011676329376823193, 0.01164746255777977, 0.011621705888600767, 0.01159925789517509, 0.011580359753865956, 0.011565283085550208, 0.011554307818508235, 0.011547693839536974, 0.011545653406146267, 0.011548333946402317, 0.01155582213144918, 0.011568179398535655, 0.011585516443585617, 0.011608110370574376, 0.011636564526472591, 0.011672008854933705, 0.011716338390863949, 0.011772488585884231, 0.011844746727330708, 0.011939096405426413, 0.01206358468755135, 0.012228688147132417, 0.012447634978784273, 0.012736619723039171, 0.013114832191819694, 0.013604224497152026, 0.014228972745324175, 0.015014661931304837, 0.015987329722025306, 0.01717262054019462, 0.01859537639628214, 0.020279964103122387, 0.022251466904593276, 0.024537558195945563, 0.02717049740135732, 0.030188370457308843, 0.03363457933608352, 0.03755477274212678, 0.041990927947758654, 0.04697306869833149, 0.05250995095527395, 0.05858069723316175, 0.06512953359939849, 0.07206532383603625, 0.07926654233909984, 0.08659100952479323, 0.09388856006159117, 0.10101423338358165, 0.1078396968348967, 0.11426131572265472, 0.12020424370752257, 0.1256227865814981, 0.13049787950596448, 0.13483275824240964, 0.13864783811866413, 0.141975613211828, 0.14485608738782982, 0.14733301226252257, 0.14945099704805187], "state1:lambda_lcurve": 29919, "state1:gcv_lcurve": 0.01164946626451972, "state1:min_error_lambda": 23101.297000831626, "state1:min_error_gcv": 0.011608110370574376, "state1:min_lambda": 9111.627561154895, "state1:min_gcv": 0.011545653406146267, "state2:lambdas": [1.0, 1.2045035402587823, 1.4508287784959397, 1.7475284000076838, 2.1049041445120205, 2.535364493970112, 3.0538555088334154, 3.6783797718286344, 4.430621457583881, 5.3366992312063095, 6.428073117284322, 7.742636826811272, 9.326033468832199, 11.233240329780276, 13.530477745798075, 16.297508346206442, 19.630406500402714, 23.644894126454084, 28.48035868435802, 34.30469286314919, 41.32012400115339, 49.770235643321115, 59.94842503189412, 72.20809018385468, 86.97490026177834, 104.76157527896652, 126.1856883066021, 151.99110829529346, 183.07382802953697, 220.51307399030455, 265.6087782946687, 319.92671377973846, 385.3528593710531, 464.1588833612782, 559.0810182512229, 673.4150657750828, 811.1308307896873, 977.0099572992257, 1176.811952434999, 1417.4741629268062, 1707.352647470692, 2056.5123083486537, 2477.0763559917114, 2983.64724028334, 3593.8136638046294, 4328.7612810830615, 5214.00828799969, 6280.29144183426, 7564.633275546291, 9111.627561154895, 10974.987654930568, 13219.411484660313, 15922.82793341094, 19179.10261672489, 23101.297000831626, 27825.59402207126, 33516.026509388474, 40370.17258596558, 48626.015800653535, 58570.20818056673, 70548.02310718645, 84975.34359086456, 102353.10218990268, 123284.67394420685, 148496.82622544665, 178864.9529057435, 215443.46900318866, 259502.42113997374, 312571.5849688242, 376493.58067924716, 453487.85081285913, 546227.7217684349, 657933.2246575683, 792482.8983539186, 954548.4566618347, 1149756.995397738, 1384886.3713938745, 1668100.537200059, 2009233.00256505, 2420128.264794383, 2915053.0628251815, 3511191.7342151348, 4229242.874389508, 5094138.014816386, 6135907.273413176, 7390722.03352579, 8902150.854450393, 10722672.220103253, 12915496.650148854, 15556761.439304754, 18738174.22860387, 22570197.196339216, 27185882.42732946, 32745491.628777318, 39442060.59437664, 47508101.62102803, 57223676.5935022, 68926121.04349709, 83021756.81319752, 100000000.0],