{"state1:residual": [0.011213927604487575, 0.012932070902044087, 0.014868806031203531, 0.017038471832900543, 0.019452491130139086, 0.022118281063201514, 0.025038178526110053, 0.028208493718750935, 0.031618821315270995, 0.03525173687535494, 0.03908297992344886, 0.04308217341999711, 0.04721405790783046, 0.05144014026056313, 0.05572058896616282, 0.06001616705860031, 0.0642899909768618, 0.06850893973693875, 0.07264460446300301, 0.07667374696559696, 0.08057830936332612, 0.08434507019331262, 0.0879650688709805, 0.09143292050560166, 0.0947461235686169, 0.09790443280036451, 0.1009093374204651, 0.10376365619992473, 0.10647123965700507, 0.10903675682661852, 0.11146553936633438, 0.11376345749260797, 0.1159368077194967, 0.11799219879137941, 0.11993642769217973, 0.12177634192983079, 0.1235186885243035, 0.12516995548905133, 0.12673621807782395, 0.12822300787315447, 0.12963522504952985, 0.13097711052977506, 0.1322522850379218, 0.13346384863117203, 0.13461452136118715, 0.13570679751609535, 0.13674308497083315, 0.13772580744667756, 0.13865745851542066, 0.13954060836120796, 0.1403778742731694, 0.141171871544332, 0.1419251625083006, 0.14264021876528035, 0.14331940674254706, 0.14396500106990792, 0.14457922493692282, 0.14516431239480296, 0.14572258502865082, 0.14625653497733004, 0.1467689080986104, 0.14726278490080993, 0.14774166185400614, 0.14820954055548002, 0.14867103555921726, 0.14913151249764686, 0.1495972662626393, 0.1500757452500414, 0.15057582343134582, 0.1511081187371326, 0.15168535469143862, 0.1523227621195561, 0.1530385177411273, 0.15385421484608724, 0.15479535668455496, 0.15589185546379766, 0.1571785098747664, 0.1586954236887604, 0.16048831926888502, 0.1626086949223004, 0.1651137768994984, 0.16806623052870318, 0.1715336285605313, 0.17558773805839045, 0.18030378717390597, 0.18576000755669275, 0.19203789621557085, 0.1992237640168603, 0.20741218105364043, 0.21671183675588263, 0.22725406511351592, 0.23920383579082338, 0.2527724144116281, 0.26823023019234177, 0.2859178850025007, 0.3062528629068077, 0.3297295466754654, 0.3569107549105025, 0.3884102005539974, 0.4248667770197269], "state1:regularizer": [0.331550936947359, 0.3257472192449336, 0.3192234594950299, 0.3119389275489019, 0.30386470000343213, 0.294987529739719, 0.28531356510526823, 0.27487148986072396, 0.2637146028135244, 0.2519213757660757, 0.23959414101945467, 0.22685576716603742, 0.2138444595044358, 0.20070711781855757, 0.18759193244903252, 0.17464103622321098, 0.16198401658460365, 0.1497329301745249, 0.13797919223817465, 0.12679240318026985, 0.11622089633207171, 0.10629359888414854, 0.09702271545764667, 0.0884067626258027, 0.08043357255453433, 0.07308300696254587, 0.06632924584903839, 0.06014261723088946, 0.05449100454391278, 0.04934090648501385, 0.04465823488579619, 0.04040892809365434, 0.03655943978148479, 0.03307714421116117, 0.02993068334760173, 0.027090269454259814, 0.024527947040538, 0.022217808680102952, 0.02013615094311785, 0.018261552331360696, 0.016574857681617157, 0.015059063761135295, 0.013699116111925173, 0.01248164254851729, 0.01139465882048922, 0.010427283605181727, 0.009569493143028981, 0.008811933235620444, 0.008145792220194572, 0.007562726932991691, 0.007054827096295357, 0.006614602485855581, 0.00623498035567533, 0.005909305667923644, 0.0056313414801784705, 0.005395269921144114, 0.0051956951047861955, 0.005027648523021451, 0.004886595821879974, 0.004768442353716085, 0.004669534183394148, 0.004586651558906116, 0.0045169930763534465, 0.004458150444117964, 0.004408075369608059, 0.004365041236024261, 0.004327602689492067, 0.004294556029608857, 0.004264902580708531, 0.004237816298514908, 0.00421261600682915, 0.004188742040935755, 0.004165736756758033, 0.004143228297779421, 0.004120917090093623, 0.004098564650655551, 0.004075984377628252, 0.0040530340263554825, 0.0040296095778944874, 0.0040056402065273755, 0.003981084056989302, 0.003955924540502644, 0.003930166828185603, 0.00390383415088019, 0.003876963423834943, 0.0038495996498196, 0.0038217885876829292, 0.003793567353967123, 0.0037649529817458177, 0.0037359294521269342, 0.0037064342451240346, 0.003676345889885325, 0.003645474196176228, 0.003613554739306462, 0.0035802487618830305, 0.003545149066030614, 0.0035077918578764683, 0.003467674036153918, 0.003424275121464332, 0.0033770829167968815], "state1:res_corner": 0.15175261563501727, "state1:reg_corner": 0.004209918380251586, "state1:res_min": 0.1511081187371326, "state1:reg_min": 0.004237816298514908, "state1:res_gcv": 0.1500757452500414, "state1:reg_gcv": 0.004294556029608857, "state2:residual": [0.010582305242338929, 0.012202147342406898, 0.014027516198412129, 0.01607167223114765, 0.018345042603867122, 0.02085417209360507, 0.023600683950416864, 0.02658035718997069, 0.029782443020282347, 0.03318934262414334, 0.036776745781493765, 0.04051428359802207, 0.0443666838518883, 0.04829534535444953, 0.05226018332269076, 0.056221555823140916, 0.06014207164955615, 0.06398810425833623, 0.06773088796801333, 0.07134713901850404, 0.07481921092927273, 0.07813484863530533, 0.08128664153365553, 0.08427128972287716, 0.08708879295202425, 0.08974165369437008, 0.0922341608527495, 0.09457179458740081, 0.09676076943532402, 0.09880771401533987, 0.10071947148778182, 0.10250299529474051, 0.10416530935540691, 0.10571350086428938, 0.10715471712904437, 0.10849614505239735, 0.10974496180164181, 0.11090825615567629, 0.111992929820138, 0.1130055945780437, 0.11395248306192765, 0.11483938790354269, 0.11567163710646448, 0.11645410487972997, 0.11719124949068606, 0.11788716513362421, 0.11854563442874562, 0.11917017166062187, 0.11976405285646387, 0.12033033544180766, 0.1208718758028954, 0.12139135651749426, 0.12189133591193671, 0.12237433128144432, 0.12284294444642374, 0.12330003553747178, 0.12374894934046564, 0.12419379934106453, 0.12463981846284199, 0.12509379240329704, 0.12556460074459075, 0.12606390143061286, 0.12660700430167124, 0.12721398772553197, 0.1279111175806121, 0.12873262831996324, 0.12972291918144277, 0.13093920099852946, 0.1324545950000334, 0.1343616278960482, 0.1367759820246523, 0.13984024617174523, 0.14372728620146397, 0.14864275115454856, 0.1548262087885173, 0.16255052975779208, 0.17211943995218937, 0.1838635762878665, 0.19813574734936779, 0.21530621058094265, 0.23575851539755335, 0.25988589992262534, 0.28808760440489856, 0.3207640396090689, 0.3583096726825369, 0.40110277194601485, 0.4494916887742718, 0.5037780450340572, 0.564197945178302, 0.630903078985772, 0.7039442540263897, 0.7832603944286304, 0.8686762182448031, 0.9599114860483299, 1.0566037544037405, 1.1583449250546607, 1.2647297045344836, 1.3754117089239797, 1.4901608778437958, 1.6089145419784767],