{"state1:residual": [14.538386439541224, 14.559937864214998, 14.580530840002844, 14.600259348472806, 14.619231411380884, 14.637566451614267, 14.655392214981228, 14.672841352904562, 14.690047745783625, 14.707142640992682, 14.724250684850613, 14.741485939207072, 14.758947986950155, 14.776718246587963, 14.794856636782175, 14.813398759261336, 14.832353800135838, 14.85170337469227, 14.871401542354041, 14.89137617913976, 14.911531804643355, 14.931753824053601, 14.951913983966797, 14.971876686073825, 14.991505689008264, 15.010670680216498, 15.029253225080927, 15.04715169082703, 15.064284876822564, 15.080594233991015, 15.096044699884153, 15.11062429399658, 15.12434270041181, 15.137229108754344, 15.149329592574242, 15.160704282405094, 15.171424547385554, 15.181570342923884, 15.191227823862523, 15.200487271760538, 15.209441352266053, 15.218183708460689, 15.226807908289215, 15.235406792682065, 15.24407229692039, 15.25289582578861, 15.261969233452792, 15.271386376324342, 15.28124508576875, 15.291649249958777, 15.302710538731729, 15.31454919550812, 15.327293278694142, 15.341075805442829, 15.356029453258284, 15.372278770175456, 15.389930268127593, 15.409061192853855, 15.429708163850876, 15.451857142961, 15.475436227522936, 15.500312555701749, 15.526294136705312, 15.553136772741796, 15.580555490197517, 15.608239296104705, 15.635867645886382, 15.663126845828582, 15.689724811850907, 15.715402966712485, 15.739944565399687, 15.763179262700882, 15.784984187267117, 15.8052820882727, 15.824037295672722, 15.841250245330768, 15.85695130025135, 15.871194426849154, 15.884051170261882, 15.895605214736877, 15.905947684456338, 15.915173254467192, 15.923377040833948, 15.930652229946912, 15.937088339507596, 15.942770028369416, 15.947776341635471, 15.952180313790187, 15.956048835302582, 15.95944271785113, 15.962416907803581, 15.965020786959432, 15.967298536711644, 15.969289535368768, 15.971028762150814, 15.972547201654152, 15.973872232743782, 15.97502799684233, 15.97603574152045, 15.976914139330788], "state1:regularizer": [0.06303759354975567, 0.05820749477832701, 0.05385836280540648, 0.0499406136853067, 0.04640583693813333, 0.043207585878334814, 0.04030213942379317, 0.0376491648402599, 0.03521222997219962, 0.03295913565087395, 0.030862061357051912, 0.02889753678293935, 0.027046266174164564, 0.025292839933504282, 0.023625369052541843, 0.022035073908130927, 0.02051585199234714, 0.019063841606721015, 0.01767699237466447, 0.016354649678175716, 0.015097158876580278, 0.013905495641433726, 0.01278092975950557, 0.011724730192526645, 0.01073791835885183, 0.009821074437996773, 0.008974198416079764, 0.008196624288554338, 0.007486982995514868, 0.006843207764731164, 0.0062625747158775655, 0.0057417716937262185, 0.005276988955219199, 0.004864026083448621, 0.004498409934210153, 0.004175518363732393, 0.003890704023661758, 0.0036394120231336073, 0.0034172851594762455, 0.0032202510858851136, 0.003044587223963237, 0.0028869612525959988, 0.0027444472200696133, 0.0026145193365977554, 0.0024950271473707904, 0.0023841568986304315, 0.0022803845282289947, 0.0021824258948370573, 0.0020891894445638514, 0.0019997356952200355, 0.0019132466216625777, 0.0018290063682474755, 0.0017463930565418053, 0.0016648799132777958, 0.0015840427520651939, 0.0015035703448473274, 0.0014232740437949718, 0.0013430935821324619, 0.0012630967641644618, 0.001183471789847247, 0.0011045121120707444, 0.0010265947283894176, 0.0009501536631911899, 0.0008756509152769425, 0.0008035474441168891, 0.0007342765261712913, 0.0006682214146683858, 0.0006056986644456456, 0.0005469476525965894, 0.0004921262006915883, 0.0004413116400658374, 0.0003945062748029309, 0.00035164600212776845, 0.0003126108646209047, 0.00027723641349528845, 0.00024532501213711386, 0.00021665636258280584, 0.00019099686405640238, 0.00016810755309476597, 0.00014775056015747215, 0.00012969414049865435, 0.00011371638680030518, 9.960782188940604e-05, 8.717301914725016e-05, 7.623146714221301e-05, 6.661781964570775e-05, 5.8181704885465295e-05, 5.07871948158402e-05, 4.4312059949873454e-05, 3.86468843130866e-05, 3.369409287300393e-05, 2.9366964619831196e-05, 2.5588646061339483e-05, 2.2291194507579023e-05, 1.9414677646024757e-05, 1.690632542662366e-05, 1.4719749329430295e-05, 1.2814228122842903e-05, 1.1154059577292395e-05, 9.707972517296937e-06], "state1:res_corner": 15.259795275839583, "state1:reg_corner": 0.002304364263445318, "state1:res_min": 15.149329592574242, "state1:reg_min": 0.004498409934210153, "state1:res_gcv": 14.832353800135838, "state1:reg_gcv": 0.02051585199234714, "state2:residual": [14.023510136981251, 14.036864531816908, 14.049717477281174, 14.062139361859114, 14.074199275216829, 14.085964089899335, 14.097497440079497, 14.108858628788106, 14.120101468428398, 14.131273050871584, 14.142412463651889, 14.15354951850039, 14.16470362637171, 14.175883017636638, 14.187084541705916, 14.198294266004366, 14.209489021926286, 14.220638923964042, 14.231710742221843, 14.242671871073227, 14.25349453943664, 14.264159871980265, 14.274661440695809, 14.285008031889635, 14.295225473574808, 14.305357496899072, 14.315465719949918, 14.32562892700241, 14.335941863834375, 14.346513779875407, 14.357466928692553, 14.368935198163134, 14.38106299283777, 14.394004438934472, 14.407922931503606, 14.422990989002455, 14.439390324815571, 14.457311986402944, 14.476956373140581, 14.498532940483203, 14.522259474920453, 14.548360988805062, 14.577068535465532, 14.608618534553573, 14.643253421178583, 14.681224488037735, 14.722797574735125, 14.768261681009875, 14.817939756988263, 14.872199880272733, 14.93146404399171, 14.996211109680791, 15.066970300796088, 15.144302164921827, 15.228765314052788, 15.320869227615512, 15.42101602148251, 15.529436643921319, 15.646129101520465, 15.770807512418116, 15.902870379961321, 16.041394550672, 16.185157912639607, 16.332689768410326, 16.482343614754566, 16.6323840013877, 16.7810776423652, 16.926779023447722, 17.068002624519472, 17.203476591452187, 17.332175667256852, 17.453333985396526, 17.566440367326422, 17.671219988716164, 17.767606722889596, 17.855710217146772, 17.935781192820652, 18.008177672825234, 18.073333968343952, 18.13173350704672, 18.183886031027182, 18.23030916827262, 18.27151416277381, 18.307995244802814, 18.340222168531774, 18.3686353561449, 18.39364310550722, 18.415620417999055, 18.43490902273056, 18.4518183044735, 18.46662677844966, 18.47958399420109, 18.490912638853167, 18.50081073297168, 18.509453839473462, 18.516997212209052, 18.523577834958594, 18.529316347546843, 18.534318815192368, 18.538678357794176],