{"state1:residual": [0.0010639958349724285, 0.0012283958258617492, 0.001414183667748062, 0.0016229266459183579, 0.0018559600415552586, 0.002114285359890612, 0.0023984662422968806, 0.0027085313084242286, 0.0030438949043445733, 0.0034033070944889192, 0.0037848427237910333, 0.004185935836693348, 0.004603460524701192, 0.0050338532522583215, 0.0054732660741485745, 0.005917736080845568, 0.006363354688253884, 0.0068064212242501315, 0.007243568265993617, 0.0076718505787074275, 0.008088794434423527, 0.008492408813580165, 0.00888116399261267, 0.009253945953680115, 0.009609996681201787, 0.009948850581457964, 0.010270275967637486, 0.010574228023203706, 0.010860816399434375, 0.011130287321432295, 0.011383017467440781, 0.011619515408008917, 0.011840426122225736, 0.012046534762485635, 0.012238766934017804, 0.012418183833798321, 0.01258597139876421, 0.012743423144388233, 0.01289191682002506, 0.013032885606407547, 0.013167785482748459, 0.013298061567980348, 0.013425117477717534, 0.013550292697678108, 0.01367485330594487, 0.013800000841168985, 0.01392690268109189, 0.014056745186596602, 0.014190808522975589, 0.014330560046028576, 0.014477761934035908, 0.01463458861858391, 0.014803750413392549, 0.014988621073778593, 0.015193368104196057, 0.015423084728680382, 0.015683921101518766, 0.0159832096267713, 0.01632957581280406, 0.016733023005631363, 0.01720497789937951, 0.017758285043549257, 0.018407143299798402, 0.01916698519761116, 0.020054310256379465, 0.021086493448272306, 0.022281597396031964, 0.023658219239855238, 0.025235399280838552, 0.02703260929739718, 0.029069826221078898, 0.03136768470289956, 0.03394769237572715, 0.036832485642987904, 0.04004610149809498, 0.04361424165044358, 0.04756450804344943, 0.05192659302826574, 0.05673241279857141, 0.06201617984053554, 0.06781442178216524, 0.07416597432360884, 0.08111201022417018, 0.08869621835959562, 0.09696531595738976, 0.10597015592759988, 0.11576776012308097, 0.12642464496959083, 0.1380217736151897, 0.15066133931565318, 0.16447533667151826, 0.17963551216195334, 0.19636383571725916, 0.2149421749932973, 0.23571949731715178, 0.2591148011341258, 0.28561420540497545, 0.3157612265935489, 0.35014017790947904, 0.38935358464600023], "state1:regularizer": [0.03316509500522861, 0.0326384903667734, 0.03204538079886486, 0.03138158951394798, 0.03064389849495986, 0.029830396523715726, 0.028940824581262046, 0.027976884143086158, 0.026942468721840734, 0.02584377921476054, 0.02468929086767417, 0.02348955424169134, 0.02225683279015251, 0.02100460197722512, 0.019746954694154627, 0.018497970744387814, 0.017271111701911753, 0.016078696216760797, 0.01493149681296803, 0.01383848072018774, 0.0128066978498344, 0.011841301598056294, 0.010945674730961199, 0.010121624379138362, 0.009369607769935782, 0.0086889538841769, 0.00807805517892698, 0.007534516360704942, 0.007055261394581003, 0.006636612264683972, 0.006274360290300753, 0.00596385098629061, 0.005700096560133533, 0.005477918629163583, 0.005292111808339742, 0.005137610649711136, 0.0050096403566884055, 0.004903835418497271, 0.004816317430531436, 0.004743730956321949, 0.004683242205314451, 0.004632508705664566, 0.004589629251660558, 0.004553082904162413, 0.0045216644506200256, 0.004494422022682854, 0.004470600834324411, 0.00444959539647953, 0.00443091116353404, 0.004414135425173168, 0.004398916417706996, 0.00438494911964619, 0.004371966012860267, 0.0043597311873225675, 0.004348036459864754, 0.004336698560918937, 0.004325556818399055, 0.004314471063910924, 0.004303319673535348, 0.0042919977416939524, 0.004280415404232199, 0.0042684963131176725, 0.004256176248024376, 0.004243401842447638, 0.004230129403969983, 0.004216323814354502, 0.004201957499949686, 0.004187009464919561, 0.004171464380439054, 0.0041553117248719264, 0.004138544975115067, 0.00412116085761208, 0.004103158678277831, 0.00408453976000129, 0.00406530702219051, 0.0040454647351744815, 0.0040250184733595625, 0.0040039752750678954, 0.003982343995157386, 0.003960135808697738, 0.0039373647841856865, 0.003914048386580211, 0.00389020768947457, 0.0038658669793987964, 0.0038410523464263973, 0.003815788809552844, 0.003790095574242007, 0.0037639791898625894, 0.00373742468497914, 0.0037103851712105567, 0.0036827708470552976, 0.0036544386915513087, 0.0036251843094451666, 0.003594737310273164, 0.0035627612836356373, 0.0035288589660374134, 0.0034925827050050068, 0.003453449941073012, 0.0034109631626349237, 0.0033646336539143408], "state1:res_corner": 0.01436812355019906, "state1:reg_corner": 0.004410032421532108, "state1:res_min": 0.014190808522975589, "state1:reg_min": 0.00443091116353404, "state1:res_gcv": 0.01392690268109189, "state1:reg_gcv": 0.004470600834324411, "state2:residual": [0.001163029411327756, 0.0013420782256240505, 0.0015441913429533993, 0.001770976254578159, 0.0020237606876295166, 0.00230347811948999, 0.0026105516178526124, 0.0029447866140938426, 0.0033052850619880924, 0.003690393662519044, 0.0040976968967855396, 0.004524061384651692, 0.004965732071761735, 0.005418474033466188, 0.005877747692624987, 0.0063389012817971924, 0.006797363178344326, 0.007248818253855156, 0.007689355873013265, 0.008115581600110293, 0.008524689077139987, 0.00891449234902454, 0.009283421941667864, 0.009630490286957042, 0.009955233704035445, 0.010257639072462521, 0.010538063480855805, 0.01079715443590227, 0.011035776728734853, 0.011254950012408676, 0.011455798921402261, 0.011639515574692755, 0.011807332872014319, 0.01196050626501393, 0.012100301616522258, 0.012227987173386433, 0.012344828348133411, 0.012452084741744045, 0.012551009523902784, 0.012642851868222175, 0.012728863619531613, 0.012810311783300398, 0.012888498830502873, 0.012964793271430079, 0.013040673524733563, 0.013117788809507924, 0.013198041578371678, 0.013283696800951013, 0.013377524104309679, 0.013482979311253779, 0.013604432240014664, 0.013747447620229123, 0.013919125303369017, 0.014128503899633873, 0.01438702748794871, 0.014709066944804115, 0.015112475122857896, 0.015619139708880299, 0.0162554832490637, 0.017052854287790378, 0.018047766324365135, 0.01928197827563264, 0.02080246632172813, 0.022661393116368108, 0.024916209916154886, 0.027630013101942876, 0.030872224342530855, 0.03471959853192449, 0.03925751341430712, 0.04458147357259022, 0.050798765849550086, 0.05803022093158725, 0.06641205378719518, 0.07609776658523443, 0.08726009745410657, 0.10009298596303431, 0.11481349827872918, 0.13166360827952214, 0.15091166116459892, 0.17285325217831235, 0.1978111413394252, 0.22613371301589777, 0.25819140478973396, 0.29437051127810104, 0.33506385067126176, 0.3806579980765762, 0.431517147849988, 0.4879641686861687, 0.5502600262169168, 0.6185834197711634, 0.6930131285239175, 0.7735160634954573, 0.8599442102107401, 0.9520433366099995, 1.0494753835206523, 1.1518548074333392, 1.258796960432985, 1.369974204512954, 1.4851733820552329, 1.604346944334661],