{"state1:residual": [1.1128374332529227, 1.1397240277000893, 1.1647046526185707, 1.187945760515831, 1.209611270411524, 1.2298590982298734, 1.24883833199866, 1.2666868812926588, 1.2835295270774933, 1.2994763447022202, 1.3146214819197481, 1.3290422752401865, 1.3427987158488974, 1.3559333495284798, 1.368471796174749, 1.3804241450095969, 1.3917874471780867, 1.4025493481318851, 1.4126926141420175, 1.422200019269312, 1.431058898194544, 1.4392647108507084, 1.4468231898553043, 1.4537509593373688, 1.4600748104159167, 1.4658300119847447, 1.4710580987989985, 1.4758045341932486, 1.48011653930598, 1.4840412621792396, 1.487624360701914, 1.490909004767195, 1.4939352611886376, 1.4967398001890804, 1.4993558487831662, 1.5018133156299873, 1.5041390287904624, 1.5063570621995197, 1.5084891674848786, 1.5105553543647288, 1.5125746544785295, 1.5145660517785688, 1.5165494794014314, 1.5185466979549611, 1.5205818195709642, 1.5226812548885873, 1.5248729495961113, 1.5271849386780794, 1.5296434587353798, 1.5322710840286902, 1.5350855382653095, 1.5380999247100642, 1.541325070450276, 1.5447744956680762, 1.5484722479591333, 1.552463575862724, 1.556828238969523, 1.5616961906712112, 1.5672653596102148, 1.5738211531817894, 1.5817569230053241, 1.5915938075418743, 1.6039970370265324, 1.619784109954349, 1.6399187243610298, 1.6654839068242298, 1.697629677999025, 1.7374958631815278, 1.7861191434692172, 1.8443428412852807, 1.9127538013419885, 1.9916684400606386, 2.0811777182406654, 2.1812414945293654, 2.291803420138353, 2.4128857956371954, 2.544624574305235, 2.687218710261922, 2.840792224614841, 3.005195224950863, 3.1797932414977645, 3.363304098929441, 3.553733143040101, 3.748432736567601, 3.9442792848479344, 4.13793155766878, 4.326117667785481, 4.505897547521068, 4.674860963452726, 4.831240992167038, 4.973942837109216, 5.102502610819502, 5.216998226726104, 5.317935485309081, 5.406128981203858, 5.482591556919317, 5.548440521880634, 5.604823687187489, 5.652865144959204, 5.693628428792645], "state1:regularizer": [0.5142706660184604, 0.4573492837145811, 0.4068467030852871, 0.36208798855050045, 0.3224335724539314, 0.2872883587225458, 0.25610741019962097, 0.22839896046984143, 0.2037252548791779, 0.18170162628946163, 0.16199419523551473, 0.14431658027824787, 0.12842595751121794, 0.11411870465252626, 0.10122573915208985, 0.08960757417419654, 0.07914912243634356, 0.06975437739674548, 0.061341238869687995, 0.05383684436630706, 0.04717375864999616, 0.041287256065307004, 0.03611374789288268, 0.03159022635327074, 0.027654471734200697, 0.024245722207676408, 0.021305529241906318, 0.018778588643219834, 0.01661341790234585, 0.014762821412262343, 0.013184135048877815, 0.011839270666921944, 0.01069459571177551, 0.009720689840143694, 0.00889202173391384, 0.008186584537488096, 0.0075855175952975855, 0.007072729123213226, 0.006634525390151887, 0.006259251365712803, 0.005936954440209166, 0.0056590902812949295, 0.00541829076444153, 0.005208204983427385, 0.005023408560132837, 0.004859360703547016, 0.004712379125157534, 0.004579602766608754, 0.004458920154471581, 0.0043488537315191375, 0.00424840414461064, 0.004156870230529454, 0.00407366799027366, 0.00399817347818657, 0.003929609745367808, 0.0038669881157436677, 0.003809102336092848, 0.0037545643860348744, 0.0037018657894334413, 0.003649448720782197, 0.003595775580248277, 0.0035393914879526256, 0.003478979089686915, 0.0034134077783863565, 0.00334177959758358, 0.0032634720529629187, 0.003178174634494022, 0.003085912167761548, 0.0029870455472561356, 0.0028822404215114437, 0.002772398228539772, 0.002658551767836687, 0.0025417379351182403, 0.002422870109985239, 0.002302637878572081, 0.002181459054387455, 0.0020594977621794137, 0.0019367457882383077, 0.001813147940661888, 0.0016887413399270053, 0.0015637762508326446, 0.0014387920891473015, 0.0013146339884791897, 0.0011924091869439219, 0.0010733949119590223, 0.0009589181791580647, 0.0008502310436290656, 0.0007484026506118777, 0.0006542428669625845, 0.0005682639031779359, 0.0004906783217973553, 0.0004214261005767026, 0.0003602206797627036, 0.00030660386758822524, 0.0002600011874244972, 0.00021977195677943856, 0.0001852508023862805, 0.00015577960040025188, 0.00013073013850037088, 0.00010951877930041182], "state1:res_corner": 1.5541148486464056, "state1:reg_corner": 0.003843931401281526, "state1:res_min": 1.5484722479591333, "state1:reg_min": 0.003929609745367808, "state1:res_gcv": 1.5322710840286902, "state1:reg_gcv": 0.0043488537315191375, "state2:residual": [1.042045444158276, 1.067930752240426, 1.0923707315796107, 1.1155493287299252, 1.1376266053813315, 1.1587301733901092, 1.1789507732317963, 1.1983424484688538, 1.2169270173897744, 1.2347018016288653, 1.2516490760910781, 1.2677455899198624, 1.2829707634828438, 1.2973126637962507, 1.3107714292089687, 1.3233603074254052, 1.3351048033238242, 1.346040580374478, 1.3562107435443562, 1.3656630030401862, 1.3744470421026198, 1.3826122516744195, 1.3902058931528423, 1.3972717162227353, 1.403849066679646, 1.409972527561369, 1.4156721130789673, 1.4209739728933348, 1.4259014858637469, 1.43047656168349, 1.434720953059434, 1.4386574185082635, 1.442310655395554, 1.4457080219425966, 1.4488801604040666, 1.4518617004402556, 1.4546922495151482, 1.4574178650748808, 1.4600931617835669, 1.4627841538589494, 1.465571885992083, 1.4685568806157165, 1.4718644329350363, 1.4756508205240868, 1.4801105529955376, 1.4854848375549674, 1.4920714071241297, 1.500235631516926, 1.5104222674976382, 1.5231662028598, 1.5390991711196602, 1.5589479917080673, 1.5835190977424836, 1.6136648689890836, 1.6502304243702635, 1.69398521502269, 1.745550872927059, 1.8053427309929717, 1.8735439890163832, 1.95012648930742, 2.034921018845186, 2.1277264562239435, 2.2284356485229257, 2.3371503098442132, 2.4542586288034114, 2.5804567065240414, 2.7167066293040127, 2.8641382281605976, 3.0239165164705533, 3.1971092685362246, 3.3845943557477116, 3.5870395618842776, 3.8049669425392154, 4.038883551335097, 4.289430005517098, 4.557479264216218, 4.844119341576445, 5.150478772030654, 5.477398417514646, 5.825005664885459, 6.192290079866153, 6.576795782272896, 6.974525660108969, 7.380100922657934, 7.787154524327198, 8.188880209814835, 8.57862932814192, 8.950448833646078, 9.299482325375918, 9.62219603583609, 9.916431784025933, 10.181317930987372, 10.417084055946415, 10.624826413672597, 10.8062639277641, 10.963512526743235, 11.098894092142398, 11.214786270889942, 11.313512508917551, 11.397267815666902],