{"state1:lambdas": [0.01, 0.011768119524349984, 0.013848863713938732, 0.016297508346206444, 0.019179102616724886, 0.022570197196339202, 0.026560877829466867, 0.031257158496882355, 0.03678379771828634, 0.04328761281083057, 0.0509413801481638, 0.05994842503189409, 0.07054802310718641, 0.08302175681319744, 0.09770099572992251, 0.11497569953977356, 0.1353047774579807, 0.1592282793341092, 0.1873817422860384, 0.22051307399030456, 0.25950242113997357, 0.30538555088334157, 0.35938136638046275, 0.4229242874389499, 0.49770235643321087, 0.5857020818056664, 0.6892612104349695, 0.8111308307896868, 0.9545484566618337, 1.1233240329780276, 1.3219411484660286, 1.5556761439304723, 1.8307382802953678, 2.154434690031882, 2.5353644939701114, 2.983647240283337, 3.511191734215131, 4.132012400115334, 4.862601580065354, 5.722367659350215, 6.7341506577508214, 7.92482898353917, 9.326033468832199, 10.974987654930557, 12.91549665014884, 15.199110829529332, 17.886495290574352, 21.049041445120196, 24.77076355991709, 29.150530628251758, 34.30469286314916, 40.37017258596554, 47.50810162102793, 55.90810182512222, 65.79332246575676, 77.4263682681127, 91.11627561154887, 107.22672220103232, 126.1856883066021, 148.49682622544634, 174.7528400007683, 205.65123083486515, 242.01282647943833, 284.8035868435799, 335.1602650938841, 394.4206059437656, 464.1588833612773, 546.2277217684338, 642.807311728432, 756.463327554629, 890.2150854450374, 1047.6157527896642, 1232.8467394420659, 1450.8287784959402, 1707.3526474706887, 2009.2330025650458, 2364.4894126454074, 2782.559402207126, 3274.549162877725, 3853.5285937105273, 4534.878508128582, 5336.699231206302, 6280.291441834246, 7390.722033525775, 8697.490026177835, 10235.310218990247, 12045.035402587811, 14174.741629268048, 16681.005372000593, 19630.406500402685, 23101.29700083158, 27185.8824273294, 31992.671377973846, 37649.35806792464, 44306.21457583878, 52140.082879996844, 61359.07273413163, 72208.09018385457, 84975.34359086439, 100000.0], "state1:gcv_func": [1.8006180116466878e-06, 1.7956656151916807e-06, 1.7900573455987023e-06, 1.7837409833017551e-06, 1.7766699212394726e-06, 1.7688060252136105e-06, 1.7601225930297836e-06, 1.750607161542813e-06, 1.7402638648704476e-06, 1.7291150419218549e-06, 1.7172018412060093e-06, 1.7045836779197994e-06, 1.6913365471575277e-06, 1.677550354467121e-06, 1.6633255473098432e-06, 1.648769379419647e-06, 1.6339920975147084e-06, 1.6191032226112485e-06, 1.6042079550922084e-06, 1.5894036294150293e-06, 1.5747761380679956e-06, 1.5603963578287164e-06, 1.5463168173715053e-06, 1.5325690696530834e-06, 1.5191623771511128e-06, 1.506084297983058e-06, 1.4933035421932185e-06, 1.4807750885462864e-06, 1.4684471164312006e-06, 1.4562689462973432e-06, 1.4441990029417402e-06, 1.432211860322662e-06, 1.420303657048392e-06, 1.4084954944835606e-06, 1.3968347384922794e-06, 1.3853943664510713e-06, 1.3742706132275801e-06, 1.3635792040297206e-06, 1.3534504754026653e-06, 1.3440237305655216e-06, 1.3354412759146434e-06, 1.327842729322606e-06, 1.321360335223457e-06, 1.3161161106261926e-06, 1.3122216313794165e-06, 1.3097811247518818e-06, 1.3088982733011821e-06, 1.3096868034769497e-06, 1.3122846069574631e-06, 1.3168709117298069e-06, 1.3236859594878303e-06, 1.3330527943906828e-06, 1.3454011089814925e-06, 1.36129355389077e-06, 1.3814553929828197e-06, 1.406808772189802e-06, 1.4385131091021698e-06, 1.4780132084779014e-06, 1.5270967343502646e-06, 1.5879627206224902e-06, 1.6633029631338652e-06, 1.7563984466519728e-06, 1.8712334109864273e-06, 2.012630216747069e-06, 2.1864088099034695e-06, 2.399575315198867e-06, 2.66054516119318e-06, 2.979407217299621e-06, 3.3682367579855898e-06, 3.8414666720983064e-06, 4.416328151838706e-06, 5.113374015861875e-06, 5.957099631706343e-06, 6.976677896525424e-06, 8.206825646227874e-06, 9.688819070129129e-06, 1.1471675091129993e-05, 1.3613514308589493e-05, 1.6183119363825014e-05, 1.9261701572709423e-05, 2.294489160775558e-05, 2.734498371786177e-05, 3.259349995101025e-05, 3.884422000640345e-05, 4.627696797032778e-05, 5.5102685417794437e-05, 6.557066772302222e-05, 7.79792998095698e-05, 9.26921687858538e-05, 0.00011016199332531193, 0.00013096530067446097, 0.00015585109716377058, 0.00018580681848924803, 0.00022214453796831626, 0.00026660969989366425, 0.0003215134536157917, 0.00038988786845133494, 0.0004756606833067595, 0.0005838426160548774, 0.0007207154371695951], "state1:lambda_lcurve": 30.41395299745102, "state1:gcv_lcurve": 1.3184207618930698e-06, "state1:min_error_lambda": 24.77076355991709, "state1:min_error_gcv": 1.3122846069574631e-06, "state1:min_lambda": 17.886495290574352, "state1:min_gcv": 1.3088982733011821e-06, "state2:lambdas": [0.01, 0.011768119524349984, 0.013848863713938732, 0.016297508346206444, 0.019179102616724886, 0.022570197196339202, 0.026560877829466867, 0.031257158496882355, 0.03678379771828634, 0.04328761281083057, 0.0509413801481638, 0.05994842503189409, 0.07054802310718641, 0.08302175681319744, 0.09770099572992251, 0.11497569953977356, 0.1353047774579807, 0.1592282793341092, 0.1873817422860384, 0.22051307399030456, 0.25950242113997357, 0.30538555088334157, 0.35938136638046275, 0.4229242874389499, 0.49770235643321087, 0.5857020818056664, 0.6892612104349695, 0.8111308307896868, 0.9545484566618337, 1.1233240329780276, 1.3219411484660286, 1.5556761439304723, 1.8307382802953678, 2.154434690031882, 2.5353644939701114, 2.983647240283337, 3.511191734215131, 4.132012400115334, 4.862601580065354, 5.722367659350215, 6.7341506577508214, 7.92482898353917, 9.326033468832199, 10.974987654930557, 12.91549665014884, 15.199110829529332, 17.886495290574352, 21.049041445120196, 24.77076355991709, 29.150530628251758, 34.30469286314916, 40.37017258596554, 47.50810162102793, 55.90810182512222, 65.79332246575676, 77.4263682681127, 91.11627561154887, 107.22672220103232, 126.1856883066021, 148.49682622544634, 174.7528400007683, 205.65123083486515, 242.01282647943833, 284.8035868435799, 335.1602650938841, 394.4206059437656, 464.1588833612773, 546.2277217684338, 642.807311728432, 756.463327554629, 890.2150854450374, 1047.6157527896642, 1232.8467394420659, 1450.8287784959402, 1707.3526474706887, 2009.2330025650458, 2364.4894126454074, 2782.559402207126, 3274.549162877725, 3853.5285937105273, 4534.878508128582, 5336.699231206302, 6280.291441834246, 7390.722033525775, 8697.490026177835, 10235.310218990247, 12045.035402587811, 14174.741629268048, 16681.005372000593, 19630.406500402685, 23101.29700083158, 27185.8824273294, 31992.671377973846, 37649.35806792464, 44306.21457583878, 52140.082879996844, 61359.07273413163, 72208.09018385457, 84975.34359086439, 100000.0],