{"state1:lambdas": [0.01, 0.011768119524349984, 0.013848863713938732, 0.016297508346206444, 0.019179102616724886, 0.022570197196339202, 0.026560877829466867, 0.031257158496882355, 0.03678379771828634, 0.04328761281083057, 0.0509413801481638, 0.05994842503189409, 0.07054802310718641, 0.08302175681319744, 0.09770099572992251, 0.11497569953977356, 0.1353047774579807, 0.1592282793341092, 0.1873817422860384, 0.22051307399030456, 0.25950242113997357, 0.30538555088334157, 0.35938136638046275, 0.4229242874389499, 0.49770235643321087, 0.5857020818056664, 0.6892612104349695, 0.8111308307896868, 0.9545484566618337, 1.1233240329780276, 1.3219411484660286, 1.5556761439304723, 1.8307382802953678, 2.154434690031882, 2.5353644939701114, 2.983647240283337, 3.511191734215131, 4.132012400115334, 4.862601580065354, 5.722367659350215, 6.7341506577508214, 7.92482898353917, 9.326033468832199, 10.974987654930557, 12.91549665014884, 15.199110829529332, 17.886495290574352, 21.049041445120196, 24.77076355991709, 29.150530628251758, 34.30469286314916, 40.37017258596554, 47.50810162102793, 55.90810182512222, 65.79332246575676, 77.4263682681127, 91.11627561154887, 107.22672220103232, 126.1856883066021, 148.49682622544634, 174.7528400007683, 205.65123083486515, 242.01282647943833, 284.8035868435799, 335.1602650938841, 394.4206059437656, 464.1588833612773, 546.2277217684338, 642.807311728432, 756.463327554629, 890.2150854450374, 1047.6157527896642, 1232.8467394420659, 1450.8287784959402, 1707.3526474706887, 2009.2330025650458, 2364.4894126454074, 2782.559402207126, 3274.549162877725, 3853.5285937105273, 4534.878508128582, 5336.699231206302, 6280.291441834246, 7390.722033525775, 8697.490026177835, 10235.310218990247, 12045.035402587811, 14174.741629268048, 16681.005372000593, 19630.406500402685, 23101.29700083158, 27185.8824273294, 31992.671377973846, 37649.35806792464, 44306.21457583878, 52140.082879996844, 61359.07273413163, 72208.09018385457, 84975.34359086439, 100000.0], "state1:gcv_func": [1.5825676548252095e-08, 1.5758948583256815e-08, 1.5684046149883795e-08, 1.5600559563666317e-08, 1.5508238859321717e-08, 1.540704580778261e-08, 1.5297205529077555e-08, 1.5179252488912543e-08, 1.5054064784929654e-08, 1.4922880553385347e-08, 1.4787291356488836e-08, 1.464920964569864e-08, 1.4510810624143542e-08, 1.4374452505318919e-08, 1.4242582525282152e-08, 1.411763835832169e-08, 1.4001955338189378e-08, 1.389768906965921e-08, 1.3806761043668604e-08, 1.3730832411039963e-08, 1.367130877050124e-08, 1.3629377089571789e-08, 1.3606074786104117e-08, 1.3602390392911549e-08, 1.3619394846342631e-08, 1.3658402056078546e-08, 1.372115692386246e-08, 1.381004845766874e-08, 1.3928345362887991e-08, 1.4080451983196396e-08, 1.427218432587368e-08, 1.4511069654168752e-08, 1.4806678894192788e-08, 1.517100841724268e-08, 1.5618935549986726e-08, 1.616877904182858e-08, 1.6843000466795914e-08, 1.7669084632568448e-08, 1.8680637036791694e-08, 1.9918735797332283e-08, 2.143357653433696e-08, 2.3286453769973823e-08, 2.5552133474241e-08, 2.8321689495112457e-08, 3.1705901947746724e-08, 3.583934759641507e-08, 4.088535005535478e-08, 4.704200076096871e-08, 5.454951046753034e-08, 6.36992068327628e-08, 7.484455863137716e-08, 8.841468374702126e-08, 1.0493088893651469e-07, 1.250268969596097e-07, 1.4947354457916142e-07, 1.792088877991712e-07, 2.153748351167508e-07, 2.593616529707414e-07, 3.1286195664318013e-07, 3.779361196804974e-07, 4.570914071370926e-07, 5.533775622019819e-07, 6.705020514519367e-07, 8.129687008171303e-07, 9.862440376956463e-07, 1.1969563003715703e-06, 1.4531327979553873e-06, 1.7644821155802426e-06, 2.1427285770712427e-06, 2.6020074145855702e-06, 3.1593302559388244e-06, 3.835131837340522e-06, 4.653910247129847e-06, 5.6449744931480206e-06, 6.8433146223221835e-06, 8.290610860132499e-06, 1.0036398921432168e-05, 1.2139408474343236e-05, 1.4669090723036903e-05, 1.7707350181359128e-05, 2.135049832020591e-05, 2.571146007724945e-05, 3.092230101407046e-05, 3.7137222223245536e-05, 4.453631584454105e-05, 5.3330612053221194e-05, 6.376929492335084e-05, 7.615042263135986e-05, 9.083702721315438e-05, 0.00010828103041700793, 0.00012905790288036297, 0.00015391530880059167, 0.00018383901935851226, 0.0002201390704563109, 0.00026455842988780127, 0.0003194052482856303, 0.0003877079748649294, 0.0004733899948341207, 0.0005814568221161595, 0.0007181840658470825], "state1:lambda_lcurve": 1.63316277322688, "state1:gcv_lcurve": 1.4592893762161157e-08, "state1:min_error_lambda": 0.9545484566618337, "state1:min_error_gcv": 1.3928345362887991e-08, "state1:min_lambda": 0.4229242874389499, "state1:min_gcv": 1.3602390392911549e-08, "state2:lambdas": [0.01, 0.011768119524349984, 0.013848863713938732, 0.016297508346206444, 0.019179102616724886, 0.022570197196339202, 0.026560877829466867, 0.031257158496882355, 0.03678379771828634, 0.04328761281083057, 0.0509413801481638, 0.05994842503189409, 0.07054802310718641, 0.08302175681319744, 0.09770099572992251, 0.11497569953977356, 0.1353047774579807, 0.1592282793341092, 0.1873817422860384, 0.22051307399030456, 0.25950242113997357, 0.30538555088334157, 0.35938136638046275, 0.4229242874389499, 0.49770235643321087, 0.5857020818056664, 0.6892612104349695, 0.8111308307896868, 0.9545484566618337, 1.1233240329780276, 1.3219411484660286, 1.5556761439304723, 1.8307382802953678, 2.154434690031882, 2.5353644939701114, 2.983647240283337, 3.511191734215131, 4.132012400115334, 4.862601580065354, 5.722367659350215, 6.7341506577508214, 7.92482898353917, 9.326033468832199, 10.974987654930557, 12.91549665014884, 15.199110829529332, 17.886495290574352, 21.049041445120196, 24.77076355991709, 29.150530628251758, 34.30469286314916, 40.37017258596554, 47.50810162102793, 55.90810182512222, 65.79332246575676, 77.4263682681127, 91.11627561154887, 107.22672220103232, 126.1856883066021, 148.49682622544634, 174.7528400007683, 205.65123083486515, 242.01282647943833, 284.8035868435799, 335.1602650938841, 394.4206059437656, 464.1588833612773, 546.2277217684338, 642.807311728432, 756.463327554629, 890.2150854450374, 1047.6157527896642, 1232.8467394420659, 1450.8287784959402, 1707.3526474706887, 2009.2330025650458, 2364.4894126454074, 2782.559402207126, 3274.549162877725, 3853.5285937105273, 4534.878508128582, 5336.699231206302, 6280.291441834246, 7390.722033525775, 8697.490026177835, 10235.310218990247, 12045.035402587811, 14174.741629268048, 16681.005372000593, 19630.406500402685, 23101.29700083158, 27185.8824273294, 31992.671377973846, 37649.35806792464, 44306.21457583878, 52140.082879996844, 61359.07273413163, 72208.09018385457, 84975.34359086439, 100000.0],