{"state1:residual": [0.0007750107780904864, 0.0007956734926008365, 0.0008156652625509514, 0.0008350139720216115, 0.000853748501283669, 0.0008718970864458746, 0.0008893912968015616, 0.0009061598581336011, 0.0009223700556547402, 0.0009380740859717321, 0.0009532842438115509, 0.0009680146213074345, 0.0009822727530375418, 0.0009960646790749678, 0.001009399560068208, 0.0010222881047055618, 0.001034745664294119, 0.0010467893704071978, 0.0010584302460272998, 0.0010696870346283912, 0.0010805733133896743, 0.0010910998713846223, 0.0011012782440034598, 0.0011110964942176826, 0.001120585760383177, 0.001129750301962743, 0.0012856934535083852, 0.0012882510567605331, 0.0012907171149772936, 0.0012930974384006964, 0.001295256673380315, 0.0012973133822687917, 0.0012993017668433238, 0.0013012185446082659, 0.0013030682928468454, 0.0013048558723417433, 0.0013065812987844325, 0.001308224473560891, 0.0013098144525776245, 0.0013113584869017805, 0.0013128603447267772, 0.0013143228029826681, 0.0013157472714077454, 0.001317134881176297, 0.001318485836517077, 0.0013198001796609147, 0.0013210771024771536, 0.001322317496998013, 0.0013235225206211798, 0.0013246942052484527, 0.0013258360277988923, 0.001326953735678589, 0.0013280541599588113, 0.001449481539208743, 0.0014658761273164348, 0.0020500658021296143, 0.002136865383611378, 0.002233886330868297, 0.0023421903229953827, 0.0024633594628584174, 0.002599052016644083, 0.003400192039111406, 0.003625059715090415, 0.0038695071217029384, 0.004131927410673369, 0.005242824981291726, 0.005574863702020166, 0.0059229395901245685, 0.007010612304142307, 0.007372326524041786, 0.007751639990059566, 0.008159328825350604, 0.008955179607858703, 0.009409926545790277, 0.009945108572102714, 0.01058218924593898, 0.011344380188924778, 0.012325728804945833, 0.013398512557527768, 0.014680465224878236, 0.01620295462806897, 0.017996568396175416, 0.02011615918533651, 0.02256996015193741, 0.025392180757872126, 0.028629011704852454, 0.0324812101024736, 0.036851457383427336, 0.04166870238493016, 0.04746552642081059, 0.053936108757084995, 0.06116488344584716, 0.06985890538318273, 0.0790792943516605, 0.08968290517640798, 0.0976684354210179, 0.10182327137690386, 0.10523364312639787, 0.10922979688083677, 0.11387837524829664], "state1:regularizer": [0.025111754734595638, 0.023157318888272525, 0.021368341771693437, 0.019728253949124842, 0.018218352188169563, 0.016826359982271524, 0.015524616432963786, 0.014306603229515094, 0.013176906983951785, 0.012148240503067363, 0.011216912830662291, 0.010353254072268094, 0.009542101073189771, 0.00878448502966207, 0.008071007557919726, 0.007407409433030733, 0.0067931489890211165, 0.006221005777286469, 0.005692563606429662, 0.005199587442330727, 0.004756478510016578, 0.004351775027058296, 0.003979181724796265, 0.0036329887894079775, 0.0033167319558661066, 0.003027977529139707, 0.00017819149342110634, 0.00016328146427517683, 0.00014964804795422355, 0.0001374024901755564, 0.0001273471069715539, 0.00011856051624001013, 0.00011075076888814647, 0.00010374482262791047, 9.754475126600836e-05, 9.203393311749044e-05, 8.744140770274023e-05, 8.36830323178335e-05, 8.045774777471187e-05, 7.776147317897254e-05, 7.527845713322084e-05, 7.302746290831046e-05, 7.112028065356119e-05, 6.958715900201324e-05, 6.820736507373755e-05, 6.707603770294245e-05, 6.611812571690086e-05, 6.538553918863672e-05, 6.477337982024618e-05, 6.430425564645306e-05, 6.392403418487187e-05, 6.360294348282773e-05, 6.331219015664937e-05, 5.774109810950147e-05, 5.7489887987471726e-05, 5.2857197568536955e-05, 5.259448960804724e-05, 5.233226633827564e-05, 5.207904786911754e-05, 5.1826871692836445e-05, 5.157749711684045e-05, 4.825117774406428e-05, 4.7933988154623235e-05, 4.7614126731802646e-05, 4.730014093026324e-05, 4.4254928372784545e-05, 4.390299096057159e-05, 4.35601627171529e-05, 4.101210306745994e-05, 4.070136200721563e-05, 4.0408406669727e-05, 4.013064267851651e-05, 3.837804734937566e-05, 3.8153250257143105e-05, 3.792321213768723e-05, 3.7681272633881095e-05, 3.74214596911655e-05, 3.625077785132224e-05, 3.595569044184243e-05, 3.562550092834748e-05, 3.525398306653948e-05, 3.430228534335566e-05, 3.3829341637865544e-05, 3.337387533517821e-05, 3.274669556208986e-05, 3.1926995233573334e-05, 3.111504116964491e-05, 3.0156996359739438e-05, 2.910279438586398e-05, 2.7999888176420337e-05, 2.6476771811749164e-05, 2.5273180510361135e-05, 2.3663666591065488e-05, 2.19420335376818e-05, 1.9970882639495577e-05, 1.850040684977898e-05, 1.775409307782673e-05, 1.7261966870187398e-05, 1.6704868197258207e-05, 1.6158058662537125e-05], "state1:res_corner": 0.0013261886904642913, "state1:reg_corner": 6.38154967001316e-05, "state1:res_min": 0.0013280541599588113, "state1:reg_min": 6.331219015664937e-05, "state1:res_gcv": 0.0, "state1:reg_gcv": 0.12928981756925367, "state1:lambda_lc": 1.1202189713668549, "state1:gcv_lc": 1.5547583753604065e-05, "state2:residual": [0.0008834439985539932, 0.000905072158615315, 0.0009255727396132449, 0.0009449878881216716, 0.000963363951127579, 0.000980749509340813, 0.0009971940040801991, 0.0010124942228724287, 0.0010269153426394832, 0.0010405225699130923, 0.0010533674457035114, 0.0010654820834779893, 0.0010768623673202448, 0.0010876609447126565, 0.001097863821506656, 0.00110754504716981, 0.001116817395114169, 0.0011257300646608833, 0.001134330300235649, 0.0011426597875589734, 0.0011507548910803854, 0.001158646536538869, 0.0011663608902178792, 0.0011739204123032334, 0.0011813515202367699, 0.0013639984806388236, 0.0013669037114526872, 0.0013696955327945509, 0.0013723533222346467, 0.0013748959134184478, 0.0013773936622865155, 0.001379866615113737, 0.001382328156572445, 0.0013847921032807574, 0.0013872608609790413, 0.0013897333730480965, 0.0013922462993428517, 0.0013948145253507437, 0.00139743929631315, 0.0015854253884746425, 0.0016190331288881503, 0.0016567941837343887, 0.001700362179066489, 0.0020512766185441654, 0.002140259449081505, 0.002240384876459611, 0.002822577507477611, 0.0029895036403171085, 0.003171345279770233, 0.003940989574493834, 0.004195454062699777, 0.004469289154299808, 0.004765142678735309, 0.005689748968202055, 0.006068684539830661, 0.006480398837527472, 0.007488170823089425, 0.008018882020349815, 0.008602696103361637, 0.009247183587544502, 0.010538301727527661, 0.0113853303865372, 0.012323843552997146, 0.013362250116825406, 0.015190736097334965, 0.016493907070016977, 0.017891631806278334, 0.020121100305578805, 0.02193849805483786, 0.023806382931643326, 0.025692873447073092, 0.02836327024620105, 0.030914601196563227, 0.03346299608435007, 0.03601191707942154, 0.03917889094200932, 0.04285748236303661, 0.04592377279617161, 0.05034487008397744, 0.05354046803431256, 0.05827662645200455, 0.0626800172930355, 0.06811873549922098, 0.07399541663167138, 0.08069692074250227, 0.08766681118731758, 0.09662977838469994, 0.10539389947990556, 0.1157018440263303, 0.1195714647847744, 0.1242432970257578, 0.12921061384372584, 0.13570217231690634, 0.14297398555665497, 0.15206810132143148, 0.16387903393409306, 0.17642209241994924, 0.192585656026266, 0.2125314560953206, 0.23496406509173837],