{"state1:residual": [0.015575512632831193, 0.020140432519411153, 0.024290601660525466, 0.0291752950312772, 0.034839631834938434, 0.04125640437589669, 0.04990453897740851, 0.05789881697219529, 0.06546495239624678, 0.07235247357012746, 0.07918139506468995, 0.0856303768812721, 0.09247436442707378, 0.09805448846389984, 0.10292184421850921, 0.10718198157386281, 0.11083968477418524, 0.11358618073857106, 0.11697455192374485, 0.11994042113328629, 0.12286307062676871, 0.1253585250424075, 0.1273003879549817, 0.12889971237447895, 0.13073898776052156, 0.1329289980525276, 0.13433905498766782, 0.13580595663152656, 0.13703914428098599, 0.1382897817411858, 0.13955583326924723, 0.14081670615451136, 0.14192900790852975, 0.14298935360791598, 0.1441025034375946, 0.14530135935053468, 0.14640487743848457, 0.1474005829214761, 0.14815357055441833, 0.14858273431686073, 0.1488662789908364, 0.14917614494752574, 0.14940671973756173, 0.14967749671023384, 0.1500397115081461, 0.15034124166767635, 0.15066540230739872, 0.15109413569461516, 0.15141424555144586, 0.15196215944451236, 0.15219470161304408, 0.15244317390853335, 0.15258533069368865, 0.15271546096561017, 0.15282264126909337, 0.15294207239989674, 0.15305224814113663, 0.1531288288392862, 0.15320891527176406, 0.15332907282188346, 0.153426595919585, 0.15351772487368542, 0.15365029383267365, 0.15380201002647553, 0.15399897024324755, 0.15429268795463175, 0.1546872858034337, 0.15532552366291535, 0.1562362141771811, 0.15759612223953634, 0.15962720983731588, 0.16242297611154097, 0.16682129425219216, 0.17265665335093133, 0.18114174131771982, 0.1906059710144586, 0.19431985146762237, 0.19848628494882764, 0.2039755978274853, 0.211453698626713, 0.2205795356535568, 0.22845633215245123, 0.23673363622829985, 0.24715265895917654, 0.26005379658762806, 0.2743890265038216, 0.2908876177637016, 0.3100235686334331, 0.3341454256069985, 0.359947975303387, 0.39240420751301847, 0.4283827520059021, 0.4739929079687582, 0.5285024490689026, 0.5979002173547643, 0.6846213914805506, 0.690372812338181, 0.6903872916264258, 0.6903923432922713, 0.6903950976454172], "state1:regularizer": [12.055379265341646, 11.24047954166442, 10.546832610135773, 9.74597986585955, 8.837606961306381, 7.8413925077442705, 6.519859147831969, 5.388441066441679, 4.384651673044425, 3.5558045155689566, 2.8219645858774007, 2.2037373732961063, 1.6159935752342265, 1.2157435117104254, 0.9143305966694362, 0.6914269807914533, 0.5267458043650742, 0.4295845538213044, 0.31910264996179916, 0.24359602810878422, 0.17863741925767773, 0.13370212761728412, 0.10502751082633799, 0.08570729795240942, 0.06655769616451104, 0.04735549351083901, 0.0383914025833358, 0.02951164986276704, 0.02364253936374517, 0.018627949704428323, 0.01454078557114856, 0.011072448067152657, 0.008672373645804959, 0.006744920907889296, 0.005087785727196928, 0.0036114832399973982, 0.0024958898261552937, 0.0016491238523030525, 0.0010962376674001793, 0.0008477837379458645, 0.0007046820627337079, 0.0005612668196099428, 0.00048482262121429375, 0.00040013462087720286, 0.00031976733765541176, 0.0002703678052530479, 0.00022652073684774343, 0.00017662340896153206, 0.00014619376078817137, 9.789845414861359e-05, 8.301525592883247e-05, 6.838055617542499e-05, 6.254541737343161e-05, 5.796688861322424e-05, 5.50983088788079e-05, 5.099498756826887e-05, 4.7359586567992384e-05, 4.641700181434033e-05, 4.5634538684231896e-05, 4.269911953710265e-05, 4.1654021228486326e-05, 4.17221247099378e-05, 4.027835194075208e-05, 3.966548209100723e-05, 3.875858656417902e-05, 3.814738025912506e-05, 3.700131147148927e-05, 3.6084466535926674e-05, 3.459892071536186e-05, 3.375028531987789e-05, 3.178874840524537e-05, 3.004236931122839e-05, 2.775047226512284e-05, 2.535057694640075e-05, 2.218923146539431e-05, 1.9134497325590943e-05, 1.8149077681568065e-05, 1.722507961943176e-05, 1.6207166988149724e-05, 1.5053219470748114e-05, 1.3866671954514131e-05, 1.2993453437339098e-05, 1.2198850573484632e-05, 1.1398588971346657e-05, 1.0577726716448632e-05, 9.782082727542545e-06, 9.002575327705757e-06, 8.222817031218292e-06, 7.356663919789834e-06, 6.555695923042386e-06, 5.666514112992287e-06, 4.794677159985876e-06, 3.8103975255219732e-06, 2.75101790795252e-06, 1.521454770179835e-06, 1.0889225122556051e-07, 2.087202232315538e-08, 2.373163543716722e-08, 2.1501216630921693e-08, 2.2444387746782535e-08], "state1:res_corner": 0.15380980209383052, "state1:reg_corner": 3.9317342359575236e-05, "state1:res_min": 0.1546872858034337, "state1:reg_min": 3.700131147148927e-05, "state1:res_gcv": 0.15962720983731588, "state1:reg_gcv": 3.178874840524537e-05, "state1:lambda_lc": 54.30286313894533, "state1:gcv_lc": 0.00044824224997013645, "state2:residual": [0.015076283709496407, 0.019508208630117603, 0.023582758016994512, 0.02838996124319658, 0.03399339456154276, 0.04039692754210403, 0.04926086403886882, 0.05688368935789067, 0.06473746675773888, 0.07223778018052604, 0.07922149433231691, 0.08542956477038847, 0.09057658887342188, 0.09461743307232622, 0.09823588038004018, 0.10092733652040706, 0.10326733579085036, 0.10626034320845845, 0.10882727396610586, 0.11158152880073097, 0.11323628470181324, 0.11474357447206236, 0.11592226509529412, 0.11659425242451629, 0.11736261020819837, 0.11793883444441068, 0.11873567314697112, 0.11932149879282693, 0.12009728611241385, 0.12068756860137439, 0.12122644440986163, 0.121645597858314, 0.12231789880210753, 0.12279010095866401, 0.1232958785808554, 0.12388016890606085, 0.12437814257960289, 0.12492096184136701, 0.125490246832942, 0.12585524744453225, 0.1262130610098074, 0.1265686424500351, 0.12697335630465606, 0.1273190052094175, 0.12760640062575307, 0.1278254952096419, 0.12799353017430576, 0.12814408446116557, 0.12826855244956425, 0.12844740608173333, 0.12864354338941447, 0.12887883959307664, 0.12917035358549064, 0.12946730612444785, 0.12983505128885148, 0.13037187583281762, 0.13090196269172807, 0.1317312361126018, 0.13256351761920518, 0.13382576525265846, 0.1351795484723492, 0.1366734152611354, 0.1385169843572656, 0.14052066162750063, 0.142695807592276, 0.14545780883496084, 0.14909414640393165, 0.15348890970501217, 0.15961794495131398, 0.16707970331544877, 0.17622326510582487, 0.1807738965279376, 0.18656688526239792, 0.19393477226669475, 0.20570025884780435, 0.22025530456117812, 0.24232396139828433, 0.2702810337982609, 0.3051701139693867, 0.3522021974955947, 0.41108042503579817, 0.48224903863937957, 0.5702926017438181, 0.6788603904634235, 0.7675501704671204, 0.8041311554833772, 0.8555129760893562, 0.9143086952088848, 0.9998690279497413, 1.0993740583789178, 1.2022795237162787, 1.213631713867747, 1.2312443137861937, 1.2575415337499398, 1.2939066150655578, 1.3441571414946234, 1.4152551157821252, 1.5136086066402845, 1.642081791359641, 1.8150400673902198],