{"state1:residual": [0.9009809254251911, 0.9674161160734331, 1.0375732965201125, 1.0829703398615131, 1.1263491423089782, 1.1692654169463221, 1.1983559574715086, 1.2167150455561115, 1.2354645882921627, 1.2554896948348397, 1.2761343634891327, 1.292975753785525, 1.3049111312882284, 1.3158771929536095, 1.3254365385009976, 1.3353915840939823, 1.3461435889166031, 1.3593895701527754, 1.3728950510366633, 1.388608706799717, 1.406183800178771, 1.4209801452135986, 1.4382347397797886, 1.45296247592307, 1.4618250070508592, 1.4682849279425916, 1.476704223792918, 1.4841679049591536, 1.4895556755450736, 1.4928590077822521, 1.4958325300549073, 1.4984616203121999, 1.5006473094930457, 1.5030514566055868, 1.5042238153483123, 1.5051956193856748, 1.5060163941064648, 1.5068633460324583, 1.5078663627337057, 1.5092405377518336, 1.51092924565443, 1.51274482528404, 1.515009425792322, 1.5160644790222482, 1.5165625652637111, 1.5171494831266974, 1.5178033168289016, 1.5184718358828724, 1.5192134479219128, 1.5197503601984372, 1.5203875386160235, 1.521046114254964, 1.5215710191029455, 1.5221157019412823, 1.522695943202942, 1.5234858254884707, 1.5245397767301352, 1.5258972365645382, 1.5277532726514944, 1.5304396539756753, 1.5337896361197676, 1.5382762063680628, 1.5442346260079163, 1.5519245361600498, 1.5557258094869242, 1.557217893075023, 1.5589477341235742, 1.5614527580048676, 1.5645104619648225, 1.5658893372741163, 1.567103786562873, 1.5684963479173295, 1.5707264880700709, 1.5730186271233575, 1.57633446238903, 1.5805318746819284, 1.5854081202609371, 1.5921975777703912, 1.6011118486538949, 1.6129270013428345, 1.6286439132194972, 1.6498640737075003, 1.679172184124206, 1.6827432825847308, 1.6827477198656788, 1.6827495737257376, 1.682750357737832, 1.6827508998068934, 1.6827512186369384, 1.6827514226604787, 1.6827515378215867, 1.682751632586489, 1.6827516884070133, 1.6827517490295445, 1.6827517765562623, 1.6827517944166672, 1.6827518059941395, 1.682751815301312, 1.682751821782105, 1.6827518272298578], "state1:regularizer": [23.51176582656477, 17.858552818053127, 12.517041598512002, 9.476743350593246, 6.97406262428475, 4.829115697556942, 3.5747752467980956, 2.909309905101082, 2.339850922942868, 1.8263691117552, 1.3775568404060614, 1.070895521597933, 0.885290337893698, 0.7451778686749698, 0.6420112687617832, 0.5529877470058813, 0.4725576140300855, 0.38956954906394387, 0.3181895389302928, 0.24913098239091533, 0.1832773268520968, 0.13699011241528308, 0.09196153093563161, 0.05955244229635075, 0.04299697399119336, 0.0331086242077403, 0.0222785471259586, 0.014265527087695384, 0.00943840468148902, 0.0069700692643251735, 0.005136811763463775, 0.003770119522885732, 0.002835325817850511, 0.0019660878769568717, 0.0016184911153161192, 0.0013772556705050083, 0.00120800035789226, 0.0010604375956093457, 0.0009181445878930512, 0.0007588486087425194, 0.0005931898805536847, 0.000446801863361301, 0.0002951603589737891, 0.00023349495234007388, 0.00021019185004938871, 0.0001874151864195931, 0.00016634186748872883, 0.00014853196467448475, 0.00013164467378874896, 0.0001213512183621205, 0.00011160123110500776, 0.0001029432096251743, 9.71536194405171e-05, 9.238089645756571e-05, 8.816896020806715e-05, 8.325157887897026e-05, 7.797439530689114e-05, 7.223311339952902e-05, 6.588590456304937e-05, 5.821506251737878e-05, 5.019445408793559e-05, 4.13297613521043e-05, 3.149331849621427e-05, 2.0984359627910718e-05, 1.6396162624545893e-05, 1.4950266594515246e-05, 1.3581210087243098e-05, 1.1946592333783243e-05, 1.0256666703852002e-05, 9.610920700300896e-06, 9.142039796117968e-06, 8.701386744351669e-06, 8.129764432700248e-06, 7.629606672179823e-06, 7.023271656227126e-06, 6.3962715903323475e-06, 5.78762299331681e-06, 5.078337569075497e-06, 4.302801897088093e-06, 3.4476674705269383e-06, 2.4955564568301947e-06, 1.4139743056557075e-06, 1.6222019662975873e-07, 2.0005162089387074e-08, 1.8767788788343065e-08, 2.2180411667072075e-08, 2.191467899509414e-08, 1.9550945411228593e-08, 2.1762780834377882e-08, 1.78805604003629e-08, 1.8793054841481638e-08, 1.8325733618096418e-08, 1.7997895875032643e-08, 2.2270520157186002e-08, 1.9166766819511682e-08, 2.367256386054395e-08, 1.7976302994771043e-08, 1.8491378296625616e-08, 1.945771321149037e-08, 1.881192032010537e-08], "state1:res_corner": 1.522430071201718, "state1:reg_corner": 8.975946813028803e-05, "state1:res_min": 1.5382762063680628, "state1:reg_min": 4.13297613521043e-05, "state1:res_gcv": 1.567103786562873, "state1:reg_gcv": 9.142039796117968e-06, "state1:lambda_lc": 210.44950422135304, "state1:gcv_lc": 0.015986777069864806, "state2:residual": [0.8761640887153433, 0.9321054303621048, 0.9752010149921922, 1.0102453532405575, 1.0406670628589383, 1.071411740431388, 1.099598038497893, 1.1232896035199609, 1.1401704683985285, 1.1604946888677699, 1.176399481916495, 1.1910373533150138, 1.2073755376008732, 1.2233844906155296, 1.238659022453253, 1.2507208403995798, 1.263985248133572, 1.2787822063128766, 1.2937884002064384, 1.3126295934969399, 1.3329086227444014, 1.3563715523169175, 1.3701744301050742, 1.3775759021787606, 1.385661527937578, 1.3932898857831821, 1.4011463667447963, 1.408773252920463, 1.4171884059012363, 1.4240797772829659, 1.4320664500195126, 1.4375570466072642, 1.4430507050883747, 1.4488202842298055, 1.4541620734647436, 1.459427667461234, 1.4634061454100094, 1.4645857691464539, 1.4653293498342452, 1.4662374284017654, 1.4670613055722157, 1.467980346489047, 1.4687525898637253, 1.469614745824343, 1.4704615806673373, 1.4715107635698073, 1.4733265280086931, 1.4751269903133573, 1.4769723607055334, 1.478577496364945, 1.4804612047588661, 1.4824118979022753, 1.4845174892838084, 1.4868459829596796, 1.4886076167950604, 1.4894300547466768, 1.4902920434706115, 1.4915038127091698, 1.4932510772749203, 1.495136774085973, 1.4981005211929264, 1.502200389440725, 1.5070473967971203, 1.5141148943987193, 1.5243950674685118, 1.5376008281322395, 1.555031069131415, 1.5785900513650724, 1.6103249165417846, 1.6531920165183087, 1.6896861100797231, 1.7049512541753333, 1.7261014281371985, 1.7537687676825346, 1.7893842600914476, 1.8360555484995114, 1.9029290140537372, 1.9300791188611532, 1.9390965114223642, 1.951549643503625, 1.9681662254695227, 1.9903761390573458, 2.020170906706801, 2.060291965462156, 2.114466875820507, 2.187670670563721, 2.286394245971848, 2.418880754646644, 2.595290449954554, 2.8277789444771244, 2.9237120983542666, 2.923713185554739, 2.9237134604960895, 2.9237136134711608, 2.9237137093957317, 2.9237137610362063, 2.9237137860202296, 2.9237138121103814, 2.9237138268552614, 2.923713838259958],