{"state1:lambdas": [0.01, 0.011768119524349984, 0.013848863713938732, 0.016297508346206444, 0.019179102616724886, 0.022570197196339202, 0.026560877829466867, 0.031257158496882355, 0.03678379771828634, 0.04328761281083057, 0.0509413801481638, 0.05994842503189409, 0.07054802310718641, 0.08302175681319744, 0.09770099572992251, 0.11497569953977356, 0.1353047774579807, 0.1592282793341092, 0.1873817422860384, 0.22051307399030456, 0.25950242113997357, 0.30538555088334157, 0.35938136638046275, 0.4229242874389499, 0.49770235643321087, 0.5857020818056664, 0.6892612104349695, 0.8111308307896868, 0.9545484566618337, 1.1233240329780276, 1.3219411484660286, 1.5556761439304723, 1.8307382802953678, 2.154434690031882, 2.5353644939701114, 2.983647240283337, 3.511191734215131, 4.132012400115334, 4.862601580065354, 5.722367659350215, 6.7341506577508214, 7.92482898353917, 9.326033468832199, 10.974987654930557, 12.91549665014884, 15.199110829529332, 17.886495290574352, 21.049041445120196, 24.77076355991709, 29.150530628251758, 34.30469286314916, 40.37017258596554, 47.50810162102793, 55.90810182512222, 65.79332246575676, 77.4263682681127, 91.11627561154887, 107.22672220103232, 126.1856883066021, 148.49682622544634, 174.7528400007683, 205.65123083486515, 242.01282647943833, 284.8035868435799, 335.1602650938841, 394.4206059437656, 464.1588833612773, 546.2277217684338, 642.807311728432, 756.463327554629, 890.2150854450374, 1047.6157527896642, 1232.8467394420659, 1450.8287784959402, 1707.3526474706887, 2009.2330025650458, 2364.4894126454074, 2782.559402207126, 3274.549162877725, 3853.5285937105273, 4534.878508128582, 5336.699231206302, 6280.291441834246, 7390.722033525775, 8697.490026177835, 10235.310218990247, 12045.035402587811, 14174.741629268048, 16681.005372000593, 19630.406500402685, 23101.29700083158, 27185.8824273294, 31992.671377973846, 37649.35806792464, 44306.21457583878, 52140.082879996844, 61359.07273413163, 72208.09018385457, 84975.34359086439, 100000.0], "state1:gcv_func": [2.264024550904752, 2.255010624773504, 2.244771463854692, 2.2331992096746878, 2.2201932821711603, 2.2056655290565486, 2.189545837385454, 2.1717878459149484, 2.1523742858749313, 2.1313214073082674, 2.108681943011762, 2.084546138614507, 2.0590405369288898, 2.0323244314035334, 2.0045841662512904, 1.9760257199959097, 1.9468662243643153, 1.9173252069595679, 1.8876163794592415, 1.85794071215893, 1.828481346182989, 1.7994006214355232, 1.7708391848245824, 1.7429168458705249, 1.7157346237022564, 1.6893773262093208, 1.6639160381023281, 1.6394100551220545, 1.615908039703752, 1.5934484227075332, 1.5720592711638692, 1.551757940188534, 1.5325508197431559, 1.5144333986944045, 1.4973907444841268, 1.481398382499378, 1.4664234863402446, 1.4524262689286787, 1.439361485996048, 1.427180007420973, 1.4158304551007483, 1.4052609313251772, 1.3954208630417022, 1.3862629705927043, 1.3777453466980192, 1.3698336142709635, 1.3625031266464884, 1.3557411834258544, 1.3495492619774807, 1.343945313247815, 1.3389662431657807, 1.3346707887072633, 1.331143074440891, 1.3284971611534777, 1.3268828342559538, 1.3264927086498797, 1.3275704657869913, 1.3304197368805457, 1.3354128651476755, 1.3429985673963023, 1.3537073880525943, 1.3681537865324038, 1.3870337105703074, 1.4111166091592278, 1.4412311171700873, 1.4782442398615985, 1.5230349082323753, 1.5764642731013896, 1.6393468297361258, 1.7124279097429906, 1.796373554467779, 1.8917776795661108, 1.9991885470846802, 2.119152331088904, 2.25226709391961, 2.3992371976491618, 2.560917255141692, 2.738336669129327, 2.93270019552961, 3.14536560854429, 3.3778048576408364, 3.6315585425625136, 3.908193934025671, 4.209273657660294, 4.536335979726522, 4.890879895215956, 5.274341318835441, 5.688043314590885, 6.13310544692908, 6.610305324998818, 7.11989753539701, 7.66140819184875, 8.233433741926323, 8.833477882537952, 9.457859460912033, 10.101717465451507, 10.759127793836036, 11.423331875377865, 12.087061350401202, 12.74292842138819], "state1:lambda_lcurve": 143.94742672603292, "state1:gcv_lcurve": 1.3413248595100162, "state1:min_error_lambda": 77.4263682681127, "state1:min_error_gcv": 1.3264927086498797, "state1:min_lambda": 77.4263682681127, "state1:min_gcv": 1.3264927086498797, "state2:lambdas": [0.01, 0.011768119524349984, 0.013848863713938732, 0.016297508346206444, 0.019179102616724886, 0.022570197196339202, 0.026560877829466867, 0.031257158496882355, 0.03678379771828634, 0.04328761281083057, 0.0509413801481638, 0.05994842503189409, 0.07054802310718641, 0.08302175681319744, 0.09770099572992251, 0.11497569953977356, 0.1353047774579807, 0.1592282793341092, 0.1873817422860384, 0.22051307399030456, 0.25950242113997357, 0.30538555088334157, 0.35938136638046275, 0.4229242874389499, 0.49770235643321087, 0.5857020818056664, 0.6892612104349695, 0.8111308307896868, 0.9545484566618337, 1.1233240329780276, 1.3219411484660286, 1.5556761439304723, 1.8307382802953678, 2.154434690031882, 2.5353644939701114, 2.983647240283337, 3.511191734215131, 4.132012400115334, 4.862601580065354, 5.722367659350215, 6.7341506577508214, 7.92482898353917, 9.326033468832199, 10.974987654930557, 12.91549665014884, 15.199110829529332, 17.886495290574352, 21.049041445120196, 24.77076355991709, 29.150530628251758, 34.30469286314916, 40.37017258596554, 47.50810162102793, 55.90810182512222, 65.79332246575676, 77.4263682681127, 91.11627561154887, 107.22672220103232, 126.1856883066021, 148.49682622544634, 174.7528400007683, 205.65123083486515, 242.01282647943833, 284.8035868435799, 335.1602650938841, 394.4206059437656, 464.1588833612773, 546.2277217684338, 642.807311728432, 756.463327554629, 890.2150854450374, 1047.6157527896642, 1232.8467394420659, 1450.8287784959402, 1707.3526474706887, 2009.2330025650458, 2364.4894126454074, 2782.559402207126, 3274.549162877725, 3853.5285937105273, 4534.878508128582, 5336.699231206302, 6280.291441834246, 7390.722033525775, 8697.490026177835, 10235.310218990247, 12045.035402587811, 14174.741629268048, 16681.005372000593, 19630.406500402685, 23101.29700083158, 27185.8824273294, 31992.671377973846, 37649.35806792464, 44306.21457583878, 52140.082879996844, 61359.07273413163, 72208.09018385457, 84975.34359086439, 100000.0],