{"state1:lambdas": [0.01, 0.011768119524349984, 0.013848863713938732, 0.016297508346206444, 0.019179102616724886, 0.022570197196339202, 0.026560877829466867, 0.031257158496882355, 0.03678379771828634, 0.04328761281083057, 0.0509413801481638, 0.05994842503189409, 0.07054802310718641, 0.08302175681319744, 0.09770099572992251, 0.11497569953977356, 0.1353047774579807, 0.1592282793341092, 0.1873817422860384, 0.22051307399030456, 0.25950242113997357, 0.30538555088334157, 0.35938136638046275, 0.4229242874389499, 0.49770235643321087, 0.5857020818056664, 0.6892612104349695, 0.8111308307896868, 0.9545484566618337, 1.1233240329780276, 1.3219411484660286, 1.5556761439304723, 1.8307382802953678, 2.154434690031882, 2.5353644939701114, 2.983647240283337, 3.511191734215131, 4.132012400115334, 4.862601580065354, 5.722367659350215, 6.7341506577508214, 7.92482898353917, 9.326033468832199, 10.974987654930557, 12.91549665014884, 15.199110829529332, 17.886495290574352, 21.049041445120196, 24.77076355991709, 29.150530628251758, 34.30469286314916, 40.37017258596554, 47.50810162102793, 55.90810182512222, 65.79332246575676, 77.4263682681127, 91.11627561154887, 107.22672220103232, 126.1856883066021, 148.49682622544634, 174.7528400007683, 205.65123083486515, 242.01282647943833, 284.8035868435799, 335.1602650938841, 394.4206059437656, 464.1588833612773, 546.2277217684338, 642.807311728432, 756.463327554629, 890.2150854450374, 1047.6157527896642, 1232.8467394420659, 1450.8287784959402, 1707.3526474706887, 2009.2330025650458, 2364.4894126454074, 2782.559402207126, 3274.549162877725, 3853.5285937105273, 4534.878508128582, 5336.699231206302, 6280.291441834246, 7390.722033525775, 8697.490026177835, 10235.310218990247, 12045.035402587811, 14174.741629268048, 16681.005372000593, 19630.406500402685, 23101.29700083158, 27185.8824273294, 31992.671377973846, 37649.35806792464, 44306.21457583878, 52140.082879996844, 61359.07273413163, 72208.09018385457, 84975.34359086439, 100000.0], "state1:gcv_func": [0.027231286902626183, 0.02709345596480972, 0.02693663934315955, 0.026759108565446985, 0.02655924098847794, 0.026335605297525717, 0.026087057076460037, 0.02581283870114011, 0.025512675438434638, 0.025186857824916527, 0.024836299765786714, 0.024462562868270494, 0.02406784053865264, 0.023654900070654013, 0.02322698652177572, 0.02278769739465932, 0.022340840751917914, 0.021890290551005293, 0.021439851606081837, 0.020993143381146995, 0.020553507991072546, 0.020123944488952952, 0.01970706938950861, 0.019305102370336984, 0.018919875655649183, 0.01855286508180336, 0.01820523993124313, 0.017877927423960945, 0.017571686744718783, 0.017287187200858832, 0.01702508589017388, 0.016786102120386878, 0.0165710884714007, 0.016381101369514293, 0.016217476864488753, 0.01608191956476536, 0.015976614153016596, 0.015904369556794196, 0.015868805941848935, 0.01587459475687466, 0.015927762813199575, 0.01603607359725486, 0.01620950330488586, 0.016460835771172258, 0.016806409496807128, 0.017267060942175897, 0.017869320478311378, 0.018646929899365713, 0.01964276200053362, 0.020911231864874442, 0.02252129416794568, 0.02456011828363604, 0.02713751956940533, 0.030391196146209384, 0.034492770265602345, 0.039654556846796835, 0.04613687594517345, 0.05425559155122465, 0.06438940150256657, 0.07698623175146074, 0.09256791580004613, 0.1117321864661399, 0.13515090748664857, 0.16356349097898243, 0.19776468480018372, 0.23858649589334113, 0.2868750372141867, 0.3434645235474907, 0.40915225943653566, 0.4846797762720227, 0.5707256422861938, 0.6679143220794538, 0.7768426216258142, 0.8981211640563687, 1.0324240631189714, 1.180536871000416, 1.3433921563229907, 1.5220842262466332, 1.7178591521296707, 1.9320822003607951, 2.166190365817231, 2.421641292052066, 2.6998701586953744, 3.0022625790133985, 3.330144656446144, 3.6847827440123493, 4.06737772288386, 4.4790346470563085, 4.920690487863815, 5.39299082279804, 5.896118903503404, 6.429594292914469, 6.9920695313421675, 7.581159362864491, 8.193336802223872, 8.823924013906034, 9.467194681753371, 10.116589705923774, 10.765031665877189, 11.405308202679187], "state1:lambda_lcurve": 5.107264225501563, "state1:gcv_lcurve": 0.015865950880942645, "state1:min_error_lambda": 6.7341506577508214, "state1:min_error_gcv": 0.015927762813199575, "state1:min_lambda": 4.862601580065354, "state1:min_gcv": 0.015868805941848935, "state2:lambdas": [0.01, 0.011768119524349984, 0.013848863713938732, 0.016297508346206444, 0.019179102616724886, 0.022570197196339202, 0.026560877829466867, 0.031257158496882355, 0.03678379771828634, 0.04328761281083057, 0.0509413801481638, 0.05994842503189409, 0.07054802310718641, 0.08302175681319744, 0.09770099572992251, 0.11497569953977356, 0.1353047774579807, 0.1592282793341092, 0.1873817422860384, 0.22051307399030456, 0.25950242113997357, 0.30538555088334157, 0.35938136638046275, 0.4229242874389499, 0.49770235643321087, 0.5857020818056664, 0.6892612104349695, 0.8111308307896868, 0.9545484566618337, 1.1233240329780276, 1.3219411484660286, 1.5556761439304723, 1.8307382802953678, 2.154434690031882, 2.5353644939701114, 2.983647240283337, 3.511191734215131, 4.132012400115334, 4.862601580065354, 5.722367659350215, 6.7341506577508214, 7.92482898353917, 9.326033468832199, 10.974987654930557, 12.91549665014884, 15.199110829529332, 17.886495290574352, 21.049041445120196, 24.77076355991709, 29.150530628251758, 34.30469286314916, 40.37017258596554, 47.50810162102793, 55.90810182512222, 65.79332246575676, 77.4263682681127, 91.11627561154887, 107.22672220103232, 126.1856883066021, 148.49682622544634, 174.7528400007683, 205.65123083486515, 242.01282647943833, 284.8035868435799, 335.1602650938841, 394.4206059437656, 464.1588833612773, 546.2277217684338, 642.807311728432, 756.463327554629, 890.2150854450374, 1047.6157527896642, 1232.8467394420659, 1450.8287784959402, 1707.3526474706887, 2009.2330025650458, 2364.4894126454074, 2782.559402207126, 3274.549162877725, 3853.5285937105273, 4534.878508128582, 5336.699231206302, 6280.291441834246, 7390.722033525775, 8697.490026177835, 10235.310218990247, 12045.035402587811, 14174.741629268048, 16681.005372000593, 19630.406500402685, 23101.29700083158, 27185.8824273294, 31992.671377973846, 37649.35806792464, 44306.21457583878, 52140.082879996844, 61359.07273413163, 72208.09018385457, 84975.34359086439, 100000.0],