{"state1:lambdas": [0.01, 0.011233240329780276, 0.012618568830660204, 0.014174741629268055, 0.015922827933410922, 0.01788649529057435, 0.02009233002565047, 0.022570197196339202, 0.025353644939701114, 0.02848035868435802, 0.03199267137797385, 0.03593813663804628, 0.040370172585965536, 0.04534878508128582, 0.0509413801481638, 0.05722367659350217, 0.06428073117284319, 0.07220809018385464, 0.08111308307896872, 0.09111627561154892, 0.10235310218990264, 0.11497569953977356, 0.1291549665014884, 0.14508287784959395, 0.16297508346206444, 0.18307382802953678, 0.20565123083486514, 0.23101297000831592, 0.25950242113997357, 0.2915053062825176, 0.32745491628777285, 0.36783797718286326, 0.41320124001153363, 0.464158883361278, 0.5214008287999684, 0.5857020818056667, 0.6579332246575679, 0.739072203352578, 0.8302175681319743, 0.9326033468832199, 1.0476157527896652, 1.1768119524349978, 1.3219411484660286, 1.484968262254465, 1.6681005372000592, 1.873817422860383, 2.1049041445120196, 2.364489412645407, 2.656087782946687, 2.9836472402833403, 3.351602650938841, 3.7649358067924674, 4.229242874389499, 4.750810162102798, 5.336699231206307, 5.994842503189409, 6.7341506577508214, 7.56463327554629, 8.497534359086439, 9.545484566618338, 10.722672220103231, 12.045035402587823, 13.530477745798061, 15.199110829529332, 17.073526474706906, 19.179102616724887, 21.544346900318846, 24.20128264794381, 27.1858824273294, 30.538555088334157, 34.30469286314919, 38.53528593710527, 43.28761281083057, 48.62601580065353, 54.62277217684343, 61.35907273413169, 68.92612104349695, 77.4263682681127, 86.97490026177834, 97.70099572992247, 109.74987654930568, 123.28467394420659, 138.48863713938718, 155.56761439304722, 174.7528400007683, 196.30406500402725, 220.51307399030455, 247.70763559917089, 278.2559402207126, 312.5715849688235, 351.11917342151276, 394.4206059437656, 443.06214575838777, 497.7023564332114, 559.0810182512223, 628.0291441834247, 705.4802310718645, 792.482898353917, 890.2150854450392, 1000.0], "state1:gcv_func": [0.00018894875481770845, 0.00018863318408044954, 0.0001882925887598311, 0.00018792665840986568, 0.0001875354953476203, 0.00018711970633206808, 0.0001866804992546029, 0.0001862197820042689, 0.00018574026000093346, 0.0001852455284038716, 0.0001847401548366493, 0.00018422974875459937, 0.00018372101444450462, 0.00018322178616277348, 0.00018274104610498503, 0.00018228892867109924, 0.00018187671766686645, 0.00018151684637251854, 0.0001812229134479683, 0.00018100973002321374, 0.00018089341465136666, 0.00018089155278057208, 0.000181023435875601, 0.0001813103923451395, 0.00018177621829207216, 0.00018244771131095653, 0.00018335530579882136, 0.00018453380430671342, 0.00018602319711855212, 0.00018786956216294547, 0.0001901260400034838, 0.0001928538842231017, 0.00019612359597834098, 0.00020001616260610438, 0.000204624433546523, 0.0002100546820824684, 0.00021642841808950134, 0.00022388453479164048, 0.0002325818911412337, 0.00024270245063813127, 0.00025445511696298384, 0.0002680804265574644, 0.0002838562781791682, 0.00030210489964516526, 0.0003232012729532367, 0.00034758326173703954, 0.00037576371121251373, 0.0004083448227502706, 0.00044603514606169573, 0.0004896695854777988, 0.0005402328873069825, 0.0005988871676642863, 0.000667004159703738, 0.0007462030114808635, 0.0008383946564367727, 0.0009458340135562929, 0.0010711815591494653, 0.0012175761518473556, 0.0013887213906370285, 0.0015889882445914642, 0.0018235372123031515, 0.002098463845677507, 0.0024209721004353705, 0.0027995806438766042, 0.0032443679441157567, 0.0037672626629289443, 0.004382386546755652, 0.005106457615708448, 0.005959261929601162, 0.006964202480701147, 0.008148933713626141, 0.009546089656735115, 0.011194112487406083, 0.013138186337672069, 0.01543127806012587, 0.01813528231544329, 0.021322262559457333, 0.025075772229202688, 0.02949223169064545, 0.034682326463235005, 0.040772381138826995, 0.047905651598744, 0.056243466036292086, 0.06596613345853491, 0.07727352757736011, 0.09038524557335209, 0.10554023712360605, 0.12299580228752843, 0.1430258712885638, 0.16591850948070055, 0.19197264118709315, 0.22149405915360804, 0.2547908811039655, 0.29216872469370475, 0.3339259840537849, 0.380349685534154, 0.43171245383780577, 0.4882711092109502, 0.5502673247098783, 0.6179305948930495], "state1:lambda_lcurve": 0.4506556278183076, "state1:gcv_lcurve": 0.00019896405470355718, "state1:min_error_lambda": 0.2915053062825176, "state1:min_error_gcv": 0.00018786956216294547, "state1:min_lambda": 0.11497569953977356, "state1:min_gcv": 0.00018089155278057208, "state2:lambdas": [0.01, 0.011233240329780276, 0.012618568830660204, 0.014174741629268055, 0.015922827933410922, 0.01788649529057435, 0.02009233002565047, 0.022570197196339202, 0.025353644939701114, 0.02848035868435802, 0.03199267137797385, 0.03593813663804628, 0.040370172585965536, 0.04534878508128582, 0.0509413801481638, 0.05722367659350217, 0.06428073117284319, 0.07220809018385464, 0.08111308307896872, 0.09111627561154892, 0.10235310218990264, 0.11497569953977356, 0.1291549665014884, 0.14508287784959395, 0.16297508346206444, 0.18307382802953678, 0.20565123083486514, 0.23101297000831592, 0.25950242113997357, 0.2915053062825176, 0.32745491628777285, 0.36783797718286326, 0.41320124001153363, 0.464158883361278, 0.5214008287999684, 0.5857020818056667, 0.6579332246575679, 0.739072203352578, 0.8302175681319743, 0.9326033468832199, 1.0476157527896652, 1.1768119524349978, 1.3219411484660286, 1.484968262254465, 1.6681005372000592, 1.873817422860383, 2.1049041445120196, 2.364489412645407, 2.656087782946687, 2.9836472402833403, 3.351602650938841, 3.7649358067924674, 4.229242874389499, 4.750810162102798, 5.336699231206307, 5.994842503189409, 6.7341506577508214, 7.56463327554629, 8.497534359086439, 9.545484566618338, 10.722672220103231, 12.045035402587823, 13.530477745798061, 15.199110829529332, 17.073526474706906, 19.179102616724887, 21.544346900318846, 24.20128264794381, 27.1858824273294, 30.538555088334157, 34.30469286314919, 38.53528593710527, 43.28761281083057, 48.62601580065353, 54.62277217684343, 61.35907273413169, 68.92612104349695, 77.4263682681127, 86.97490026177834, 97.70099572992247, 109.74987654930568, 123.28467394420659, 138.48863713938718, 155.56761439304722, 174.7528400007683, 196.30406500402725, 220.51307399030455, 247.70763559917089, 278.2559402207126, 312.5715849688235, 351.11917342151276, 394.4206059437656, 443.06214575838777, 497.7023564332114, 559.0810182512223, 628.0291441834247, 705.4802310718645, 792.482898353917, 890.2150854450392, 1000.0],