{"state1:bandwidth": [0.04, 0.05, 0.060000000000000005, 0.07, 0.08000000000000002, 0.09000000000000001, 0.1, 0.11000000000000001, 0.12000000000000002, 0.13000000000000003, 0.14, 0.15000000000000002, 0.16000000000000003, 0.17000000000000004, 0.18000000000000002, 0.19000000000000003, 0.20000000000000004, 0.21000000000000005, 0.22000000000000006, 0.23000000000000004, 0.24000000000000005, 0.25000000000000006, 0.26, 0.27, 0.28, 0.29000000000000004, 0.30000000000000004, 0.31000000000000005, 0.32, 0.33, 0.34, 0.35000000000000003, 0.36000000000000004, 0.37000000000000005, 0.38000000000000006, 0.39000000000000007, 0.4000000000000001, 0.41000000000000003, 0.42000000000000004, 0.43000000000000005, 0.44000000000000006, 0.45000000000000007, 0.4600000000000001, 0.4700000000000001, 0.48000000000000004, 0.49000000000000005, 0.5000000000000001, 0.5100000000000001, 0.5200000000000001, 0.5300000000000001, 0.5400000000000001, 0.5500000000000002, 0.5600000000000002, 0.5700000000000002, 0.5800000000000002, 0.5900000000000002, 0.6000000000000001, 0.6100000000000001, 0.6200000000000001, 0.6300000000000001, 0.6400000000000001, 0.6500000000000001], "state1:gcv_func": [0.0003599399192949439, 0.018148417696088444, 0.03473982223657171, 0.013891117095360792, 0.019596910705675902, 0.029259726631141254, 0.0397481266246281, 0.05831008189712208, 0.07930022124602402, 0.10565925261809696, 0.12695745161624783, 0.16491526783347196, 0.20859113071448704, 0.26140782418550174, 0.32185315352532634, 0.39685614780948475, 0.4840840322907263, 0.5865341968236523, 0.7043690713790284, 0.8365675739127069, 0.9885215543619854, 1.1571370507898084, 1.3197271749192527, 1.5212116075629192, 1.7391796046931738, 1.9710854731837706, 2.215725063548274, 2.4725402242042214, 2.7349288648135563, 3.012831897838953, 3.2994522290431907, 3.593487081698518, 3.893966775034136, 4.198809806288863, 4.507435398495218, 4.818281867227097, 5.130910109733197, 5.444984676642169, 5.759665312252278, 6.072545751712768, 6.38394328912178, 6.693076890859742, 6.999752074969063, 7.303917355739932, 7.607852098189952, 7.908399060698024, 8.206462308894643, 8.505163477046679, 8.804630566716773, 9.104513279598143, 9.406091006881985, 9.709393226742643, 10.015337810548456, 10.32443718764657, 10.63752333689207, 10.954936700686, 11.301493781647276, 11.62571014363451, 11.953577733572532, 12.285269593259134, 12.620049145371029, 12.957865081154003], "state1:min_error_h": 0.04, "state1:min_error_gcv": 0.0003599399192949439, "state1:min_gcv_h": 0.04, "state1:min_gcv": 0.0003599399192949439, "state2:bandwidth": [0.04, 0.05, 0.060000000000000005, 0.07, 0.08000000000000002, 0.09000000000000001, 0.1, 0.11000000000000001, 0.12000000000000002, 0.13000000000000003, 0.14, 0.15000000000000002, 0.16000000000000003, 0.17000000000000004, 0.18000000000000002, 0.19000000000000003, 0.20000000000000004, 0.21000000000000005, 0.22000000000000006, 0.23000000000000004, 0.24000000000000005, 0.25000000000000006, 0.26, 0.27, 0.28, 0.29000000000000004, 0.30000000000000004, 0.31000000000000005, 0.32, 0.33, 0.34, 0.35000000000000003, 0.36000000000000004, 0.37000000000000005, 0.38000000000000006, 0.39000000000000007, 0.4000000000000001, 0.41000000000000003, 0.42000000000000004, 0.43000000000000005, 0.44000000000000006, 0.45000000000000007, 0.4600000000000001, 0.4700000000000001, 0.48000000000000004, 0.49000000000000005, 0.5000000000000001, 0.5100000000000001, 0.5200000000000001, 0.5300000000000001, 0.5400000000000001, 0.5500000000000002, 0.5600000000000002, 0.5700000000000002, 0.5800000000000002, 0.5900000000000002, 0.6000000000000001, 0.6100000000000001, 0.6200000000000001, 0.6300000000000001, 0.6400000000000001, 0.6500000000000001], "state2:gcv_func": [0.001376385964102392, 0.08838089888793665, 0.16792208021590466, 0.06487970218038355, 0.09135584723729169, 0.14173158271337752, 0.20663234939185113, 0.33114671274733304, 0.49340076761053675, 0.7137905875240241, 0.9156654422477192, 1.2431975461302271, 1.6068179880047293, 2.01375363669237, 2.4330863631265274, 2.899675367593973, 3.3808978964988334, 3.8876471567673385, 4.414197309361098, 4.952060050506035, 5.533264951488398, 6.140420128060927, 6.662329349827301, 7.3348999737158715, 8.04326843498273, 8.77980168327888, 9.543516766335125, 10.335627674259646, 11.131746327463604, 11.974575524051229, 12.836887719858575, 13.713895711073503, 14.601692186734539, 15.49199448782103, 16.382120768818243, 17.26580763667399, 18.14100147880904, 19.006095069869776, 19.857853318934144, 20.687925633435107, 21.49760248000172, 22.28454930947699, 23.04856874464131, 23.79004576889392, 24.516970416321875, 25.219768085594357, 25.902172318409402, 26.5747679055725, 27.2385081162864, 27.89286813206881, 28.542285818114074, 29.18725245167584, 29.83085494618488, 30.474837674222552, 31.121789781485365, 31.77276613914723, 32.49916185098026, 33.15240317456571, 33.80794785301147, 34.46634869839624, 35.125599595284946, 35.785630614560745], "state2:min_error_h": 0.04, "state2:min_error_gcv": 0.001376385964102392, "state2:min_gcv_h": 0.04, "state2:min_gcv": 0.001376385964102392, "state3:bandwidth": [0.04, 0.05, 0.060000000000000005, 0.07, 0.08000000000000002, 0.09000000000000001, 0.1, 0.11000000000000001, 0.12000000000000002, 0.13000000000000003, 0.14, 0.15000000000000002, 0.16000000000000003, 0.17000000000000004, 0.18000000000000002, 0.19000000000000003, 0.20000000000000004, 0.21000000000000005, 0.22000000000000006, 0.23000000000000004, 0.24000000000000005, 0.25000000000000006, 0.26, 0.27, 0.28, 0.29000000000000004, 0.30000000000000004, 0.31000000000000005, 0.32, 0.33, 0.34, 0.35000000000000003, 0.36000000000000004, 0.37000000000000005, 0.38000000000000006, 0.39000000000000007, 0.4000000000000001, 0.41000000000000003, 0.42000000000000004, 0.43000000000000005, 0.44000000000000006, 0.45000000000000007, 0.4600000000000001, 0.4700000000000001, 0.48000000000000004, 0.49000000000000005, 0.5000000000000001, 0.5100000000000001, 0.5200000000000001, 0.5300000000000001, 0.5400000000000001, 0.5500000000000002, 0.5600000000000002, 0.5700000000000002, 0.5800000000000002, 0.5900000000000002, 0.6000000000000001, 0.6100000000000001, 0.6200000000000001, 0.6300000000000001, 0.6400000000000001, 0.6500000000000001], "state3:gcv_func": [0.0014436133891887774, 0.10329696966499428, 0.2146183195000465, 0.08683327910918613, 0.12195687732444901, 0.17977289515991324, 0.23994249734737855, 0.34564350576671193, 0.4634576552049176, 0.6135843643725365, 0.7395794750390831, 0.9718785420377819, 1.2500390506265986, 1.5946112213424335, 1.992826220463538, 2.4804997670778963, 3.033862784443033, 3.6607257111240306, 4.350934647759413, 5.088035450317076, 5.896048024208306, 6.748772139711965, 7.511903743774249, 8.440928095126475, 9.402959860207002, 10.383490504525199, 11.377122412630742, 12.382939655591036, 13.371249418992921, 14.394772936931908, 15.423959046498464, 16.457481200552213, 17.495998766378005, 18.53540063126331, 19.578303083312814, 20.62263038049258, 21.670590866501573, 22.723928076987512, 23.78129267245616, 24.833965812499777, 25.8835199566723, 26.92600903655764, 27.95900463595376, 28.979915625259512, 29.99480087704572, 30.987879184104983, 31.959412765390812, 32.91830820118737, 33.86201710990874, 34.78668592780951, 35.69535709322112, 36.58700355565332, 37.46474743446653, 38.33094953053383, 39.189915702541626, 40.044837591530566, 40.98834503053668, 41.836311638190615, 42.68757623089283, 43.54698683971741, 44.41646780613989, 45.300595874620704], "state3:min_error_h": 0.04, "state3:min_error_gcv": 0.0014436133891887774, "state3:min_gcv_h": 0.04, "state3:min_gcv": 0.0014436133891887774}