{"state1:bandwidth": [0.05, 0.060000000000000005, 0.07, 0.08000000000000002, 0.09000000000000001, 0.1, 0.11000000000000001, 0.12000000000000001, 0.13, 0.14, 0.15000000000000002, 0.16000000000000003, 0.17000000000000004, 0.18000000000000005, 0.19, 0.2, 0.21000000000000002, 0.22000000000000003, 0.23000000000000004, 0.24000000000000005, 0.25000000000000006, 0.26000000000000006, 0.27, 0.28, 0.29000000000000004, 0.30000000000000004, 0.31000000000000005, 0.32000000000000006, 0.33, 0.34, 0.35000000000000003, 0.36000000000000004, 0.37000000000000005, 0.38000000000000006, 0.39000000000000007, 0.4000000000000001, 0.4100000000000001, 0.42000000000000004, 0.43000000000000005, 0.44000000000000006, 0.45000000000000007, 0.4600000000000001, 0.4700000000000001, 0.4800000000000001, 0.49000000000000005, 0.5000000000000001, 0.5100000000000001, 0.5200000000000001, 0.5300000000000001, 0.5400000000000001, 0.5500000000000002, 0.5600000000000002, 0.5700000000000002, 0.5800000000000002, 0.5900000000000002, 0.6000000000000002, 0.6100000000000001, 0.6200000000000001, 0.6300000000000001, 0.6400000000000001, 0.6500000000000001], "state1:gcv_func": [2680.910861955361, 1428.6289575222434, 187.25673147762177, 102.10245975708425, 68.1478392945748, 46.55927068961692, 37.73191022441808, 30.239942171401037, 23.497431659338446, 20.57633740266666, 18.455755866636455, 16.58609138096824, 15.09126599616734, 13.790505629276895, 12.560043918174598, 11.746033699192493, 11.087267727878, 10.532208417479483, 10.075436922014854, 9.701194989927968, 9.398179422871044, 9.1550798504973, 8.852472260747975, 8.747603838722007, 8.679374627841085, 8.645296839581244, 8.646118381629938, 8.679234863461604, 8.726640062832605, 8.817254251711223, 8.930365201591282, 9.063144587541137, 9.210780475951635, 9.372964712669162, 9.54685946478907, 9.731966406939847, 9.92573618458504, 10.132008459836445, 10.340201749205383, 10.552035205832716, 10.765643810667017, 10.980720964586212, 11.196992403364298, 11.415315689634483, 11.638273145906176, 11.859574088793906, 12.085963247739668, 12.316987912436248, 12.55168335943675, 12.791402355407868, 13.035761004729547, 13.285618999679908, 13.541324093377316, 13.803775136858352, 14.073250413356533, 14.349257965878554, 14.661629805550449, 14.948086250129359, 15.240706299165744, 15.538638428087161, 15.841998177055398], "state1:min_error_h": 0.17000000000000004, "state1:min_error_gcv": 15.09126599616734, "state1:min_gcv_h": 0.30000000000000004, "state1:min_gcv": 8.645296839581244, "state2:bandwidth": [0.05, 0.060000000000000005, 0.07, 0.08000000000000002, 0.09000000000000001, 0.1, 0.11000000000000001, 0.12000000000000001, 0.13, 0.14, 0.15000000000000002, 0.16000000000000003, 0.17000000000000004, 0.18000000000000005, 0.19, 0.2, 0.21000000000000002, 0.22000000000000003, 0.23000000000000004, 0.24000000000000005, 0.25000000000000006, 0.26000000000000006, 0.27, 0.28, 0.29000000000000004, 0.30000000000000004, 0.31000000000000005, 0.32000000000000006, 0.33, 0.34, 0.35000000000000003, 0.36000000000000004, 0.37000000000000005, 0.38000000000000006, 0.39000000000000007, 0.4000000000000001, 0.4100000000000001, 0.42000000000000004, 0.43000000000000005, 0.44000000000000006, 0.45000000000000007, 0.4600000000000001, 0.4700000000000001, 0.4800000000000001, 0.49000000000000005, 0.5000000000000001, 0.5100000000000001, 0.5200000000000001, 0.5300000000000001, 0.5400000000000001, 0.5500000000000002, 0.5600000000000002, 0.5700000000000002, 0.5800000000000002, 0.5900000000000002, 0.6000000000000002, 0.6100000000000001, 0.6200000000000001, 0.6300000000000001, 0.6400000000000001, 0.6500000000000001], "state2:gcv_func": [2291.6753306821583, 1309.7920226831131, 174.90595068740618, 95.3144564243296, 63.54624131991602, 43.48092054070352, 35.289633737422555, 28.32523728718944, 22.106706711482722, 19.552678261612574, 17.850818544085502, 16.458938496686265, 15.460513820461593, 14.648325097014155, 13.86800266716329, 13.49475457699264, 13.251857289035952, 13.0907420170373, 13.023456093605855, 13.047809726837269, 13.160299524226444, 13.349520806550808, 13.44190321250397, 13.831627625410581, 14.288848677671686, 14.808472730540773, 15.386568233964013, 16.01722502556986, 16.66608901125459, 17.387441979532095, 18.141975713202893, 18.92341694567231, 19.720246434106652, 20.52899035009447, 21.340906236904083, 22.152358826631154, 22.956511482115847, 23.762429400098114, 24.545506867661413, 25.31134383884704, 26.056806554289015, 26.781336081736733, 27.485332724055418, 28.171713036935046, 28.84755366874102, 29.497882326832407, 30.14032525072184, 30.77530216537905, 31.401373893059088, 32.02267331050692, 32.638949666626715, 33.253064889053334, 33.866761955264565, 34.48279752044671, 35.10208155209052, 35.72368908267251, 36.421771022672345, 37.041447880374065, 37.66272229561962, 38.28355015787541, 38.90414124305422], "state2:min_error_h": 0.11000000000000001, "state2:min_error_gcv": 35.289633737422555, "state2:min_gcv_h": 0.23000000000000004, "state2:min_gcv": 13.023456093605855, "state3:bandwidth": [0.05, 0.060000000000000005, 0.07, 0.08000000000000002, 0.09000000000000001, 0.1, 0.11000000000000001, 0.12000000000000001, 0.13, 0.14, 0.15000000000000002, 0.16000000000000003, 0.17000000000000004, 0.18000000000000005, 0.19, 0.2, 0.21000000000000002, 0.22000000000000003, 0.23000000000000004, 0.24000000000000005, 0.25000000000000006, 0.26000000000000006, 0.27, 0.28, 0.29000000000000004, 0.30000000000000004, 0.31000000000000005, 0.32000000000000006, 0.33, 0.34, 0.35000000000000003, 0.36000000000000004, 0.37000000000000005, 0.38000000000000006, 0.39000000000000007, 0.4000000000000001, 0.4100000000000001, 0.42000000000000004, 0.43000000000000005, 0.44000000000000006, 0.45000000000000007, 0.4600000000000001, 0.4700000000000001, 0.4800000000000001, 0.49000000000000005, 0.5000000000000001, 0.5100000000000001, 0.5200000000000001, 0.5300000000000001, 0.5400000000000001, 0.5500000000000002, 0.5600000000000002, 0.5700000000000002, 0.5800000000000002, 0.5900000000000002, 0.6000000000000002, 0.6100000000000001, 0.6200000000000001, 0.6300000000000001, 0.6400000000000001, 0.6500000000000001], "state3:gcv_func": [2169.160040573628, 1168.1212146387584, 154.53284896204505, 84.43918941170438, 55.631100213741696, 37.49557543305276, 30.289429911667167, 24.40926228085491, 19.15505233073098, 16.958791165910316, 15.409792345727276, 14.102523397693624, 13.174609165922089, 12.489510569306608, 11.91034628685392, 11.74120962631765, 11.745495856687644, 11.880496429920075, 12.138338926527265, 12.492534860672556, 12.924995086627233, 13.417465389868687, 13.788718784319054, 14.435354932858097, 15.120126097868198, 15.838967876156177, 16.59290443617076, 17.377692506114954, 18.15785529049667, 18.995999192974477, 19.854987791206597, 20.734728841544555, 21.62910331104622, 22.54019116922454, 23.46460887639745, 24.404069724782026, 25.354694948764816, 26.328919147340248, 27.301517623857464, 28.27901752222861, 29.256586273396778, 30.23084663599599, 31.198045988693714, 32.156529653066656, 33.10951073312136, 34.03566433112985, 34.951051065114925, 35.85248093209828, 36.73581015406486, 37.604333903480885, 38.45698066760697, 39.297080786860775, 40.12717284029222, 40.95189750119631, 41.774622432588245, 42.59711563492659, 43.51140779210068, 44.336435136982175, 45.171826837094976, 46.019604741320535, 46.884583064394704], "state3:min_error_h": 0.12000000000000001, "state3:min_error_gcv": 24.40926228085491, "state3:min_gcv_h": 0.2, "state3:min_gcv": 11.74120962631765}