{"state1:bandwidth": [0.05, 0.060000000000000005, 0.07, 0.08000000000000002, 0.09000000000000001, 0.1, 0.11000000000000001, 0.12000000000000001, 0.13, 0.14, 0.15000000000000002, 0.16000000000000003, 0.17000000000000004, 0.18000000000000005, 0.19, 0.2, 0.21000000000000002, 0.22000000000000003, 0.23000000000000004, 0.24000000000000005, 0.25000000000000006, 0.26000000000000006, 0.27, 0.28, 0.29000000000000004, 0.30000000000000004, 0.31000000000000005, 0.32000000000000006, 0.33, 0.34, 0.35000000000000003, 0.36000000000000004, 0.37000000000000005, 0.38000000000000006, 0.39000000000000007, 0.4000000000000001, 0.4100000000000001, 0.42000000000000004, 0.43000000000000005, 0.44000000000000006, 0.45000000000000007, 0.4600000000000001, 0.4700000000000001, 0.4800000000000001, 0.49000000000000005, 0.5000000000000001, 0.5100000000000001, 0.5200000000000001, 0.5300000000000001, 0.5400000000000001, 0.5500000000000002, 0.5600000000000002, 0.5700000000000002, 0.5800000000000002, 0.5900000000000002, 0.6000000000000002, 0.6100000000000001, 0.6200000000000001, 0.6300000000000001, 0.6400000000000001, 0.6500000000000001], "state1:gcv_func": [28.392203130621027, 15.118266609525106, 1.9823965434237778, 1.1018734883406178, 0.7548329044371196, 0.5337827135850092, 0.4598605698090079, 0.4032723794301351, 0.35098495038607347, 0.35185289153861643, 0.3687218183659425, 0.3940431184903905, 0.43245226544520776, 0.48149397064335736, 0.5375069399415631, 0.6172482793686973, 0.7141789106764109, 0.8275376473666615, 0.9584188615349206, 1.1067344049043026, 1.272322062110282, 1.45399116941718, 1.6303306130172044, 1.8469611805794415, 2.077672473339765, 2.3212459578076703, 2.5771339837663194, 2.8441525291011724, 3.1156265261775795, 3.4013846246027453, 3.6943861525891433, 3.9936777567918114, 4.297185636899869, 4.604362042475134, 4.9136680342954575, 5.224685196360621, 5.53596647885842, 5.849917652351054, 6.160851927547291, 6.470207261805259, 6.777227871872829, 7.081757026493442, 7.383770237109669, 7.683904249218478, 7.9840399037652805, 8.280048275043502, 8.576764984958277, 8.874317224046193, 9.17234683224916, 9.472135788192286, 9.773710427388549, 10.077991347759768, 10.38549099492974, 10.69704692895856, 11.012999860735125, 11.333104427123677, 11.681172131534208, 12.00778156420582, 12.33829803121263, 12.671985857091661, 13.008802155988398], "state1:min_error_h": 0.09000000000000001, "state1:min_error_gcv": 0.7548329044371196, "state1:min_gcv_h": 0.13, "state1:min_gcv": 0.35098495038607347, "state2:bandwidth": [0.05, 0.060000000000000005, 0.07, 0.08000000000000002, 0.09000000000000001, 0.1, 0.11000000000000001, 0.12000000000000001, 0.13, 0.14, 0.15000000000000002, 0.16000000000000003, 0.17000000000000004, 0.18000000000000005, 0.19, 0.2, 0.21000000000000002, 0.22000000000000003, 0.23000000000000004, 0.24000000000000005, 0.25000000000000006, 0.26000000000000006, 0.27, 0.28, 0.29000000000000004, 0.30000000000000004, 0.31000000000000005, 0.32000000000000006, 0.33, 0.34, 0.35000000000000003, 0.36000000000000004, 0.37000000000000005, 0.38000000000000006, 0.39000000000000007, 0.4000000000000001, 0.4100000000000001, 0.42000000000000004, 0.43000000000000005, 0.44000000000000006, 0.45000000000000007, 0.4600000000000001, 0.4700000000000001, 0.4800000000000001, 0.49000000000000005, 0.5000000000000001, 0.5100000000000001, 0.5200000000000001, 0.5300000000000001, 0.5400000000000001, 0.5500000000000002, 0.5600000000000002, 0.5700000000000002, 0.5800000000000002, 0.5900000000000002, 0.6000000000000002, 0.6100000000000001, 0.6200000000000001, 0.6300000000000001, 0.6400000000000001, 0.6500000000000001], "state2:gcv_func": [25.075971218244696, 13.627127324002863, 1.8625393117444182, 1.0958327131851244, 0.821444368161424, 0.6725501745947137, 0.7086861198165134, 0.7894612381549183, 0.8824350814422147, 1.116421923860122, 1.4226908932192142, 1.7686739511616343, 2.162265329451235, 2.579685282535273, 2.9856584162504003, 3.462433076129848, 3.9665566990979224, 4.489395281520778, 5.036009715511612, 5.607553582230304, 6.206312525015589, 6.830332241270482, 7.387084631044474, 8.090868843317821, 8.824028415548383, 9.585560055951394, 10.376552215039261, 11.194643250268452, 12.015601481961244, 12.878649586393264, 13.756610015369642, 14.645543461943985, 15.53698374498579, 16.428057517788286, 17.312433325833588, 18.188029039359815, 19.049481497133264, 19.904708463963228, 20.734008569721354, 21.54239397800923, 22.327554718519085, 23.08935565996663, 23.82828289441353, 24.547065635906193, 25.252323910334777, 25.931670194266623, 26.601091418951068, 27.261558794610597, 27.912577514635768, 28.558634200778048, 29.200253114825323, 29.8405321619948, 30.481214301504, 31.12489890389702, 31.77265248095341, 32.423811520424344, 33.145991531661316, 33.79850945666841, 34.45400262424059, 35.11047994716573, 35.76787734088365], "state2:min_error_h": 0.07, "state2:min_error_gcv": 1.8625393117444182, "state2:min_gcv_h": 0.1, "state2:min_gcv": 0.6725501745947137, "state3:bandwidth": [0.05, 0.060000000000000005, 0.07, 0.08000000000000002, 0.09000000000000001, 0.1, 0.11000000000000001, 0.12000000000000001, 0.13, 0.14, 0.15000000000000002, 0.16000000000000003, 0.17000000000000004, 0.18000000000000005, 0.19, 0.2, 0.21000000000000002, 0.22000000000000003, 0.23000000000000004, 0.24000000000000005, 0.25000000000000006, 0.26000000000000006, 0.27, 0.28, 0.29000000000000004, 0.30000000000000004, 0.31000000000000005, 0.32000000000000006, 0.33, 0.34, 0.35000000000000003, 0.36000000000000004, 0.37000000000000005, 0.38000000000000006, 0.39000000000000007, 0.4000000000000001, 0.4100000000000001, 0.42000000000000004, 0.43000000000000005, 0.44000000000000006, 0.45000000000000007, 0.4600000000000001, 0.4700000000000001, 0.4800000000000001, 0.49000000000000005, 0.5000000000000001, 0.5100000000000001, 0.5200000000000001, 0.5300000000000001, 0.5400000000000001, 0.5500000000000002, 0.5600000000000002, 0.5700000000000002, 0.5800000000000002, 0.5900000000000002, 0.6000000000000002, 0.6100000000000001, 0.6200000000000001, 0.6300000000000001, 0.6400000000000001, 0.6500000000000001], "state3:gcv_func": [22.650826961628162, 12.936432935398443, 1.8258485702069431, 1.0986603722393453, 0.8438023488885872, 0.7033238604855276, 0.7330746710095565, 0.7808191234902485, 0.819309225120726, 0.9746556439791647, 1.18883391297148, 1.4493114415712463, 1.7785871489076255, 2.1695746282860684, 2.599102318713883, 3.1407795245322823, 3.7578393693765455, 4.437834144130555, 5.177693735764927, 5.969407859435202, 6.806008089197627, 7.676421346120626, 8.466663579556622, 9.414306529902708, 10.381114968719626, 11.361670675574052, 12.355122195346548, 13.358588232099343, 14.345164970741644, 15.365314989749866, 16.391283639234572, 17.42374937259916, 18.45851510196636, 19.498039948326223, 20.540105675552265, 21.58678966077705, 22.635259876409453, 23.697405431145263, 24.751103229984068, 25.802308394335235, 26.847047707799273, 27.88285597838588, 28.90707485761975, 29.919086393260386, 30.92272753865899, 31.89851503513865, 32.86184431229425, 33.8101233872223, 34.73945640825036, 35.652838923885874, 36.54922290154848, 37.431705387028686, 38.302615802205494, 39.16624063380928, 40.025765053386905, 40.882927786625984, 41.82624062992537, 42.68192861336937, 43.54568225637735, 44.41941793762324, 45.30770502247421], "state3:min_error_h": 0.07, "state3:min_error_gcv": 1.8258485702069431, "state3:min_gcv_h": 0.1, "state3:min_gcv": 0.7033238604855276}