{"state1:bandwidth": [0.05, 0.060000000000000005, 0.07, 0.08000000000000002, 0.09000000000000001, 0.1, 0.11000000000000001, 0.12000000000000001, 0.13, 0.14, 0.15000000000000002, 0.16000000000000003, 0.17000000000000004, 0.18000000000000005, 0.19, 0.2, 0.21000000000000002, 0.22000000000000003, 0.23000000000000004, 0.24000000000000005, 0.25000000000000006, 0.26000000000000006, 0.27, 0.28, 0.29000000000000004, 0.30000000000000004, 0.31000000000000005, 0.32000000000000006, 0.33, 0.34, 0.35000000000000003, 0.36000000000000004, 0.37000000000000005, 0.38000000000000006, 0.39000000000000007, 0.4000000000000001, 0.4100000000000001, 0.42000000000000004, 0.43000000000000005, 0.44000000000000006, 0.45000000000000007, 0.4600000000000001, 0.4700000000000001, 0.4800000000000001, 0.49000000000000005, 0.5000000000000001, 0.5100000000000001, 0.5200000000000001, 0.5300000000000001, 0.5400000000000001, 0.5500000000000002, 0.5600000000000002, 0.5700000000000002, 0.5800000000000002, 0.5900000000000002, 0.6000000000000002, 0.6100000000000001, 0.6200000000000001, 0.6300000000000001, 0.6400000000000001, 0.6500000000000001], "state1:gcv_func": [0.24688127189281928, 0.15854367034710226, 0.030347119025901224, 0.028715487517306255, 0.035212213179434536, 0.043640726188274255, 0.06142371752480002, 0.0811202408470678, 0.09864895295609069, 0.12917017276476792, 0.16705567164930465, 0.21059260296160534, 0.2632411066913501, 0.32478127188305245, 0.3929793610316186, 0.48054181373205856, 0.5837014665050297, 0.7022670185355291, 0.837376560614646, 0.9891486856571653, 1.1575607246800939, 1.3415598610677995, 1.5211675935432982, 1.738851233554225, 1.9704292486607178, 2.214700346670367, 2.4711126149944254, 2.738522390841893, 3.010523087494247, 3.2966730196329617, 3.5902302831682804, 3.890229588245473, 4.194597757965087, 4.502760582689252, 4.813157966675401, 5.125349964900038, 5.437932755814646, 5.753271500028464, 6.065756710593206, 6.376776442537358, 6.685553280574043, 6.991894578218417, 7.295750753903285, 7.59773443558804, 7.899689356340955, 8.197521488928128, 8.496014113700989, 8.795294258839355, 9.095011014103596, 9.39644114219545, 9.699612328973403, 10.00543923185796, 10.314431567893305, 10.62741853575967, 10.9447386235133, 11.266147588750952, 11.61531833460918, 11.943106201261546, 12.27471967307106, 12.609421325198605, 12.947158472182467], "state1:min_error_h": 0.05, "state1:min_error_gcv": 0.24688127189281928, "state1:min_gcv_h": 0.08000000000000002, "state1:min_gcv": 0.028715487517306255, "state2:bandwidth": [0.05, 0.060000000000000005, 0.07, 0.08000000000000002, 0.09000000000000001, 0.1, 0.11000000000000001, 0.12000000000000001, 0.13, 0.14, 0.15000000000000002, 0.16000000000000003, 0.17000000000000004, 0.18000000000000005, 0.19, 0.2, 0.21000000000000002, 0.22000000000000003, 0.23000000000000004, 0.24000000000000005, 0.25000000000000006, 0.26000000000000006, 0.27, 0.28, 0.29000000000000004, 0.30000000000000004, 0.31000000000000005, 0.32000000000000006, 0.33, 0.34, 0.35000000000000003, 0.36000000000000004, 0.37000000000000005, 0.38000000000000006, 0.39000000000000007, 0.4000000000000001, 0.4100000000000001, 0.42000000000000004, 0.43000000000000005, 0.44000000000000006, 0.45000000000000007, 0.4600000000000001, 0.4700000000000001, 0.4800000000000001, 0.49000000000000005, 0.5000000000000001, 0.5100000000000001, 0.5200000000000001, 0.5300000000000001, 0.5400000000000001, 0.5500000000000002, 0.5600000000000002, 0.5700000000000002, 0.5800000000000002, 0.5900000000000002, 0.6000000000000002, 0.6100000000000001, 0.6200000000000001, 0.6300000000000001, 0.6400000000000001, 0.6500000000000001], "state2:gcv_func": [0.2808716339658382, 0.2724337075681219, 0.07864515479523941, 0.09887334758644066, 0.1467934950658586, 0.2102116356098157, 0.33428910435670284, 0.4909181270483913, 0.6531135742689542, 0.9174703354721185, 1.2448414658859415, 1.608405227212097, 2.015372717343441, 2.4444842928982835, 2.8626674063580424, 3.3493408439160404, 3.863736327026002, 4.397386776259584, 4.9545929485293625, 5.535826985364719, 6.142954638976858, 6.773968511798235, 7.3371714118263895, 8.045338019108357, 8.78159581816676, 9.544945129244827, 10.33659781344896, 11.154363218809923, 11.97438337904055, 12.836013613976004, 13.71229284358825, 14.599338691194605, 15.488894848098607, 16.378304817133245, 17.26132040673025, 18.13588949341092, 18.996673757372132, 19.851649964762636, 20.681283146570827, 21.490596615427524, 22.277260141555992, 23.041083036981565, 23.782451430793564, 24.503979363911192, 25.212209461865616, 25.89475416850777, 26.567560589927663, 27.231572456646585, 27.886252631825776, 28.536026186632295, 29.181375726262022, 29.825380110924726, 30.469775690312225, 31.117143638601707, 31.76853099379647, 32.423262780941386, 33.148943937294426, 33.80485399079313, 34.46359766376194, 35.123167184064805, 35.783492589354985], "state2:min_error_h": 0.05, "state2:min_error_gcv": 0.2808716339658382, "state2:min_gcv_h": 0.07, "state2:min_gcv": 0.07864515479523941, "state3:bandwidth": [0.05, 0.060000000000000005, 0.07, 0.08000000000000002, 0.09000000000000001, 0.1, 0.11000000000000001, 0.12000000000000001, 0.13, 0.14, 0.15000000000000002, 0.16000000000000003, 0.17000000000000004, 0.18000000000000005, 0.19, 0.2, 0.21000000000000002, 0.22000000000000003, 0.23000000000000004, 0.24000000000000005, 0.25000000000000006, 0.26000000000000006, 0.27, 0.28, 0.29000000000000004, 0.30000000000000004, 0.31000000000000005, 0.32000000000000006, 0.33, 0.34, 0.35000000000000003, 0.36000000000000004, 0.37000000000000005, 0.38000000000000006, 0.39000000000000007, 0.4000000000000001, 0.4100000000000001, 0.42000000000000004, 0.43000000000000005, 0.44000000000000006, 0.45000000000000007, 0.4600000000000001, 0.4700000000000001, 0.4800000000000001, 0.49000000000000005, 0.5000000000000001, 0.5100000000000001, 0.5200000000000001, 0.5300000000000001, 0.5400000000000001, 0.5500000000000002, 0.5600000000000002, 0.5700000000000002, 0.5800000000000002, 0.5900000000000002, 0.6000000000000002, 0.6100000000000001, 0.6200000000000001, 0.6300000000000001, 0.6400000000000001, 0.6500000000000001], "state3:gcv_func": [0.32153073404828736, 0.3325646340920449, 0.10238071682698806, 0.13054856610469326, 0.18572172441418797, 0.24427478880860995, 0.34954125687850984, 0.4623375168011396, 0.5631539943060608, 0.7433730376817321, 0.9760851891387786, 1.2546697586632776, 1.5997361987092, 2.006433475162704, 2.4534817114925636, 3.0106297749919344, 3.6437613895747796, 4.340394391766254, 5.097146160889141, 5.9057397816338, 6.758913905915003, 7.645462939120478, 8.451400303832143, 9.413485568776643, 10.39392484975646, 11.387343373144358, 12.392855849783901, 13.407458213173308, 14.40391542881576, 15.432693238738144, 16.465812427225732, 17.503948624152176, 18.54299959774458, 19.5855919542487, 20.629656379833083, 21.677405730123315, 22.72611617808457, 23.787828431364723, 24.84041815379652, 25.889915676210627, 26.932364775671566, 27.965330162807003, 28.98621665173601, 29.994507788779586, 30.994147960847844, 31.9656760143422, 32.92458152187307, 33.86831995867251, 34.79303727590067, 35.70177207702911, 36.59349321780421, 37.47132158850687, 38.33761662064339, 39.19668409503888, 40.05171461138436, 40.90444848309875, 41.84343359070617, 42.694814623736086, 43.55434313221615, 44.423944440456374, 45.30819562713682], "state3:min_error_h": 0.05, "state3:min_error_gcv": 0.32153073404828736, "state3:min_gcv_h": 0.07, "state3:min_gcv": 0.10238071682698806}