{"state1:bandwidth": [0.03, 0.04, 0.05, 0.060000000000000005, 0.07, 0.08000000000000002, 0.09000000000000001, 0.1, 0.11000000000000001, 0.12000000000000002, 0.13, 0.14, 0.15000000000000002, 0.16000000000000003, 0.17, 0.18000000000000002, 0.19000000000000003, 0.20000000000000004, 0.21000000000000005, 0.22000000000000003, 0.23000000000000004, 0.24000000000000005, 0.25, 0.26, 0.27, 0.28, 0.29000000000000004, 0.30000000000000004, 0.31000000000000005, 0.32000000000000006, 0.33000000000000007, 0.3400000000000001, 0.3500000000000001, 0.3600000000000001, 0.3700000000000001, 0.3800000000000001, 0.3900000000000001, 0.4, 0.41000000000000003, 0.42000000000000004, 0.43000000000000005, 0.44000000000000006, 0.45000000000000007, 0.4600000000000001, 0.4700000000000001, 0.4800000000000001, 0.4900000000000001, 0.5000000000000001, 0.5100000000000001, 0.5200000000000001, 0.5300000000000001, 0.5400000000000001, 0.5500000000000002, 0.5600000000000002, 0.5700000000000002, 0.5800000000000002, 0.5900000000000001, 0.6000000000000001, 0.6100000000000001, 0.6200000000000001, 0.6300000000000001, 0.6400000000000001, 0.6500000000000001], "state1:gcv_func": [1.6009521557933726, 0.7019338761564896, 0.45363314748741507, 0.3453622452200118, 0.2862262197646735, 0.2604794418691263, 0.24294803289238173, 0.2473798263907493, 0.28088002663231704, 0.3149253881123109, 0.37506615728151166, 0.44812826934320604, 0.5689332711499687, 0.710069725070367, 0.9056049999498369, 1.130190862034662, 1.4217936784659773, 1.7412638131606188, 2.1242107714617906, 2.4773870011644203, 2.9294700682359887, 3.4053194916002543, 3.6464498447925004, 4.1852134278009885, 4.720154864266649, 5.300621805613225, 5.875514601328893, 6.462012327884882, 7.050633706445111, 7.643057831837388, 8.23456664241404, 8.822712638356684, 9.402649374089679, 9.985522175221458, 10.539720135136971, 11.096805494416715, 11.641416483652694, 12.18369889160187, 12.719940749021333, 13.250504548154046, 13.77455283052201, 14.301041315827682, 14.832750384545854, 15.380633311313437, 15.946861450955204, 16.5316670411641, 17.130793387187364, 17.755102039687344, 18.38916263831521, 19.056772406319276, 19.724454745971357, 20.43493021538342, 21.12462687994436, 21.821288234054407, 22.519218688124813, 23.205023411571165, 23.438172454694246, 24.124159495075176, 24.798195145675308, 25.455094993130267, 26.09618595587937, 26.714196512193535, 27.308621941733655], "state1:min_error_h": 0.07, "state1:min_error_gcv": 0.2862262197646735, "state1:min_gcv_h": 0.09000000000000001, "state1:min_gcv": 0.24294803289238173, "state2:bandwidth": [0.03, 0.04, 0.05, 0.060000000000000005, 0.07, 0.08000000000000002, 0.09000000000000001, 0.1, 0.11000000000000001, 0.12000000000000002, 0.13, 0.14, 0.15000000000000002, 0.16000000000000003, 0.17, 0.18000000000000002, 0.19000000000000003, 0.20000000000000004, 0.21000000000000005, 0.22000000000000003, 0.23000000000000004, 0.24000000000000005, 0.25, 0.26, 0.27, 0.28, 0.29000000000000004, 0.30000000000000004, 0.31000000000000005, 0.32000000000000006, 0.33000000000000007, 0.3400000000000001, 0.3500000000000001, 0.3600000000000001, 0.3700000000000001, 0.3800000000000001, 0.3900000000000001, 0.4, 0.41000000000000003, 0.42000000000000004, 0.43000000000000005, 0.44000000000000006, 0.45000000000000007, 0.4600000000000001, 0.4700000000000001, 0.4800000000000001, 0.4900000000000001, 0.5000000000000001, 0.5100000000000001, 0.5200000000000001, 0.5300000000000001, 0.5400000000000001, 0.5500000000000002, 0.5600000000000002, 0.5700000000000002, 0.5800000000000002, 0.5900000000000001, 0.6000000000000001, 0.6100000000000001, 0.6200000000000001, 0.6300000000000001, 0.6400000000000001, 0.6500000000000001], "state2:gcv_func": [1.2946402962765327, 0.6262277299174331, 0.41084581467961234, 0.3289248048049922, 0.319653974351213, 0.31108725732565434, 0.4672473322767192, 0.5892215849055996, 1.049855729675618, 1.3269518790367758, 2.0988621095016207, 2.6433813024527573, 3.4947299151879325, 4.2581507577537945, 5.235456543000586, 6.0630227687780724, 7.162383367268734, 8.152024411553391, 9.344748559625545, 10.435097181244364, 11.816099803640851, 13.28310127925351, 13.9640958203352, 15.556877536325363, 17.222898542240152, 19.03256399677388, 20.889984953988918, 22.793957434372373, 24.718994972647856, 26.61664815131065, 28.472258005910028, 30.229600969656502, 31.840553350898944, 33.389026897088435, 34.76902960166717, 36.06695261969685, 37.24298262615687, 38.04859971848963, 39.095783432826494, 40.12769849266716, 41.112569588230826, 42.113586481680066, 43.13119363399162, 44.190306736775746, 45.29335664576727, 46.46082075482863, 47.650734469904755, 48.90009025435216, 50.150790012849505, 51.42590374023553, 52.66526301124209, 53.939878569555695, 55.155456609071805, 56.34415060150922, 57.497336650329935, 58.59570729545493, 59.11878708900715, 60.17284977213749, 61.146198232860556, 62.065308080720385, 62.89732382543346, 63.658819697767306, 64.33516384823761], "state2:min_error_h": 0.060000000000000005, "state2:min_error_gcv": 0.3289248048049922, "state2:min_gcv_h": 0.08000000000000002, "state2:min_gcv": 0.31108725732565434, "state3:bandwidth": [0.03, 0.04, 0.05, 0.060000000000000005, 0.07, 0.08000000000000002, 0.09000000000000001, 0.1, 0.11000000000000001, 0.12000000000000002, 0.13, 0.14, 0.15000000000000002, 0.16000000000000003, 0.17, 0.18000000000000002, 0.19000000000000003, 0.20000000000000004, 0.21000000000000005, 0.22000000000000003, 0.23000000000000004, 0.24000000000000005, 0.25, 0.26, 0.27, 0.28, 0.29000000000000004, 0.30000000000000004, 0.31000000000000005, 0.32000000000000006, 0.33000000000000007, 0.3400000000000001, 0.3500000000000001, 0.3600000000000001, 0.3700000000000001, 0.3800000000000001, 0.3900000000000001, 0.4, 0.41000000000000003, 0.42000000000000004, 0.43000000000000005, 0.44000000000000006, 0.45000000000000007, 0.4600000000000001, 0.4700000000000001, 0.4800000000000001, 0.4900000000000001, 0.5000000000000001, 0.5100000000000001, 0.5200000000000001, 0.5300000000000001, 0.5400000000000001, 0.5500000000000002, 0.5600000000000002, 0.5700000000000002, 0.5800000000000002, 0.5900000000000001, 0.6000000000000001, 0.6100000000000001, 0.6200000000000001, 0.6300000000000001, 0.6400000000000001, 0.6500000000000001], "state3:gcv_func": [1.2183964560489586, 0.577533475150467, 0.45886808405533946, 0.3657475087140408, 0.41692175963777434, 0.42485112620740256, 0.6067678968420508, 0.7274031385224615, 1.0181932139044552, 1.2936876875399488, 1.745145856626985, 2.28450832406589, 3.1185824774639817, 4.032296497662093, 5.376317210377886, 6.655005893453359, 8.271033272035535, 9.817556330193378, 11.5635636503369, 13.18272891572688, 15.008845587333562, 16.811637769404673, 17.604465071746265, 19.497396440050764, 21.34532632122481, 23.329927865660547, 25.205268728628063, 27.12843148616325, 29.058848741608376, 31.04372473143728, 33.051038279344574, 35.07428323556725, 37.101555705518535, 39.12453304131826, 41.13944710791925, 43.127857963436945, 45.078340752383774, 46.31039071412911, 48.30895085231948, 50.23693688085315, 52.04919023093596, 53.77835332651869, 55.41453773778983, 56.93228486374299, 58.391031444322785, 59.79388569192842, 61.18235997887243, 62.5646201500692, 63.960365398116416, 65.42757003958933, 66.95311918136123, 68.57528342890713, 70.26459234037469, 72.05078078465134, 73.94562401879715, 75.94715355835135, 77.17866973889846, 79.40517537464093, 81.73404258330805, 84.17387489525085, 86.7023102559158, 89.32863655636513, 92.02172044684647], "state3:min_error_h": 0.05, "state3:min_error_gcv": 0.45886808405533946, "state3:min_gcv_h": 0.060000000000000005, "state3:min_gcv": 0.3657475087140408}