{"state1:bandwidth": [0.03, 0.04, 0.05, 0.060000000000000005, 0.07, 0.08000000000000002, 0.09000000000000001, 0.1, 0.11000000000000001, 0.12000000000000002, 0.13, 0.14, 0.15000000000000002, 0.16000000000000003, 0.17, 0.18000000000000002, 0.19000000000000003, 0.20000000000000004, 0.21000000000000005, 0.22000000000000003, 0.23000000000000004, 0.24000000000000005, 0.25, 0.26, 0.27, 0.28, 0.29000000000000004, 0.30000000000000004, 0.31000000000000005, 0.32000000000000006, 0.33000000000000007, 0.3400000000000001, 0.3500000000000001, 0.3600000000000001, 0.3700000000000001, 0.3800000000000001, 0.3900000000000001, 0.4, 0.41000000000000003, 0.42000000000000004, 0.43000000000000005, 0.44000000000000006, 0.45000000000000007, 0.4600000000000001, 0.4700000000000001, 0.4800000000000001, 0.4900000000000001, 0.5000000000000001, 0.5100000000000001, 0.5200000000000001, 0.5300000000000001, 0.5400000000000001, 0.5500000000000002, 0.5600000000000002, 0.5700000000000002, 0.5800000000000002, 0.5900000000000001, 0.6000000000000001, 0.6100000000000001, 0.6200000000000001, 0.6300000000000001, 0.6400000000000001, 0.6500000000000001], "state1:gcv_func": [0.013409273460034989, 0.0078061577262415124, 0.00997516322081066, 0.009904724560635838, 0.021360212477734102, 0.027519436371266796, 0.05328175771759942, 0.07525040178506248, 0.12324202705444838, 0.1711635828349784, 0.2350676683698828, 0.3210233715433551, 0.4411229321064685, 0.5912753509109341, 0.7850276238350754, 1.0181651702902257, 1.306921462735459, 1.6296065866780418, 2.005905892315304, 2.361775460632886, 2.812467678615225, 3.286693627777685, 3.527502129195415, 4.0616643807970405, 4.599207633848683, 5.176291362740294, 5.7540505140756695, 6.3385987605945155, 6.9285783292776415, 7.522352393198056, 8.11620321900868, 8.709122362318235, 9.291291848532756, 9.874696406262613, 10.433946854602949, 10.992316407185188, 11.542021097062394, 12.088938975934415, 12.628506032773425, 13.16404967068054, 13.691982030617892, 14.223316519798557, 14.758545680480264, 15.310416406294744, 15.879150476256786, 16.46423048016887, 17.06371928830246, 17.687998435115894, 18.323952394236095, 18.991342464073917, 19.661211321175834, 20.372190470092235, 21.063596996605522, 21.760564225129038, 22.459062392884427, 23.145631374008104, 23.38208568486272, 24.065859479418343, 24.739977835535115, 25.397548180628007, 26.03811094502961, 26.655602742376413, 27.249666812809018], "state1:min_error_h": 0.04, "state1:min_error_gcv": 0.0078061577262415124, "state1:min_gcv_h": 0.04, "state1:min_gcv": 0.0078061577262415124, "state2:bandwidth": [0.03, 0.04, 0.05, 0.060000000000000005, 0.07, 0.08000000000000002, 0.09000000000000001, 0.1, 0.11000000000000001, 0.12000000000000002, 0.13, 0.14, 0.15000000000000002, 0.16000000000000003, 0.17, 0.18000000000000002, 0.19000000000000003, 0.20000000000000004, 0.21000000000000005, 0.22000000000000003, 0.23000000000000004, 0.24000000000000005, 0.25, 0.26, 0.27, 0.28, 0.29000000000000004, 0.30000000000000004, 0.31000000000000005, 0.32000000000000006, 0.33000000000000007, 0.3400000000000001, 0.3500000000000001, 0.3600000000000001, 0.3700000000000001, 0.3800000000000001, 0.3900000000000001, 0.4, 0.41000000000000003, 0.42000000000000004, 0.43000000000000005, 0.44000000000000006, 0.45000000000000007, 0.4600000000000001, 0.4700000000000001, 0.4800000000000001, 0.4900000000000001, 0.5000000000000001, 0.5100000000000001, 0.5200000000000001, 0.5300000000000001, 0.5400000000000001, 0.5500000000000002, 0.5600000000000002, 0.5700000000000002, 0.5800000000000002, 0.5900000000000001, 0.6000000000000001, 0.6100000000000001, 0.6200000000000001, 0.6300000000000001, 0.6400000000000001, 0.6500000000000001], "state2:gcv_func": [0.021019610210293072, 0.009396740860522727, 0.02486322774563764, 0.023613778406392377, 0.06895890325277895, 0.10049429038121949, 0.2927551920153257, 0.42440976706143285, 0.9218930630474318, 1.2121373563730664, 1.9905302225721022, 2.530106120214918, 3.3893911317109437, 4.155900287550997, 5.151749849763398, 5.992376310233984, 7.114616580336726, 8.107851685374905, 9.314669078607567, 10.399332486772085, 11.785417206280425, 13.25315950819442, 13.939740627192386, 15.531144745590185, 17.19439438295474, 18.99292542820966, 20.840559157898486, 22.739584255486587, 24.65312295824623, 26.546643620948753, 28.3951931542022, 30.150316709502935, 31.756209116677844, 33.306886223199164, 34.6908969861991, 35.9964450083498, 37.17876080913513, 37.995286266318594, 39.05284359628359, 40.08914567852854, 41.08484892173705, 42.093838793584396, 43.124860118129384, 44.19494189145799, 45.303295789581156, 46.47620407302282, 47.673087176516404, 48.93259991754316, 50.18950191531784, 51.47497581762048, 52.71878930390735, 54.00069174700037, 55.221312698467365, 56.41447210943529, 57.57150672936758, 58.67332383809834, 59.1987413452449, 60.255296084421005, 61.22805923244368, 62.1470591643687, 62.97725244644274, 63.73858771800388, 64.41480256121916], "state2:min_error_h": 0.04, "state2:min_error_gcv": 0.009396740860522727, "state2:min_gcv_h": 0.04, "state2:min_gcv": 0.009396740860522727, "state3:bandwidth": [0.03, 0.04, 0.05, 0.060000000000000005, 0.07, 0.08000000000000002, 0.09000000000000001, 0.1, 0.11000000000000001, 0.12000000000000002, 0.13, 0.14, 0.15000000000000002, 0.16000000000000003, 0.17, 0.18000000000000002, 0.19000000000000003, 0.20000000000000004, 0.21000000000000005, 0.22000000000000003, 0.23000000000000004, 0.24000000000000005, 0.25, 0.26, 0.27, 0.28, 0.29000000000000004, 0.30000000000000004, 0.31000000000000005, 0.32000000000000006, 0.33000000000000007, 0.3400000000000001, 0.3500000000000001, 0.3600000000000001, 0.3700000000000001, 0.3800000000000001, 0.3900000000000001, 0.4, 0.41000000000000003, 0.42000000000000004, 0.43000000000000005, 0.44000000000000006, 0.45000000000000007, 0.4600000000000001, 0.4700000000000001, 0.4800000000000001, 0.4900000000000001, 0.5000000000000001, 0.5100000000000001, 0.5200000000000001, 0.5300000000000001, 0.5400000000000001, 0.5500000000000002, 0.5600000000000002, 0.5700000000000002, 0.5800000000000002, 0.5900000000000001, 0.6000000000000001, 0.6100000000000001, 0.6200000000000001, 0.6300000000000001, 0.6400000000000001, 0.6500000000000001], "state3:gcv_func": [0.02611595844142628, 0.020237328528667706, 0.047006270548981405, 0.057415945085700526, 0.15139369648483303, 0.20151704642030868, 0.3885338241854343, 0.5347300520882364, 0.8234664279377122, 1.1226019114378303, 1.5712024560820954, 2.1292203494366126, 2.9750984052956464, 3.9020124217380756, 5.264069794625739, 6.565009855357321, 8.212962567313404, 9.786352555690442, 11.565751274026443, 13.212971421515096, 15.06891608334061, 16.89730293598757, 17.69226227813502, 19.607481299446004, 21.473314725119362, 23.46497596188773, 25.348816880800108, 27.269084785671637, 29.214004490477006, 31.187763833233053, 33.19455103034024, 35.20111954639663, 37.223493523457094, 39.232557358586604, 41.236866012940084, 43.21401631529003, 45.14908059827705, 46.37954233141368, 48.36977189536675, 50.290905276242775, 52.09016490417036, 53.80522895084308, 55.42554394795463, 56.93470330626756, 58.3823929251778, 59.781689015455434, 61.15834265735315, 62.53190711366438, 63.91925285057068, 65.38094344485398, 66.90042592404859, 68.51761021217503, 70.19943488627916, 71.98145331839997, 73.87122381165153, 75.86980142676141, 77.0954547162226, 79.31737182725833, 81.64642905776567, 84.07829623988138, 86.60811450157799, 89.2296651651874, 91.92680172223044], "state3:min_error_h": 0.03, "state3:min_error_gcv": 0.02611595844142628, "state3:min_gcv_h": 0.04, "state3:min_gcv": 0.020237328528667706}