{"state1:bandwidth": [0.03, 0.04, 0.05, 0.060000000000000005, 0.07, 0.08000000000000002, 0.09000000000000001, 0.1, 0.11000000000000001, 0.12000000000000002, 0.13, 0.14, 0.15000000000000002, 0.16000000000000003, 0.17, 0.18000000000000002, 0.19000000000000003, 0.20000000000000004, 0.21000000000000005, 0.22000000000000003, 0.23000000000000004, 0.24000000000000005, 0.25, 0.26, 0.27, 0.28, 0.29000000000000004, 0.30000000000000004, 0.31000000000000005, 0.32000000000000006, 0.33000000000000007, 0.3400000000000001, 0.3500000000000001, 0.3600000000000001, 0.3700000000000001, 0.3800000000000001, 0.3900000000000001, 0.4, 0.41000000000000003, 0.42000000000000004, 0.43000000000000005, 0.44000000000000006, 0.45000000000000007, 0.4600000000000001, 0.4700000000000001, 0.4800000000000001, 0.4900000000000001, 0.5000000000000001, 0.5100000000000001, 0.5200000000000001, 0.5300000000000001, 0.5400000000000001, 0.5500000000000002, 0.5600000000000002, 0.5700000000000002, 0.5800000000000002, 0.5900000000000001, 0.6000000000000001, 0.6100000000000001, 0.6200000000000001, 0.6300000000000001, 0.6400000000000001, 0.6500000000000001, 0.6600000000000001, 0.6700000000000002, 0.6800000000000002, 0.6900000000000002, 0.7000000000000002, 0.7100000000000002, 0.7200000000000002, 0.7300000000000002, 0.7400000000000002, 0.7500000000000002, 0.7600000000000001, 0.7700000000000001, 0.7800000000000001, 0.7900000000000001, 0.8000000000000002, 0.8100000000000002, 0.8200000000000002, 0.8300000000000002, 0.8400000000000002, 0.8500000000000002, 0.8600000000000002, 0.8700000000000002, 0.8800000000000002, 0.8900000000000002, 0.9000000000000002, 0.9100000000000001, 0.9200000000000002, 0.9300000000000002, 0.9400000000000002, 0.9500000000000002, 0.9600000000000002, 0.9700000000000002, 0.9800000000000002, 0.9900000000000002, 1.0000000000000002, 1.0100000000000002, 1.0200000000000002, 1.0300000000000002, 1.0400000000000003, 1.0500000000000003, 1.0600000000000003, 1.0700000000000003, 1.0800000000000003, 1.0900000000000003], "state1:gcv_func": [0.0021077420085496867, 0.015814070723992997, 0.22909080100205087, 0.12903225978358307, 0.017233483728905704, 0.009436235375295402, 0.006292587296519804, 0.004299335727681676, 0.0034916509608198193, 0.0028418560993473774, 0.00219590014898989, 0.001927859500609562, 0.0017251435502200643, 0.001541016695712025, 0.0013833092871462314, 0.0012618933577900188, 0.0011615624598710556, 0.0010718043397974775, 0.0009954026237215423, 0.0009250203046722395, 0.000869517608657917, 0.0008197243155360322, 0.0007598519552066092, 0.0007212014287359668, 0.0006864479599912335, 0.000655128474067912, 0.0006263720604566757, 0.0006002059648160128, 0.0005765189823734166, 0.0005548767855785387, 0.0005350053907804393, 0.0005166279221110673, 0.0004997808387948642, 0.00048432607368805575, 0.00047010523049205856, 0.00045708230787342027, 0.0004452172790660413, 0.000434390856861338, 0.0004246623840371071, 0.00041578275893331914, 0.000407659941507952, 0.0004003153921688978, 0.0003936653740023314, 0.00038767789731232027, 0.0003823320791427189, 0.000377641177527917, 0.00037360706951734926, 0.0003702387776879868, 0.00036753304539643446, 0.00036553895828002895, 0.0003642092061690854, 0.00036357832352043893, 0.0003636402971628152, 0.00036440679914037037, 0.00036585954880454994, 0.0003679991603561461, 0.0003717156481965343, 0.0003751250409345802, 0.0003791795266017615, 0.0003838515721627157, 0.00038915204589541245, 0.0003950693125331123, 0.00040161207796850993, 0.00040875665558063457, 0.0004165082546777372, 0.00042485291669331574, 0.0004337780250652654, 0.00044325573374433323, 0.000453299192020683, 0.00046387595087210755, 0.0004749586616746578, 0.00048651828481002004, 0.000498566396152387, 0.0005114166456441453, 0.000524313474081488, 0.0005376227464737676, 0.0005513431792326917, 0.000565460813399391, 0.0005800017635616471, 0.0005949401032813665, 0.0006102786495272727, 0.0006260765508307062, 0.00064230310848261, 0.0006589587357266625, 0.0006761005330171143, 0.0006937234951684738, 0.000711898374842409, 0.0007306524956917086, 0.0007507843427852045, 0.0007707631289596003, 0.0007914516626316203, 0.0008129393569279978, 0.000835247207442679, 0.0008584773664490411, 0.000882714559865942, 0.0009080069328058698, 0.000934406453349436, 0.0009620510310287273, 0.00099154529231396, 0.0010210255375592942, 0.0010530020457375769, 0.001085520333102952, 0.0011202406171148965, 0.0011560516638605398, 0.0011939584330451572, 0.0012332979984261553, 0.001274717481229276], "state1:min_error_h": 0.3700000000000001, "state1:min_error_gcv": 0.00047010523049205856, "state1:min_gcv_h": 0.5400000000000001, "state1:min_gcv": 0.00036357832352043893, "state2:bandwidth": [0.03, 0.04, 0.05, 0.060000000000000005, 0.07, 0.08000000000000002, 0.09000000000000001, 0.1, 0.11000000000000001, 0.12000000000000002, 0.13, 0.14, 0.15000000000000002, 0.16000000000000003, 0.17, 0.18000000000000002, 0.19000000000000003, 0.20000000000000004, 0.21000000000000005, 0.22000000000000003, 0.23000000000000004, 0.24000000000000005, 0.25, 0.26, 0.27, 0.28, 0.29000000000000004, 0.30000000000000004, 0.31000000000000005, 0.32000000000000006, 0.33000000000000007, 0.3400000000000001, 0.3500000000000001, 0.3600000000000001, 0.3700000000000001, 0.3800000000000001, 0.3900000000000001, 0.4, 0.41000000000000003, 0.42000000000000004, 0.43000000000000005, 0.44000000000000006, 0.45000000000000007, 0.4600000000000001, 0.4700000000000001, 0.4800000000000001, 0.4900000000000001, 0.5000000000000001, 0.5100000000000001, 0.5200000000000001, 0.5300000000000001, 0.5400000000000001, 0.5500000000000002, 0.5600000000000002, 0.5700000000000002, 0.5800000000000002, 0.5900000000000001, 0.6000000000000001, 0.6100000000000001, 0.6200000000000001, 0.6300000000000001, 0.6400000000000001, 0.6500000000000001, 0.6600000000000001, 0.6700000000000002, 0.6800000000000002, 0.6900000000000002, 0.7000000000000002, 0.7100000000000002, 0.7200000000000002, 0.7300000000000002, 0.7400000000000002, 0.7500000000000002, 0.7600000000000001, 0.7700000000000001, 0.7800000000000001, 0.7900000000000001, 0.8000000000000002, 0.8100000000000002, 0.8200000000000002, 0.8300000000000002, 0.8400000000000002, 0.8500000000000002, 0.8600000000000002, 0.8700000000000002, 0.8800000000000002, 0.8900000000000002, 0.9000000000000002, 0.9100000000000001, 0.9200000000000002, 0.9300000000000002, 0.9400000000000002, 0.9500000000000002, 0.9600000000000002, 0.9700000000000002, 0.9800000000000002, 0.9900000000000002, 1.0000000000000002, 1.0100000000000002, 1.0200000000000002, 1.0300000000000002, 1.0400000000000003, 1.0500000000000003, 1.0600000000000003, 1.0700000000000003, 1.0800000000000003, 1.0900000000000003],