{"state1:residual": [0.0021226110212460942, 0.0024002427969113858, 0.006339490598247755, 0.0067722430701839306, 0.0071543318842302375, 0.00751530745618024, 0.007862038889638052, 0.008186491674821333, 0.008430823874320285, 0.00864733754891005, 0.00887319189419137, 0.009108653261517961, 0.00935391249492986, 0.00960896927199156, 0.009875130099142338, 0.010157225025888499, 0.010332120725338727, 0.010468495486290749, 0.01061417538825991, 0.010768076818070347, 0.01196769215267095, 0.012088502928616568, 0.012210626035536902, 0.012325174286065539, 0.012428143633480515, 0.012538037059471645, 0.012658246984797075, 0.012750194671551807, 0.012825792211727775, 0.012888653621390987, 0.01295286748813994, 0.013018536483462578, 0.013086074347021394, 0.013157059949022587, 0.013217877775758372, 0.013270740870787622, 0.013329097433153053, 0.013386389997444913, 0.013434461582382233, 0.013483701883010643, 0.013533996252244473, 0.013580901854267743, 0.013621959364448336, 0.013660331068948971, 0.013695668675980783, 0.013725476493168028, 0.013754303981640053, 0.013782091880576384, 0.013808507444328126, 0.013833432636032135, 0.0138547345997926, 0.013874399563560055, 0.013892695153519792, 0.013909894478257747, 0.013926043082114174, 0.013941232654424249, 0.013955580434528134, 0.013969135214406245, 0.013982068246374857, 0.013994524933778682, 0.01400661008373302, 0.01401856328002183, 0.014030831525801285, 0.014043758965086733, 0.014057695409648066, 0.014072849027963196, 0.014088947860807452, 0.014105708468575933, 0.01412051765580927, 0.01413565755972412, 0.014150994568802264, 0.014166347635601493, 0.014181581611824076, 0.014447992306333162, 0.014478822627901568, 0.01450350258195972, 0.0145281705466474, 0.014552768957855034, 0.014577243116436246, 0.014602721995994905, 0.014629562288669047, 0.014657981377435087, 0.014689095444379085, 0.014723990209569241, 0.015331213816089881, 0.015465159075960935, 0.015610434915279121, 0.015772566565444526, 0.015955104277577504, 0.016161504456225446, 0.016394832986011135, 0.016657543606888602, 0.01735040383299964, 0.017725383028314733, 0.018139130472046208, 0.019306034919721157, 0.019955758526334386, 0.02070714913980307, 0.021579994750426365, 0.022595982582340825], "state1:regularizer": [1.018914092830834, 0.9775688831818082, 0.4305812537624357, 0.37843487762204786, 0.33332325903901555, 0.293136103329499, 0.25617589757431397, 0.2236195227070532, 0.2005299955704185, 0.18144047502691935, 0.16284980029462864, 0.14501288092124598, 0.1274774978538763, 0.11041582595635402, 0.09428208974395158, 0.0794920627256615, 0.07071687160396722, 0.06433709407635302, 0.05797729439748167, 0.051695044128145184, 0.016024779697980662, 0.0138406663864592, 0.011737736928532305, 0.009881500051559522, 0.008331868441993684, 0.006865586773150079, 0.005479340879557315, 0.004537719422544717, 0.003837265298270387, 0.0033001269448746373, 0.0028094264154217563, 0.0023966776264798817, 0.002034670432428054, 0.0017331665800670026, 0.0015054857350655926, 0.0013178872667169994, 0.001130386487965207, 0.0009633963053667927, 0.0008302796354503483, 0.0007045540502210179, 0.0005876981334778653, 0.0004904059002230343, 0.00041334252410585304, 0.00034698422342388513, 0.00029189057801887186, 0.0002480746404043832, 0.0002089135700477085, 0.00017442734011702266, 0.00014488111420152272, 0.00012086356524526609, 0.00010213857307456164, 8.680967282032048e-05, 7.492420571963976e-05, 6.515878048291013e-05, 5.664387203802024e-05, 4.9720343342885e-05, 4.381953697529806e-05, 3.8733591810780066e-05, 3.449732219307222e-05, 3.1058913002812716e-05, 2.8221335178935103e-05, 2.5702712373287806e-05, 2.339330520334526e-05, 2.120415436901446e-05, 1.9120364836200388e-05, 1.7124574086702093e-05, 1.526015296654526e-05, 1.3555800531972473e-05, 1.2225908751217762e-05, 1.1048891506992842e-05, 9.996729626648992e-06, 9.03885917502567e-06, 8.186087443906587e-06, 2.4396117831448905e-06, 2.251201511316303e-06, 2.125031353883422e-06, 2.0171874435259696e-06, 1.9235446021004243e-06, 1.8400000000862171e-06, 1.7627000230002743e-06, 1.6907661008480623e-06, 1.6234650139779205e-06, 1.5598411953199331e-06, 1.4995055594435591e-06, 9.208109596481329e-07, 8.734875857063784e-07, 8.31983571369932e-07, 7.933805930004922e-07, 7.563939871668701e-07, 7.202516711379836e-07, 6.845354414419802e-07, 6.497451034426227e-07, 5.500952584558405e-07, 5.257808304293121e-07, 5.018418746671749e-07, 4.1690759888801665e-07, 3.9006023550003377e-07, 3.620540885429513e-07, 3.330588717598282e-07, 3.019599164044706e-07], "state1:res_corner": 0.015273102315128857, "state1:reg_corner": 9.447360106995539e-07, "state1:res_min": 0.014723990209569241, "state1:reg_min": 1.4995055594435591e-06, "state1:res_gcv": 0.0167789535284446, "state1:reg_gcv": 6.352586817137684e-07, "state1:lambda_lc": 80.54270187232447, "state1:gcv_lc": 1.722481593323371e-06, "state2:residual": [0.002255160017244076, 0.006160252582846488, 0.006728356549622569, 0.007302944258295805, 0.007759197813791776, 0.008204022316871118, 0.008645155356350295, 0.009025272167623895, 0.009339221768374052, 0.009636187163652707, 0.009925870710661802, 0.010195216579402934, 0.010395601606927934, 0.010584258089070295, 0.010775135168524994, 0.01096560906390659, 0.011096755945639757, 0.011189242947625593, 0.011296815805519587, 0.01140673372769132, 0.011508069401503665, 0.0123820994432723, 0.012472355209511904, 0.012531479155931183, 0.012596176489972351, 0.012666109285412515, 0.012741165488426237, 0.012822047031093294, 0.01289594210366623, 0.01297688231225989, 0.013060715423278534, 0.013118044513374357, 0.013169490345011498, 0.013224358777023899, 0.013284090137522929, 0.013349330257611173, 0.013417486387564112, 0.01348504573180499, 0.01354854692965011, 0.013613825983111989, 0.01367900532243868, 0.013728393642319972, 0.013769453643212753, 0.013805332309027904, 0.013836834858714533, 0.013864715854713276, 0.01388976678808741, 0.013912757575100885, 0.013934417384445901, 0.013955255468274017, 0.01397541671199132, 0.013995005045907697, 0.014013830298397098, 0.014031794321096566, 0.014049090484772283, 0.014066038367649239, 0.014082745314367566, 0.014099396687513007, 0.01411603558889104, 0.014129948208632457, 0.014143225390952198, 0.014156090439726649, 0.01416839144063307, 0.014298828659043163, 0.014321813145067605, 0.014346016445139208, 0.01437437828961886, 0.014407907031653193, 0.01444835784159163, 0.014883690882587747, 0.015036868466346602, 0.015226039537443312, 0.015458459671528781, 0.015742243944737905, 0.016085600363063352, 0.016717469468249938, 0.01723366835444854, 0.01783341517618325, 0.01884697741690162, 0.019664250907898483, 0.020588280617782423, 0.0219939824742164, 0.023194926388208068, 0.02455986008746446, 0.026410724261269974, 0.02816203726819428, 0.030159869615643462, 0.0324441385618111, 0.035479897410018536, 0.03847379895496919, 0.04196879262415703, 0.046112435994738764, 0.05107983070724054, 0.0570777534484473, 0.06434663795822686, 0.07327552940172717, 0.08427717019120268, 0.09768258293678068, 0.11403182829509026, 0.12227974150647394],