{"state1:residual": [1.2945541747607248, 1.2972252139347156, 1.3000930514797762, 1.3032253636462747, 1.3063446135392611, 1.3099699588999745, 1.313293190224898, 1.3159902416750793, 1.3187883201122834, 1.3217538743712016, 1.3250587384862982, 1.326857735317182, 1.328120884418903, 1.3296819577579535, 1.3318108422965576, 1.3336069621009132, 1.3355877193558199, 1.3383215706989613, 1.3407805971913909, 1.3431943222502505, 1.345979649200062, 1.34920639852447, 1.3528664696347696, 1.3565758203089262, 1.3586567066429482, 1.3602335124856297, 1.3617125540646084, 1.36313835962788, 1.3643297045636893, 1.3653247542707356, 1.366564786295563, 1.367806776210407, 1.3689143444965526, 1.3701684775506793, 1.3715296050757257, 1.3729160685305908, 1.3744817042000024, 1.3760006364499993, 1.3773602274204573, 1.3780958921285047, 1.3787891087472386, 1.3795218814093886, 1.3800442756903009, 1.380514109575904, 1.380989730090618, 1.381595507936792, 1.3820795173650016, 1.3827305785492563, 1.3833866715720244, 1.3841278191777744, 1.384978911349673, 1.3853456710867893, 1.3855411624672263, 1.3857899364274084, 1.385951876758981, 1.3860658414333884, 1.3861613233558505, 1.3863493226183765, 1.3865068537972656, 1.3866833645778232, 1.3869253282758178, 1.3870929393821763, 1.3872703549420031, 1.3874770775052092, 1.387663318250967, 1.3878934943997652, 1.3881359460471454, 1.3883833457818733, 1.388618978984421, 1.388911928786536, 1.3891643616845222, 1.3894856761080663, 1.389788518996164, 1.3901596069709454, 1.3905205036579646, 1.3909765456423955, 1.3914106508631439, 1.3919432853668956, 1.3924766520224852, 1.3931193674093758, 1.3937668781114132, 1.3945400885922117, 1.3953388213719011, 1.3962708712925063, 1.3971974591913903, 1.3980222160063462, 1.3988848013917894, 1.399615264461713, 1.4002472415934406, 1.4009509124061568, 1.401817659524731, 1.4027628897280646, 1.4035687694059844, 1.4044346772910994, 1.4055080604815047, 1.4063085201174057, 1.4073451964014694, 1.4082380645052877, 1.4091125766624197, 1.4101288650439938], "state1:regularizer": [0.0457647888478066, 0.04241082177181155, 0.03909500686462242, 0.035660111127818306, 0.032450200972929055, 0.028975726637664123, 0.025990481029394996, 0.023766250372424413, 0.0215827040549032, 0.019414470421197316, 0.017122561497400823, 0.015972765870375605, 0.015213431789917742, 0.014366441636122662, 0.013257592379165128, 0.012373434632126923, 0.011493142227705089, 0.01032140616148014, 0.009342751411231642, 0.008467203834384873, 0.00749713021323789, 0.006452595024168006, 0.005352861971920919, 0.004313048257738206, 0.0037628869959900335, 0.003374111364053578, 0.003033283983149837, 0.0027227203791930776, 0.0024833520637114193, 0.0022976798509893315, 0.002077306167858839, 0.0018757784783463571, 0.001707905284615563, 0.0015304720259941007, 0.0013494670141883658, 0.0011772609835032921, 0.0009963179549902779, 0.0008334738590439206, 0.0006944054295985325, 0.0006253380075636472, 0.0005630304995789537, 0.0005022801431659452, 0.00046142449036307154, 0.00042656746183189487, 0.0003940893135455925, 0.00035725602255545774, 0.0003277900516022447, 0.0002936282832816106, 0.0002608355910423965, 0.00022589150971019656, 0.00018869846192559603, 0.00017295476675302512, 0.00016534300579085226, 0.00015636655556564016, 0.000150750360304569, 0.00014679908829262622, 0.00014437969872738154, 0.00013913514052021903, 0.00013508379423915473, 0.0001307616098690234, 0.00012526947340357752, 0.00012181253728135721, 0.00011828827276114118, 0.0001146130928526834, 0.00011148031081711918, 0.00010791653453123828, 0.00010437970299664867, 0.00010088153200754624, 9.793757832141092e-05, 9.447698752904077e-05, 9.169414674647935e-05, 8.857249125807098e-05, 8.547091163552123e-05, 8.221009022008063e-05, 7.91952975667809e-05, 7.557240666217213e-05, 7.242452477962402e-05, 6.896781345899772e-05, 6.553812216886223e-05, 6.178310759152872e-05, 5.8257638584913174e-05, 5.432827013107655e-05, 5.0519697011530695e-05, 4.634070563119819e-05, 4.2478321904515504e-05, 3.922829921432225e-05, 3.602294777166337e-05, 3.3564628568460986e-05, 3.1599653681657625e-05, 2.9554453470248543e-05, 2.7281927245326187e-05, 2.4892944212984158e-05, 2.2975989808882158e-05, 2.108367200115424e-05, 1.8817370171120285e-05, 1.72984353304928e-05, 1.5467355467146948e-05, 1.3967885162780025e-05, 1.2587595348501068e-05, 1.1091502990667745e-05], "state1:res_corner": 1.422629050501137, "state1:reg_corner": 1.8247364730328286e-09, "state1:res_min": 1.4101288650439938, "state1:reg_min": 1.1091502990667745e-05, "state1:res_gcv": 1.4223953906535007, "state1:reg_gcv": 9.909566145438475e-08, "state1:lambda_lc": 610281.2699547034, "state1:gcv_lc": 0.00949852459784405, "state2:residual": [1.356946654403183, 1.3598362427798665, 1.3634638243776727, 1.3672141940528721, 1.36947327674285, 1.3714402062908364, 1.3735476777017113, 1.3754480078377842, 1.3776612408186177, 1.380107130281929, 1.382743653020686, 1.3855598763986796, 1.3883548850421337, 1.3912615641209827, 1.393965411613108, 1.396424820793466, 1.3993002477593675, 1.401758873092464, 1.4045136681606312, 1.40531523956039, 1.4061381064225327, 1.4073007188168891, 1.408217738695749, 1.4090846876142893, 1.4100191886255047, 1.4109489999740144, 1.4120831350280654, 1.4131071135468378, 1.414249101418106, 1.4154532675249922, 1.4164921584519643, 1.4174036164165191, 1.4183657698336318, 1.419164967197094, 1.419909489968135, 1.420415476767619, 1.4210068961234188, 1.4215528250889904, 1.4220885440308673, 1.4228089300533167, 1.4233836882022484, 1.4239943800578405, 1.4246678119271394, 1.4250488860972579, 1.4254215025894192, 1.4257899483774177, 1.4260830749535598, 1.426400122176234, 1.4266556606238043, 1.4269553847953333, 1.4272625335133644, 1.427494373425418, 1.4277375582228014, 1.428004151016672, 1.4283081533409179, 1.4285536681907207, 1.4288435883186832, 1.4292192468059555, 1.4296033661326553, 1.4299986913412568, 1.4304634347787935, 1.4309758555105176, 1.431537004795738, 1.4322141113577418, 1.4328932274694608, 1.4336781495354283, 1.4345716501421066, 1.4355747906145437, 1.4365456585119054, 1.4373329125978052, 1.4380761282067547, 1.4387074440265293, 1.4390432507789803, 1.4393962398141167, 1.439668594941571, 1.4399819214019842, 1.4402456924452018, 1.440714943102595, 1.441038153509719, 1.4414511399607406, 1.4418476850063318, 1.4424430676321343, 1.4429596114877747, 1.443545971125225, 1.4442488300915972, 1.4448178968488432, 1.4453717998033462, 1.4459415517253773, 1.4465006101504827, 1.4470307415927515, 1.4476232213338949, 1.44824836674694, 1.4489228768873035, 1.449556445951058, 1.4499578204271035, 1.4502374824292923, 1.450365748927523, 1.4505321826312443, 1.4506916272160346, 1.4508608388366908],