{"mean_error_1":[4.1278830606446754E-5,0.00041019104855631594,0.0099436268707917188,0.21900726244970886],"mean_error_2":[8.9866874063759152E-5,0.0015596661983614825,0.01811632811677116,0.31272696609090828],"mean_error_3":[5.122409647119328E-5,0.0003317198594717362,0.063187281876425083,1.3953761201229531],"var_error_1":[6.7392321798011413E-10,1.9547278071434835E-7,0.0040144176706671791,0.61647574821255335],"var_error_2":[6.7392321798011413E-10,1.9547278071434835E-7,0.0040144176706671791,0.61647574821255335],"var_error_3":[6.7392321798011413E-10,1.9547278071434835E-7,0.0040144176706671791,0.61647574821255335],"noise":[0.001,0.01,0.1,1]}