{"mean_error_1":[2.9872462629420329E-5,0.00022123689328079588,0.0026406697442771135,0.055606435152039405],"mean_error_2":[0.00019180723615855368,0.00089727263688464415,0.00864919478473407,0.200778592527943],"mean_error_3":[5.2425747498398466E-5,0.0001411232820589296,0.0016603087601110233,0.9176004020612637],"var_error_1":[2.4137410892909044E-10,4.3417226532051696E-9,1.1470893239168913E-6,0.41100757892688194],"var_error_2":[2.4137410892909044E-10,4.3417226532051696E-9,1.1470893239168913E-6,0.41100757892688194],"var_error_3":[2.4137410892909044E-10,4.3417226532051696E-9,1.1470893239168913E-6,0.41100757892688194],"noise":[0.001,0.01,0.1,1]}