{"mean_error_1":[2.2104249209436335E-5,0.00021055211961451992,0.0021975696127649147,0.096444389547284348],"mean_error_2":[6.4911991713070716E-5,0.00059128384478329763,0.0078080329859204437,0.16334665752956365],"mean_error_3":[1.3526628000351263E-5,0.00022355453029280494,0.0017074139460117091,0.97194516642499273],"var_error_1":[5.3125661217463803E-11,2.2602347018498549E-8,1.2425415318135175E-6,0.50785766000248711],"var_error_2":[5.3125661217463803E-11,2.2602347018498549E-8,1.2425415318135175E-6,0.50785766000248711],"var_error_3":[5.3125661217463803E-11,2.2602347018498549E-8,1.2425415318135175E-6,0.50785766000248711],"noise":[0.001,0.01,0.1,1]}