{"mean_error_1":[2.0027038001724729E-5,0.00022463081273607616,0.0022403954941463107,0.065909834570709411],"mean_error_2":[6.7072272703142387E-5,0.00062892386930800349,0.0099894098773130689,0.17336323100895729],"mean_error_3":[1.2385717580938105E-5,0.00019239936915342755,0.030833262630135611,3.0839818923320603],"var_error_1":[4.4267243732019542E-11,1.5401952222032838E-8,0.00422653383721276,4.2264400731925447],"var_error_2":[4.4267243732019542E-11,1.5401952222032838E-8,0.00422653383721276,4.2264400731925447],"var_error_3":[4.4267243732019542E-11,1.5401952222032838E-8,0.00422653383721276,4.2264400731925447],"noise":[0.001,0.01,0.1,1]}