{"mean_error_1":[3.6289039707631061E-5,0.00060998180980030515,0.011019604229191998,0.38121464388728682],"mean_error_2":[9.5897937801613445E-5,0.0010899665059866627,0.018299089925546522,0.26952998294875929],"mean_error_3":[5.3039466798861194E-5,0.00691158079250805,0.10578962562269184,2.88055509180323],"var_error_1":[1.0007769047175465E-9,5.1225073117292628E-5,0.0049362989117074825,1.1666632393519245],"var_error_2":[1.0007769047175465E-9,5.1225073117292628E-5,0.0049362989117074825,1.1666632393519245],"var_error_3":[1.0007769047175465E-9,5.1225073117292628E-5,0.0049362989117074825,1.1666632393519245],"noise":[0.001,0.01,0.1,1]}