{"mean_error_1":[6.9664842267972885E-5,0.0004251772798367363,0.005997039231710747,0.2751953278409347],"mean_error_2":[0.0011772173415839926,0.001277965983182399,0.01348415797422804,0.25062575245629748],"mean_error_3":[9.009091080114372E-5,0.0007857520028570344,0.040789638714475017,1.5563396619210577],"var_error_1":[1.4246942318740374E-9,1.3392774546939106E-6,0.0024592927134168547,0.90525581611687134],"var_error_2":[1.4246942318740374E-9,1.3392774546939106E-6,0.0024592927134168547,0.90525581611687134],"var_error_3":[1.4246942318740374E-9,1.3392774546939106E-6,0.0024592927134168547,0.90525581611687134],"noise":[0.001,0.01,0.1,1]}