{"state1:lambdas": [0.01, 0.01291549665014884, 0.016681005372000592, 0.021544346900318832, 0.027825594022071243, 0.03593813663804628, 0.046415888336127774, 0.05994842503189409, 0.0774263682681127, 0.1, 0.1291549665014884, 0.16681005372000582, 0.21544346900318834, 0.2782559402207124, 0.3593813663804626, 0.46415888336127775, 0.5994842503189409, 0.774263682681127, 1.0, 1.291549665014884, 1.6681005372000592, 2.154434690031882, 2.782559402207123, 3.593813663804626, 4.6415888336127775, 5.994842503189409, 7.742636826811269, 10.0, 12.915496650148826, 16.681005372000573, 21.54434690031882, 27.82559402207123, 35.93813663804626, 46.41588833612777, 59.94842503189409, 77.4263682681127, 100.0, 129.15496650148827, 166.81005372000593, 215.44346900318823, 278.2559402207126, 359.38136638046257, 464.1588833612773, 599.4842503189409, 774.2636826811262, 1000.0, 1291.5496650148827, 1668.100537200059, 2154.4346900318824, 2782.55940220712, 3593.813663804626, 4641.588833612773, 5994.8425031894085, 7742.636826811262, 10000.0, 12915.496650148827, 16681.005372000556, 21544.346900318822, 27825.5940220712, 35938.13663804626, 46415.888336127726, 59948.42503189409, 77426.36826811262, 100000.0, 129154.96650148826, 166810.05372000558, 215443.46900318822, 278255.94022071204, 359381.36638046254, 464158.8833612772, 599484.2503189408, 774263.6826811262, 1000000.0, 1291549.6650148828, 1668100.5372000558, 2154434.6900318777, 2782559.402207126, 3593813.6638046256, 4641588.833612773, 5994842.503189396, 7742636.826811277, 10000000.0, 12915496.650148828, 16681005.372000556, 21544346.90031878, 27825594.022071257, 35938136.63804626, 46415888.33612773, 59948425.03189397, 77426368.26811247, 100000000.0, 129154966.50148827, 166810053.72000557, 215443469.00318778, 278255940.2207126, 359381366.3804626, 464158883.3612773, 599484250.3189397, 774263682.6811246, 1000000000.0], "state1:gcv_func": [0.00013459327071774622, 0.00013374163583576077, 0.00013271186337832167, 0.00013148489571309684, 0.00013004744797558775, 0.00012839495562367166, 0.0001265340760753161, 0.0001244841292465814, 0.00012227705976633225, 0.00011995589511701537, 0.00011757208819040353, 0.00011518237911837798, 0.00011284579274392878, 0.00011062111235150815, 0.00010856472026441209, 0.00010672827206099046, 0.00010515559837192447, 0.00010387873472012107, 0.00010291387957992556, 0.00010225876663930495, 0.0001018928198170231, 0.00010178047352986592, 0.00010187673499522932, 0.00010213320290157296, 0.00010250279161705205, 0.0001029422475575949, 0.00010341267565036162, 0.00010387912289323362, 0.00010431041813883799, 0.00010467995658226517, 0.00010496730676939213, 0.00010515988379691753, 0.00010525378448631027, 0.00010525322655920708, 0.00010516864262068124, 0.00010501403769309376, 0.00010480447511545865, 0.00010455441530886448, 0.00010427718994707165, 0.00010398538299363957, 0.00010369155218752553, 0.0001034086816033912, 0.00010314996672243536, 0.00010292786042625142, 0.00010275262224812315, 0.0001026308428868886, 0.00010256451744468129, 0.00010255115419693639, 0.00010258508733970117, 0.00010265968263359225, 0.00010276970339848974, 0.00010291298387058531, 0.00010309081756161402, 0.00010330697507929966, 0.00010356579167069882, 0.00010387012809340893, 0.0001042201049128579, 0.00010461329477744008, 0.00010504657639042139, 0.00010551928491933353, 0.00010603687762732362, 0.00010661423009671763, 0.00010727788891108863, 0.00010806701080479802, 0.00010903313736164289, 0.00011023918308867039, 0.00011175790658518098, 0.00011366980705600046, 0.00011606035815470103, 0.00011901733297498411, 0.00012263050327202218, 0.00012699671294140469, 0.0001322312673413366, 0.0001384812767232261, 0.0001459305483174092, 0.00015478337255271646, 0.0001652198937253983, 0.0001773287154694754, 0.00019103782351349982, 0.00020607351461562063, 0.00022197083745614522, 0.00023813840686546562, 0.00025395656735799853, 0.00026887521307501024, 0.000282482575581169, 0.0002945325851299085, 0.00030493565680883393, 0.0003137266170116345, 0.0003210247581609495, 0.00032699651968746995, 0.00033182620043984573, 0.00033569586518587835, 0.0003387734049656073, 0.0003412066472365264, 0.0003431216121412625, 0.0003446232683824264, 0.00034579748422506457, 0.0003467136449477744, 0.0003474272290900643, 0.0003479822891825976], "state1:lambda_lcurve": 142575.7501976269, "state1:gcv_lcurve": 0.00010946693693235329, "state1:min_error_lambda": 7742.636826811262, "state1:min_error_gcv": 0.00010330697507929966, "state1:min_lambda": 2.154434690031882, "state1:min_gcv": 0.00010178047352986592, "state2:lambdas": [0.01, 0.01291549665014884, 0.016681005372000592, 0.021544346900318832, 0.027825594022071243, 0.03593813663804628, 0.046415888336127774, 0.05994842503189409, 0.0774263682681127, 0.1, 0.1291549665014884, 0.16681005372000582, 0.21544346900318834, 0.2782559402207124, 0.3593813663804626, 0.46415888336127775, 0.5994842503189409, 0.774263682681127, 1.0, 1.291549665014884, 1.6681005372000592, 2.154434690031882, 2.782559402207123, 3.593813663804626, 4.6415888336127775, 5.994842503189409, 7.742636826811269, 10.0, 12.915496650148826, 16.681005372000573, 21.54434690031882, 27.82559402207123, 35.93813663804626, 46.41588833612777, 59.94842503189409, 77.4263682681127, 100.0, 129.15496650148827, 166.81005372000593, 215.44346900318823, 278.2559402207126, 359.38136638046257, 464.1588833612773, 599.4842503189409, 774.2636826811262, 1000.0, 1291.5496650148827, 1668.100537200059, 2154.4346900318824, 2782.55940220712, 3593.813663804626, 4641.588833612773, 5994.8425031894085, 7742.636826811262, 10000.0, 12915.496650148827, 16681.005372000556, 21544.346900318822, 27825.5940220712, 35938.13663804626, 46415.888336127726, 59948.42503189409, 77426.36826811262, 100000.0, 129154.96650148826, 166810.05372000558, 215443.46900318822, 278255.94022071204, 359381.36638046254, 464158.8833612772, 599484.2503189408, 774263.6826811262, 1000000.0, 1291549.6650148828, 1668100.5372000558, 2154434.6900318777, 2782559.402207126, 3593813.6638046256, 4641588.833612773, 5994842.503189396, 7742636.826811277, 10000000.0, 12915496.650148828, 16681005.372000556, 21544346.90031878, 27825594.022071257, 35938136.63804626, 46415888.33612773, 59948425.03189397, 77426368.26811247, 100000000.0, 129154966.50148827, 166810053.72000557, 215443469.00318778, 278255940.2207126, 359381366.3804626, 464158883.3612773, 599484250.3189397, 774263682.6811246, 1000000000.0],