{"state1:lambdas": [0.0001, 0.00012045035402587823, 0.000145082877849594, 0.0001747528400007683, 0.00021049041445120198, 0.00025353644939701115, 0.0003053855508833416, 0.0003678379771828634, 0.0004430621457583882, 0.0005336699231206312, 0.0006428073117284319, 0.000774263682681127, 0.0009326033468832199, 0.0011233240329780276, 0.0013530477745798076, 0.0016297508346206436, 0.0019630406500402726, 0.002364489412645407, 0.002848035868435802, 0.003430469286314919, 0.0041320124001153384, 0.004977023564332114, 0.005994842503189409, 0.007220809018385471, 0.008697490026177835, 0.010476157527896652, 0.012618568830660211, 0.015199110829529346, 0.018307382802953697, 0.022051307399030457, 0.026560877829466867, 0.03199267137797385, 0.03853528593710531, 0.04641588833612782, 0.055908101825122285, 0.06734150657750829, 0.08111308307896872, 0.09770099572992257, 0.1176811952434999, 0.14174741629268062, 0.1707352647470692, 0.20565123083486536, 0.24770763559917114, 0.298364724028334, 0.3593813663804629, 0.43287612810830617, 0.521400828799969, 0.6280291441834259, 0.7564633275546291, 0.9111627561154896, 1.0974987654930568, 1.3219411484660315, 1.592282793341094, 1.9179102616724888, 2.310129700083163, 2.782559402207126, 3.351602650938848, 4.037017258596558, 4.862601580065354, 5.857020818056673, 7.054802310718645, 8.497534359086455, 10.235310218990268, 12.328467394420684, 14.849682622544666, 17.886495290574352, 21.544346900318867, 25.950242113997373, 31.257158496882415, 37.649358067924716, 45.34878508128591, 54.62277217684348, 65.79332246575683, 79.24828983539186, 95.45484566618347, 114.9756995397738, 138.48863713938746, 166.81005372000593, 200.923300256505, 242.01282647943833, 291.5053062825182, 351.11917342151344, 422.9242874389508, 509.4138014816386, 613.5907273413176, 739.072203352579, 890.2150854450392, 1072.2672220103254, 1291.5496650148852, 1555.6761439304755, 1873.8174228603868, 2257.0197196339213, 2718.5882427329457, 3274.5491628777318, 3944.206059437664, 4750.810162102803, 5722.3676593502205, 6892.61210434971, 8302.175681319752, 10000.0], "state1:gcv_func": [2.0253838996046357e-08, 2.0252691637725816e-08, 2.0251310381931504e-08, 2.0249647729585975e-08, 2.0247646613894447e-08, 2.024523851423027e-08, 2.0242341217546787e-08, 2.0238856137134956e-08, 2.0234665185635398e-08, 2.022962706240893e-08, 2.0223572928766186e-08, 2.0216301367169195e-08, 2.0207572569276528e-08, 2.0197101707671058e-08, 2.018455144969756e-08, 2.0169523675552505e-08, 2.015155050282804e-08, 2.0130084858491032e-08, 2.0104491026269407e-08, 2.007403581886618e-08, 2.0037881345161495e-08, 1.9995080726460577e-08, 1.994457855565478e-08, 1.9885218355766102e-08, 1.9815759682296023e-08, 1.9734907716385273e-08, 1.9641357994364367e-08, 1.9533858104401475e-08, 1.941128651309929e-08, 1.9272746039358923e-08, 1.9117665967593564e-08, 1.8945902864209665e-08, 1.8757826723058617e-08, 1.8554377341338786e-08, 1.8337076998265295e-08, 1.8107990169873307e-08, 1.7869628674649392e-08, 1.7624809622992e-08, 1.7376481506338158e-08, 1.712753874222132e-08, 1.688064629615755e-08, 1.663809429064185e-08, 1.6401698938669865e-08, 1.6172761216296664e-08, 1.5952087962703814e-08, 1.5740071058260614e-08, 1.5536809828935973e-08, 1.534225263685259e-08, 1.515632941497992e-08, 1.4979050180655525e-08, 1.481055495105521e-08, 1.4651114644243453e-08, 1.4501095700995457e-08, 1.4360909258130881e-08, 1.423096701842969e-08, 1.4111661376142538e-08, 1.4003379463734309e-08, 1.3906552558815881e-08, 1.3821736027864186e-08, 1.3749711861357295e-08, 1.3691605957026125e-08, 1.3649014881871052e-08, 1.3624140678517233e-08, 1.3619936175675108e-08, 1.3640266456599245e-08, 1.3690094445743362e-08, 1.3775700130606982e-08, 1.3904943828765033e-08, 1.4087584101061486e-08, 1.4335660599019661e-08, 1.4663952249563954e-08, 1.5090523417972497e-08, 1.563737681779322e-08, 1.6331242662301447e-08, 1.720454760959482e-08, 1.8296621499293778e-08, 1.9655211177987107e-08, 2.1338376606689237e-08, 2.341684517109034e-08, 2.5976898605639667e-08, 2.9123868075068613e-08, 3.298632098497194e-08, 3.77210403294081e-08, 4.351891998684541e-08, 5.0611921469319696e-08, 5.928125118119062e-08, 6.986692271523999e-08, 8.277887503086018e-08, 9.850984153596913e-08, 1.1765021998333125e-07, 1.4090527973103966e-07, 1.6911514062053006e-07, 2.032780367557585e-07, 2.445774026145538e-07, 2.944132748595103e-07, 3.5443840325514847e-07, 4.2659934409698625e-07, 5.131827386602553e-07, 6.168669850246696e-07, 7.407795386795452e-07], "state1:lambda_lcurve": 37.64796879205159, "state1:gcv_lcurve": 1.43356039864252e-08, "state1:min_error_lambda": 14.849682622544666, "state1:min_error_gcv": 1.3640266456599245e-08, "state1:min_lambda": 12.328467394420684, "state1:min_gcv": 1.3619936175675108e-08, "state2:lambdas": [0.0001, 0.00012045035402587823, 0.000145082877849594, 0.0001747528400007683, 0.00021049041445120198, 0.00025353644939701115, 0.0003053855508833416, 0.0003678379771828634, 0.0004430621457583882, 0.0005336699231206312, 0.0006428073117284319, 0.000774263682681127, 0.0009326033468832199, 0.0011233240329780276, 0.0013530477745798076, 0.0016297508346206436, 0.0019630406500402726, 0.002364489412645407, 0.002848035868435802, 0.003430469286314919, 0.0041320124001153384, 0.004977023564332114, 0.005994842503189409, 0.007220809018385471, 0.008697490026177835, 0.010476157527896652, 0.012618568830660211, 0.015199110829529346, 0.018307382802953697, 0.022051307399030457, 0.026560877829466867, 0.03199267137797385, 0.03853528593710531, 0.04641588833612782, 0.055908101825122285, 0.06734150657750829, 0.08111308307896872, 0.09770099572992257, 0.1176811952434999, 0.14174741629268062, 0.1707352647470692, 0.20565123083486536, 0.24770763559917114, 0.298364724028334, 0.3593813663804629, 0.43287612810830617, 0.521400828799969, 0.6280291441834259, 0.7564633275546291, 0.9111627561154896, 1.0974987654930568, 1.3219411484660315, 1.592282793341094, 1.9179102616724888, 2.310129700083163, 2.782559402207126, 3.351602650938848, 4.037017258596558, 4.862601580065354, 5.857020818056673, 7.054802310718645, 8.497534359086455, 10.235310218990268, 12.328467394420684, 14.849682622544666, 17.886495290574352, 21.544346900318867, 25.950242113997373, 31.257158496882415, 37.649358067924716, 45.34878508128591, 54.62277217684348, 65.79332246575683, 79.24828983539186, 95.45484566618347, 114.9756995397738, 138.48863713938746, 166.81005372000593, 200.923300256505, 242.01282647943833, 291.5053062825182, 351.11917342151344, 422.9242874389508, 509.4138014816386, 613.5907273413176, 739.072203352579, 890.2150854450392, 1072.2672220103254, 1291.5496650148852, 1555.6761439304755, 1873.8174228603868, 2257.0197196339213, 2718.5882427329457, 3274.5491628777318, 3944.206059437664, 4750.810162102803, 5722.3676593502205, 6892.61210434971, 8302.175681319752, 10000.0],