{"state1:residual": [0.0010435972531650523, 0.0012531905560745809, 0.0014972635807897802, 0.0017784923577003114, 0.0020986699373045387, 0.0024583519172939037, 0.0028565459809329168, 0.003290513375822631, 0.003755747236637708, 0.004246168595140407, 0.004754537479008671, 0.005273024820251379, 0.0057938486480206336, 0.006309861618626803, 0.006814992990026794, 0.007304490012748623, 0.007774955101060587, 0.008224218485171844, 0.008651109987976373, 0.009055195959547, 0.009436533524181103, 0.009795472886877933, 0.010132517828803228, 0.010448240008304346, 0.010743235684201612, 0.011018112322126383, 0.01127349439305266, 0.011510040225463022, 0.011728463857575058, 0.011929557094485507, 0.012114207465256845, 0.0122834078890603, 0.012438254275004987, 0.01257992864726622, 0.012709667892619562, 0.012828721402045185, 0.012938303803481554, 0.013039550732349473, 0.013133485611228289, 0.013221003703699004, 0.01330287674596834, 0.01337977799849232, 0.013452324367748974, 0.01352112988500686, 0.013586863556869685, 0.013650304462810051, 0.01371238794059494, 0.013774238772557653, 0.013837190471726846, 0.013902793948129967, 0.013972823531343218, 0.014049292456567502, 0.014134491770002753, 0.014231064265938655, 0.014342117431315039, 0.01447136739661567, 0.014623293207480249, 0.014803272861435715, 0.015017674250525394, 0.015273886166191377, 0.01558029192924433, 0.015946202478491326, 0.01638176992015498, 0.01689789590751156, 0.017506137755180427, 0.018218606237834684, 0.019047845747792648, 0.020006687770125056, 0.021108069587083892, 0.022364814427749912, 0.023789383078353026, 0.025393635847496578, 0.027188679829386095, 0.029184901236781184, 0.03139226694803306, 0.03382091243558019, 0.03648192767495037, 0.039388151174280905, 0.04255472786083044, 0.04599918427308291, 0.04974082261737637, 0.053799334940442, 0.05819277041032691, 0.06293537285935376, 0.06803621959992327, 0.07349974071290497, 0.07932875348001961, 0.08552955024986932, 0.09211722921584888, 0.0991184540295669, 0.10656888913250402, 0.11450389617876666, 0.1229435053716762, 0.13187526839597336, 0.14124028284654566, 0.15092736144912872, 0.1607780159242805, 0.17060150574491625, 0.18019619516548877, 0.18937195100831372], "state1:regularizer": [0.031108555585902236, 0.030406649780926477, 0.02959242041324339, 0.028658618084997613, 0.02760148822074978, 0.026421999699644316, 0.02512686752317133, 0.023729118888026538, 0.022247972363366265, 0.020707899458034154, 0.019136907412083, 0.017564276448952264, 0.01601813569760219, 0.014523308789594607, 0.013099781604594176, 0.011761971584246755, 0.010518777136684292, 0.009374225822354792, 0.008328462505711632, 0.007378826285448206, 0.0065208310266889, 0.0057489509358068375, 0.0050571881115523175, 0.004439446965860424, 0.003889760071332441, 0.003402410164431226, 0.0029719843328906387, 0.0025933862730166536, 0.002261824306281987, 0.0019727874250020767, 0.0017220186474489292, 0.0015054933876568527, 0.0013194089824110258, 0.0011601887855711324, 0.001024500072989064, 0.0009092803118923374, 0.000811762817987499, 0.0007294920297010364, 0.0006603211769700275, 0.0006023902521493638, 0.0005540880747427537, 0.000514006764242989, 0.00048089853409300447, 0.000453642953238578, 0.0004312285345413227, 0.0004127475133460563, 0.00039739894530460627, 0.00038449395234356964, 0.00037345797651267064, 0.0003638272201494007, 0.0003552388676505358, 0.0003474164576223646, 0.000340152706815184, 0.00033329229195200045, 0.00032671675375983635, 0.0003203329563117595, 0.00031406558227126504, 0.00030785319425240547, 0.0003016467053377821, 0.00029540887333876924, 0.00028911368821364994, 0.00028274508405653576, 0.00027629499148905905, 0.0002697611141474934, 0.0002631448826625736, 0.00025644989705791, 0.00024968096771966185, 0.0002428437194982931, 0.0002359446558572849, 0.0002289915424305169, 0.00022199392224964376, 0.00021496350976054704, 0.00020791418229750073, 0.00020086134543828866, 0.00019382063469325367, 0.00018680617242003165, 0.0001798288257656464, 0.00017289498667266332, 0.0001660062795779504, 0.0001591603858776511, 0.00015235293476500148, 0.0001455801935674821, 0.0001388419894047942, 0.00013214394877460853, 0.00012549795515910846, 0.0001189199959821867, 0.00011242545852012261, 0.00010602318246890611, 9.971053000504992e-05, 9.347184170089602e-05, 8.72816112161827e-05, 8.111201606295234e-05, 7.494278805259546e-05, 6.877056539880013e-05, 6.261501514196866e-05, 5.6520061618079557e-05, 5.054996720033907e-05, 4.478136706145373e-05, 3.929325377325119e-05, 3.415719491363767e-05], "state1:res_corner": 0.014463578717304745, "state1:reg_corner": 0.0003206865936099496, "state1:res_min": 0.014134491770002753, "state1:reg_min": 0.000340152706815184, "state1:res_gcv": 0.013902793948129967, "state1:reg_gcv": 0.0003638272201494007, "state2:residual": [0.0010632610063955068, 0.0012774458451698726, 0.001527146026420217, 0.0018152367566553371, 0.002143723216115151, 0.0025133695109418527, 0.0029233606467561255, 0.003371063488343796, 0.003851952093826866, 0.004359743174537302, 0.004886749949188184, 0.005424416655009813, 0.005963955989109339, 0.006496991008085727, 0.007016107227374112, 0.007515246157335253, 0.007989908291281747, 0.00843717046441607, 0.008855551157652694, 0.009244773580280238, 0.009605479937219054, 0.00993894364375686, 0.010246813432375667, 0.010530908696052287, 0.010793072593353248, 0.011035080273620079, 0.01125859413942042, 0.011465155356609373, 0.011656199831575896, 0.011833087168739391, 0.011997132726639565, 0.012149635721689716, 0.01229189975574834, 0.012425245129097444, 0.012551014018956919, 0.012670570030888222, 0.012785293575344778, 0.012896575048915605, 0.013005809471350337, 0.013114398687067923, 0.013223769370388348, 0.013335415628891229, 0.01345097330952464, 0.01357232950962033, 0.01370176652142689, 0.01384213605305899, 0.01399705809598476, 0.014171139059877033, 0.014370204285549096, 0.014601538660284318, 0.01487412418309782, 0.015198854975352264, 0.015588700748421216, 0.01605878366909691, 0.0166263362730528, 0.017310523095687126, 0.01813213477253746, 0.01911319338872555, 0.02027653123737953, 0.021645412812817684, 0.023243258547636283, 0.025093502021076304, 0.027219578327746574, 0.029645009741697804, 0.03239353397098784, 0.03548921525650106, 0.03895649170974833, 0.04282014327662115, 0.047105206003679886, 0.05183688999708267, 0.05704055098893202, 0.06274170016850775, 0.0689659306248216, 0.0757385516178761, 0.08308373016776514, 0.09102309443156957, 0.09957404445979019, 0.10874835189801076, 0.11855183803826963, 0.12898579105513008, 0.14005023169115147, 0.15174836567114328, 0.16409107458609015, 0.17710057257130063, 0.19081337188689879, 0.20528374081367584, 0.22058882645300346, 0.23683492474840423, 0.25416151821760236, 0.2727372407029745, 0.2927418513718306, 0.31433175528463075, 0.3375930338387924, 0.3624928553012501, 0.3888439631545782, 0.4162951666136883, 0.4443534900236733, 0.4724340148922155, 0.4999255267470326, 0.5262567818452404],