{"state1:residual": [1.3051212265998473, 1.3124989709441686, 1.3193963816025827, 1.3258386699059013, 1.3318485351171139, 1.3374470626693822, 1.3426552695956686, 1.3474957853704517, 1.3519942974218548, 1.356180558144873, 1.3600888258277988, 1.363757602308959, 1.367228531730551, 1.3705444233064858, 1.37374655912279, 1.3768716677271997, 1.3799490842655302, 1.3829986125597584, 1.386029452103, 1.3890403102023805, 1.3920205737946452, 1.394952247011383, 1.397812308518366, 1.4005751906151176, 1.4032151725692361, 1.405708551629458, 1.4080354773213677, 1.4101813256228963, 1.4121374952746166, 1.4139015644333808, 1.4154768487309162, 1.4168715109881256, 1.418097439151141, 1.4191691063665397, 1.4201025645220589, 1.4209146341140488, 1.4216222756817667, 1.4222420845390773, 1.4227898461258115, 1.4232801163187587, 1.4237258353567661, 1.4241380276984512, 1.4245256635655543, 1.4248957443991412, 1.425253620651134, 1.4256034727583087, 1.4259488172402885, 1.4262928740444332, 1.4266386649984106, 1.426988801196462, 1.4273450281704998, 1.427707695577558, 1.4280753596750937, 1.4284446934896071, 1.4288107810897048, 1.429167737862647, 1.429509502999811, 1.4298306040943445, 1.4301267380634288, 1.430395083002272, 1.430634345476448, 1.4308446009066023, 1.4310270177211486, 1.4311835341550536, 1.4313165569551303, 1.431428703579184, 1.431522611209266, 1.4316008011340295, 1.4316655982971405, 1.431719087707715, 1.4317631009447656, 1.4317992214626662, 1.4318288006773132, 1.4318529800214979, 1.4318727167650176, 1.431888808292662, 1.4319019154281452, 1.4319125830108181, 1.4319212597604054, 1.4319283133906904, 1.4319340453699967, 1.4319387011371714, 1.4319424826445, 1.4319455527243083, 1.4319480447684088, 1.431950067870459, 1.4319517093791188, 1.4319530413172727, 1.431954122224493, 1.4319549993497596, 1.4319557131961291, 1.4319562879564138, 1.4319567650246552, 1.4319571360643548, 1.431957444271283, 1.4319576942126517, 1.4319578974285083, 1.4319580971919592, 1.4319582290368025, 1.4319583035389365], "state1:regularizer": [0.027071378536141368, 0.023631020965946728, 0.020625799950856102, 0.018004089282781376, 0.01572099919931092, 0.01373730528083079, 0.012018278183152221, 0.01053262860352549, 0.009251683330874283, 0.008148829516427166, 0.007199229580792031, 0.006379795130773863, 0.005669380787999669, 0.005049111193975618, 0.00450271342105648, 0.004016725506664582, 0.0035804978552104396, 0.0031859752914858027, 0.002827310223088259, 0.0025003898331464854, 0.0022023598839290316, 0.0019312052712403527, 0.0016854173046133866, 0.0014637513142263512, 0.0012650617693874767, 0.0010881965401293165, 0.0009319342813854974, 0.0007949544382224537, 0.0006758338214880458, 0.0005730650082055048, 0.0004850904368385936, 0.0004103440399480251, 0.0003472916809261149, 0.0002944634837202649, 0.0002504748997200865, 0.00021403762015303457, 0.00018396462573271508, 0.00015917457090537665, 0.00013869895918658723, 0.00012169194821049756, 0.00010743902980688537, 9.535940435946198e-05, 8.499848942578347e-05, 7.601062800697768e-05, 6.813557963714186e-05, 6.117413971443401e-05, 5.496780889401757e-05, 4.93853806318254e-05, 4.431668753859766e-05, 3.9671551324229705e-05, 3.5380956298150304e-05, 3.139768528625815e-05, 2.7694793890166147e-05, 2.4261657603058474e-05, 2.1098356564499725e-05, 1.8209695274449272e-05, 1.5600010637478972e-05, 1.3269572755725436e-05, 1.1212763338234743e-05, 9.417843580577018e-06, 7.867827052498623e-06, 6.541959462060554e-06, 5.4173262979938456e-06, 4.4703549493377615e-06, 3.677982257039911e-06, 3.01851222410421e-06, 2.472120851923931e-06, 2.0211256420903827e-06, 1.6500360018972335e-06, 1.3454871524800744e-06, 1.096083035722931e-06, 8.921972050767177e-07, 7.257620364252868e-07, 5.900607458806166e-07, 4.79524527139204e-07, 3.895568789090702e-07, 3.163764050845212e-07, 2.56883524150559e-07, 2.085376906674026e-07, 1.6926489885587552e-07, 1.373698292154335e-07, 1.1147617853355666e-07, 9.045297169556213e-08, 7.339049538529416e-08, 5.9543882174465423e-08, 4.83063704197332e-08, 3.91892055802849e-08, 3.179166898799276e-08, 2.5789725492754465e-08, 2.0919908933409157e-08, 1.697033467605302e-08, 1.3765911525149544e-08, 1.1166670774800397e-08, 9.058017431457005e-09, 7.347516369183924e-09, 5.9599973197198916e-09, 4.834338493601604e-09, 3.921728345219923e-09, 3.1800177083008464e-09, 2.579632392905456e-09], "state1:res_corner": 1.3051212265998473, "state1:reg_corner": 0.027071378536141368, "state1:res_min": 1.4256034727583087, "state1:reg_min": 6.117413971443401e-05, "state1:res_gcv": 1.4301267380634288, "state1:reg_gcv": 1.1212763338234743e-05, "state2:residual": [1.3649472773658171, 1.3710505042636965, 1.3767508785893579, 1.3820603351567557, 1.3869946654941288, 1.3915739706780907, 1.3958221014180263, 1.3997654401746398, 1.4034314495770588, 1.4068473183563384, 1.4100388725529345, 1.413029786987293, 1.4158410802577297, 1.4184908888298686, 1.4209945371024864, 1.4233649051983361, 1.4256130399785467, 1.4277488916899665, 1.4297820333616658, 1.4317222536280838, 1.4335799871679547, 1.4353666138338295, 1.437094675111627, 1.4387780134027373, 1.4404317609313684, 1.4420720372602074, 1.443715203456051, 1.4453765964060632, 1.447068830953384, 1.448799975923101, 1.4505721062173058, 1.4523808029373448, 1.4542160321221997, 1.456064477528841, 1.4579129456970508, 1.4597520863081654, 1.46157953661534, 1.4634017556635466, 1.4652341965560414, 1.467099946875679, 1.4690274169071953, 1.471047954003462, 1.4731942968697858, 1.4755004734671895, 1.478003107118655, 1.480743292982026, 1.4837675499796519, 1.4871261723285252, 1.49086781606224, 1.4950303411074142, 1.499629479869545, 1.5046482630649856, 1.51003063798302, 1.5156819382817694, 1.521476928313745, 1.527273774004534, 1.532930551424238, 1.5383204489319071, 1.543342734197342, 1.547928186787503, 1.5520393118242768, 1.555666689927554, 1.5588231807901463, 1.561537485557082, 1.563848151975536, 1.565798595895379, 1.5674333466116157, 1.568795450437757, 1.5699248585149572, 1.5708575650811802, 1.5716252858790918, 1.5722554946124652, 1.5727716756734125, 1.5731936948599974, 1.5735382192204577, 1.5738191404949458, 1.5740479761186885, 1.5742342341146949, 1.5743857381256725, 1.5745089079247954, 1.5746089998990185, 1.5746903088105062, 1.5747563423011073, 1.5748099567345362, 1.5748534795206703, 1.5748888058439168, 1.574917474770769, 1.5749407391807586, 1.574959616147238, 1.574974932305487, 1.5749873587476357, 1.5749974395267887, 1.5750056189478616, 1.5750122522466814, 1.575017634257193, 1.5750220000648505, 1.575025541414449, 1.575028419306465, 1.575030749671536, 1.5750326352218083],