{"state1:bandwidth": [0.05, 0.060000000000000005, 0.07, 0.08000000000000002, 0.09000000000000001, 0.1, 0.11000000000000001, 0.12000000000000001, 0.13, 0.14, 0.15000000000000002, 0.16000000000000003, 0.17000000000000004, 0.18000000000000005, 0.19, 0.2, 0.21000000000000002, 0.22000000000000003, 0.23000000000000004, 0.24000000000000005, 0.25000000000000006, 0.26000000000000006, 0.27, 0.28, 0.29000000000000004, 0.30000000000000004, 0.31000000000000005, 0.32000000000000006, 0.33, 0.34, 0.35000000000000003, 0.36000000000000004, 0.37000000000000005, 0.38000000000000006, 0.39000000000000007, 0.4000000000000001, 0.4100000000000001, 0.42000000000000004, 0.43000000000000005, 0.44000000000000006, 0.45000000000000007, 0.4600000000000001, 0.4700000000000001, 0.4800000000000001, 0.49000000000000005, 0.5000000000000001, 0.5100000000000001, 0.5200000000000001, 0.5300000000000001, 0.5400000000000001, 0.5500000000000002, 0.5600000000000002, 0.5700000000000002, 0.5800000000000002, 0.5900000000000002, 0.6000000000000002, 0.6100000000000001, 0.6200000000000001, 0.6300000000000001, 0.6400000000000001, 0.6500000000000001], "state1:gcv_func": [3.590331692637126e-05, 2.7711168931260723e-05, 2.1927217610426368e-05, 1.791214653714495e-05, 1.5418429202377642e-05, 1.3659839671682707e-05, 1.1869534135457382e-05, 1.0777709566993495e-05, 1.0168024263218855e-05, 9.369481442112591e-06, 8.667979151684214e-06, 7.992712660448276e-06, 7.346904302055827e-06, 6.875129143598255e-06, 6.562474704901231e-06, 6.224299566666258e-06, 5.822061538443295e-06, 5.510277817102363e-06, 5.1843463183560666e-06, 5.04682062627458e-06, 4.905948179265825e-06, 4.702305269305287e-06, 4.652661729234028e-06, 4.515037826706067e-06, 4.380670118961927e-06, 4.2219427037611664e-06, 4.11511945991728e-06, 3.9910260715942756e-06, 3.941163347085137e-06, 3.827817769822265e-06, 3.739744741459706e-06, 3.6491123152828466e-06, 3.5903341863403796e-06, 3.5544204527821946e-06, 3.534754156478273e-06, 3.4691222576604533e-06, 3.4300035384232553e-06, 3.40212850782654e-06, 3.357040805064056e-06, 3.361125280203456e-06, 3.363523174865872e-06, 3.3698987763895796e-06, 3.3762585687907622e-06, 3.377957531498057e-06, 3.3621466168273624e-06, 3.4055251787911816e-06, 3.4069641421990776e-06, 3.4227225307963665e-06, 3.448086867777775e-06, 3.464222707490725e-06, 3.4902372736835916e-06, 3.5126928194209734e-06, 3.5554208498965814e-06, 3.5895313977545424e-06, 3.6348519528191307e-06, 3.6888257601790636e-06, 3.7255636800840086e-06, 3.7941051031128534e-06, 3.884988083699685e-06, 3.952727674536823e-06, 4.032100058483257e-06], "state1:min_error_h": 0.33, "state1:min_error_gcv": 3.941163347085137e-06, "state1:min_gcv_h": 0.43000000000000005, "state1:min_gcv": 3.357040805064056e-06, "state2:bandwidth": [0.05, 0.060000000000000005, 0.07, 0.08000000000000002, 0.09000000000000001, 0.1, 0.11000000000000001, 0.12000000000000001, 0.13, 0.14, 0.15000000000000002, 0.16000000000000003, 0.17000000000000004, 0.18000000000000005, 0.19, 0.2, 0.21000000000000002, 0.22000000000000003, 0.23000000000000004, 0.24000000000000005, 0.25000000000000006, 0.26000000000000006, 0.27, 0.28, 0.29000000000000004, 0.30000000000000004, 0.31000000000000005, 0.32000000000000006, 0.33, 0.34, 0.35000000000000003, 0.36000000000000004, 0.37000000000000005, 0.38000000000000006, 0.39000000000000007, 0.4000000000000001, 0.4100000000000001, 0.42000000000000004, 0.43000000000000005, 0.44000000000000006, 0.45000000000000007, 0.4600000000000001, 0.4700000000000001, 0.4800000000000001, 0.49000000000000005, 0.5000000000000001, 0.5100000000000001, 0.5200000000000001, 0.5300000000000001, 0.5400000000000001, 0.5500000000000002, 0.5600000000000002, 0.5700000000000002, 0.5800000000000002, 0.5900000000000002, 0.6000000000000002, 0.6100000000000001, 0.6200000000000001, 0.6300000000000001, 0.6400000000000001, 0.6500000000000001], "state2:gcv_func": [3.418771154075335e-05, 2.6570562886736118e-05, 2.1444018110310675e-05, 1.7703216473886305e-05, 1.5029028304279254e-05, 1.3332490616885867e-05, 1.1676054455071708e-05, 1.0847132813219372e-05, 9.994492440113732e-06, 9.187136455778462e-06, 8.55931113198038e-06, 8.03119815797331e-06, 7.521491113384963e-06, 7.020824215401752e-06, 6.690488272263652e-06, 6.314544113661996e-06, 5.993753483612411e-06, 5.695258138942416e-06, 5.389436950572344e-06, 5.180375610836581e-06, 4.992621032666281e-06, 4.8659886299123e-06, 4.837537073030591e-06, 4.7327177490482465e-06, 4.657368382542859e-06, 4.618124724301441e-06, 4.69639588330005e-06, 4.7877368219371915e-06, 4.752795941117567e-06, 4.818911407380632e-06, 4.9065232757183595e-06, 4.965125512380753e-06, 5.096613597188204e-06, 5.246941473782638e-06, 5.404229423472721e-06, 5.63647428367168e-06, 5.8757125701105e-06, 6.030775031040897e-06, 6.320551094478278e-06, 6.644854771885719e-06, 7.022691888966556e-06, 7.4051623074585925e-06, 7.835183957282757e-06, 8.279102740562968e-06, 8.544268263148357e-06, 9.268958205693107e-06, 9.76484519684298e-06, 1.0313588828260752e-05, 1.0896262608284345e-05, 1.1494816737196526e-05, 1.2139469697924584e-05, 1.2812379327153471e-05, 1.3527909523814491e-05, 1.4279286735831288e-05, 1.5071063442077248e-05, 1.5893009623090666e-05, 1.6361507064195717e-05, 1.7320118772903456e-05, 1.8300080822649e-05, 1.9343759142373896e-05, 2.0433915320201773e-05], "state2:min_error_h": 0.19, "state2:min_error_gcv": 6.690488272263652e-06, "state2:min_gcv_h": 0.30000000000000004, "state2:min_gcv": 4.618124724301441e-06}