{"state1:lambdas": [100.0, 123.28467394420659, 151.99110829529332, 187.3817422860383, 231.01297000831605, 284.8035868435802, 351.1191734215131, 432.8761281083057, 533.6699231206312, 657.9332246575682, 811.1308307896873, 1000.0, 1232.8467394420659, 1519.9110829529332, 1873.817422860383, 2310.1297000831605, 2848.035868435802, 3511.191734215131, 4328.7612810830615, 5336.699231206313, 6579.332246575683, 8111.308307896872, 10000.0, 12328.467394420659, 15199.11082952933, 18738.174228603868, 23101.29700083158, 28480.35868435805, 35111.917342151275, 43287.612810830615, 53366.99231206313, 65793.32246575682, 81113.08307896872, 100000.0, 123284.67394420659, 151991.10829529332, 187381.74228603867, 231012.9700083158, 284803.5868435805, 351119.17342151277, 432876.12810830615, 533669.9231206313, 657933.2246575683, 811130.8307896872, 1000000.0, 1232846.7394420658, 1519911.0829529332, 1873817.422860383, 2310129.700083158, 2848035.8684358047, 3511191.7342151348, 4328761.281083061, 5336699.231206313, 6579332.246575682, 8111308.307896872, 10000000.0, 12328467.39442066, 15199110.829529332, 18738174.22860383, 23101297.000831626, 28480358.68435805, 35111917.342151344, 43287612.810830615, 53366992.31206313, 65793322.465756826, 81113083.07896872, 100000000.0, 123284673.94420634, 151991108.2952933, 187381742.2860387, 231012970.0083158, 284803586.8435805, 351119173.42151415, 432876128.10830617, 533669923.12063015, 657933224.6575682, 811130830.789689, 1000000000.0, 1232846739.4420633, 1519911082.952933, 1873817422.8603868, 2310129700.083158, 2848035868.435805, 3511191734.215142, 4328761281.083061, 5336699231.206302, 6579332246.575683, 8111308307.896889, 10000000000.0, 12328467394.420685, 15199110829.529331, 18738174228.603867, 23101297000.83158, 28480358684.358047, 35111917342.151276, 43287612810.83061, 53366992312.06302, 65793322465.75682, 81113083078.96889, 100000000000.0], "state1:gcv_func": [0.009899629129075013, 0.009879501283305489, 0.009859497591687682, 0.009839559405446174, 0.00981962249501035, 0.009799627694048735, 0.009779540836973308, 0.009759374241057583, 0.009739204401176507, 0.009719183186830564, 0.009699540992073223, 0.009680580180741317, 0.009662657215189168, 0.009646153248552069, 0.00963143567332917, 0.009618816027199686, 0.009608511378650061, 0.009600616023919765, 0.009595088090657178, 0.009591752294669598, 0.00959031682525211, 0.009590400185996845, 0.009591563259305625, 0.009593342620460712, 0.009595282401086721, 0.009596962958930129, 0.009598024880342091, 0.009598186689087336, 0.009597254698294385, 0.00959512420457911, 0.009591772626536666, 0.009587246674038244, 0.009581646520083184, 0.009575109881795153, 0.009567798035014743, 0.009559884578158399, 0.00955154674652069, 0.009542958548490901, 0.009534284949701153, 0.00952567659644207, 0.00951726497826197, 0.009509158383283645, 0.009501439387371037, 0.00949416477482508, 0.009487368518006401, 0.00948106769543396, 0.00947527023695298, 0.009469982550066694, 0.009465214822438036, 0.009460982334987066, 0.009457302329799506, 0.009454187494426714, 0.009451638325542053, 0.009449637034377048, 0.009448145131600508, 0.00944710536394673, 0.009446447290846541, 0.009446094686599621, 0.009445972869462698, 0.00944601439673932, 0.00944616257103378, 0.009446372643967645, 0.009446611439284706, 0.009446855844937057, 0.009447090893079196, 0.009447307779470948, 0.009447502130419285, 0.009447672575973847, 0.009447819606020745, 0.009447944907568276, 0.009448050557278822, 0.009448139008011475, 0.009448212631691983, 0.009448273583306193, 0.009448323680270784, 0.009448365075130015, 0.009448398891284493, 0.009448426538202711, 0.009448449157823315, 0.009448467692698621, 0.0094484829612744, 0.009448494715794564, 0.009448505007986613, 0.009448512779094424, 0.0094485195004732, 0.009448524560220073, 0.009448529515002711, 0.009448532746995517, 0.009448535615446249, 0.009448537996960337, 0.009448541232545744, 0.009448541363179621, 0.009448545174124313, 0.009448548823787607, 0.009448544302871294, 0.009448539689801472, 0.009448545715654903, 0.009448541301128105, 0.009448551999819275, 0.009448546981511893], "state1:lambda_lcurve": 100, "state1:gcv_lcurve": 0.009899629129075013, "state1:min_error_lambda": 1232846.7394420658, "state1:min_error_gcv": 0.00948106769543396, "state1:min_lambda": 18738174.22860383, "state1:min_gcv": 0.009445972869462698, "state2:lambdas": [100.0, 123.28467394420659, 151.99110829529332, 187.3817422860383, 231.01297000831605, 284.8035868435802, 351.1191734215131, 432.8761281083057, 533.6699231206312, 657.9332246575682, 811.1308307896873, 1000.0, 1232.8467394420659, 1519.9110829529332, 1873.817422860383, 2310.1297000831605, 2848.035868435802, 3511.191734215131, 4328.7612810830615, 5336.699231206313, 6579.332246575683, 8111.308307896872, 10000.0, 12328.467394420659, 15199.11082952933, 18738.174228603868, 23101.29700083158, 28480.35868435805, 35111.917342151275, 43287.612810830615, 53366.99231206313, 65793.32246575682, 81113.08307896872, 100000.0, 123284.67394420659, 151991.10829529332, 187381.74228603867, 231012.9700083158, 284803.5868435805, 351119.17342151277, 432876.12810830615, 533669.9231206313, 657933.2246575683, 811130.8307896872, 1000000.0, 1232846.7394420658, 1519911.0829529332, 1873817.422860383, 2310129.700083158, 2848035.8684358047, 3511191.7342151348, 4328761.281083061, 5336699.231206313, 6579332.246575682, 8111308.307896872, 10000000.0, 12328467.39442066, 15199110.829529332, 18738174.22860383, 23101297.000831626, 28480358.68435805, 35111917.342151344, 43287612.810830615, 53366992.31206313, 65793322.465756826, 81113083.07896872, 100000000.0, 123284673.94420634, 151991108.2952933, 187381742.2860387, 231012970.0083158, 284803586.8435805, 351119173.42151415, 432876128.10830617, 533669923.12063015, 657933224.6575682, 811130830.789689, 1000000000.0, 1232846739.4420633, 1519911082.952933, 1873817422.8603868, 2310129700.083158, 2848035868.435805, 3511191734.215142, 4328761281.083061, 5336699231.206302, 6579332246.575683, 8111308307.896889, 10000000000.0, 12328467394.420685, 15199110829.529331, 18738174228.603867, 23101297000.83158, 28480358684.358047, 35111917342.151276, 43287612810.83061, 53366992312.06302, 65793322465.75682, 81113083078.96889, 100000000000.0],