{"state1:residual": [0.009199003970976543, 0.011504010803075107, 0.014276644995613224, 0.017558416885917926, 0.021371309236896455, 0.025709691688139236, 0.030534482839559646, 0.035771767318273584, 0.04131731149044762, 0.047046823121422915, 0.0528299771359856, 0.05854505278340195, 0.064091055087109, 0.06939528406631515, 0.07441577494110581, 0.07913916024481936, 0.0835750580887352, 0.08774829523940064, 0.09169043022161487, 0.0954321580580443, 0.09899799076944164, 0.10240393392020553, 0.10565790189869476, 0.1087617978999309, 0.11171392731540206, 0.11451077451948824, 0.1171478739642931, 0.11962013591546052, 0.12192223718965631, 0.12404949803998486, 0.12599922562401553, 0.127772108183381, 0.12937311127619802, 0.1308114976260309, 0.1320999483008186, 0.13325312082160554, 0.13428617522941166, 0.13521375121411938, 0.13604962392915823, 0.13680693823852488, 0.13749868086437356, 0.13813799257360077, 0.13873803886690333, 0.13931136721391493, 0.13986889674937122, 0.140418858825486, 0.14096609483071043, 0.14151207075903618, 0.14205574949090827, 0.14259511950037282, 0.14312887013216707, 0.14365760579136153, 0.14418416632583586, 0.14471297658060497, 0.14524872449138546, 0.14579493320324063, 0.1463530693596634, 0.1469226796890098, 0.1475027033182147, 0.14809369742345324, 0.14870041472659248, 0.14933409643183704, 0.15001399030025359, 0.15076788226974613, 0.15163171676008325, 0.15264853603578662, 0.15386689609504692, 0.15533870720233106, 0.15711646999879478, 0.15925050999697168, 0.16178784055193854, 0.16477457761700268, 0.16826211672631428, 0.17231362615233678, 0.17700401664188517, 0.18240661831804908, 0.1885651881387586, 0.19545897730704526, 0.20297613312191423, 0.21091047016342915, 0.21898692108858017, 0.22690734082288222, 0.2343997460751141, 0.2412551540346751, 0.24734435345219258, 0.25261576318783624, 0.2570810166169798, 0.2607956145155845, 0.26384031797297774, 0.26630619232529307, 0.2682841712185009, 0.2698586919357546, 0.27110448886272953, 0.272085503175502, 0.2728551263959007, 0.2734571508222157, 0.2739269967786259, 0.2742930367560565, 0.2745778068949324, 0.2747991154815623], "state1:regularizer": [0.27919832066420747, 0.2716216064091604, 0.26255630295915267, 0.25189816801823073, 0.23961871465571277, 0.2257920134908631, 0.21061189245827705, 0.19439179588413694, 0.1775428583495257, 0.16053196722004578, 0.14382825715912323, 0.12785032706144991, 0.11292562198327298, 0.09926871266827822, 0.08697938450316704, 0.07605705672250486, 0.06642588650683202, 0.05796430449589277, 0.05053297975281829, 0.043996385569311694, 0.03823543940581945, 0.033151565019948155, 0.028664786763291112, 0.024709244554772115, 0.02122885180387503, 0.018174426771128002, 0.015502323104501843, 0.013173864084129277, 0.011154826298324642, 0.009414587543028298, 0.00792500398029675, 0.00665935230885309, 0.005591684417482183, 0.004696762303264622, 0.003950494888374817, 0.0033306044139931705, 0.002817190861276887, 0.002392958644123736, 0.0020430629081620018, 0.001754715711170588, 0.0015167735124853858, 0.0013194820376630904, 0.0011544285201600293, 0.0010146258381006658, 0.0008945944423306599, 0.0007903302033849394, 0.0006991149568574084, 0.0006191966942386481, 0.0005494126365716878, 0.0004888445518996744, 0.0004365818431694153, 0.0003916281676166116, 0.0003529352833808512, 0.0003195062669307191, 0.00029049827655398835, 0.0002652741056154606, 0.0002433865009778983, 0.00022451108346972266, 0.00020836165525663712, 0.00019462288802298762, 0.0001829224129698852, 0.00017284418152292501, 0.0001639676531133385, 0.00015591093639288754, 0.00014836123819644142, 0.00014108685368460669, 0.0001339341756480792, 0.00012681680809266497, 0.0001197020227754206, 0.00011259568290598006, 0.00010552439575789598, 9.851530357844376e-05, 9.157812491558108e-05, 8.46967162596597e-05, 7.783518135937994e-05, 7.09570844795051e-05, 6.404977661621778e-05, 5.7143359516617585e-05, 5.031639783975799e-05, 4.3686286851823424e-05, 3.7388159103865474e-05, 3.1549922013706736e-05, 2.627123919188045e-05, 2.1611492007287546e-05, 1.7587725123802606e-05, 1.4180426265215011e-05, 1.1343445539521488e-05, 9.014749758432789e-06, 7.125726375764775e-06, 5.608090250235604e-06, 4.3983008100589044e-06, 3.439919052884762e-06, 2.684456877726652e-06, 2.091281950178395e-06, 1.626968194118741e-06, 1.2643969604172473e-06, 9.818108415023618e-07, 7.618872692472166e-07, 5.909299627061587e-07, 4.581536698703768e-07], "state1:res_corner": 0.15200393261741635, "state1:reg_corner": 0.00014552774537123834, "state1:res_min": 0.14471297658060497, "state1:reg_min": 0.0003195062669307191, "state1:res_gcv": 0.10240393392020553, "state1:reg_gcv": 0.033151565019948155, "state2:residual": [0.01262694392088313, 0.01577678717319608, 0.019557708679834297, 0.024021299407493004, 0.02919074698993552, 0.03504982793678016, 0.041535258654416624, 0.04853536186638333, 0.055896805568063895, 0.06343891743404433, 0.07097271395816751, 0.07832046109824674, 0.08533184137732501, 0.09189425320957076, 0.09793655410766142, 0.10342702077226745, 0.10836720341475367, 0.11278369582224589, 0.1167196636090521, 0.12022737873172328, 0.12336225912374722, 0.12617834200885814, 0.1287249257445728, 0.13104423136860327, 0.13317011778882268, 0.135127928629471, 0.13693542575003761, 0.13860457789436892, 0.14014382522150556, 0.1415603732715057, 0.1428620966054595, 0.14405875349542355, 0.14516238354914168, 0.14618690077402316, 0.14714697750125824, 0.14805640621397947, 0.14892629664148746, 0.1497636574714368, 0.15057094591176362, 0.1513469099663691, 0.15208857048273747, 0.1527937455488559, 0.15346334639219325, 0.15410282746877943, 0.1547225320008922, 0.15533706124357044, 0.1559640798205145, 0.15662308146579693, 0.15733455791343978, 0.15811977436064997, 0.15900106978564119, 0.16000242771992224, 0.16115011306728175, 0.16247340581190808, 0.16400568941879698, 0.16578615008371417, 0.16786205215525576, 0.17029113788664674, 0.17314339652757593, 0.17650137381403705, 0.18045831051734043, 0.1851136786617992, 0.19056624510974365, 0.1969058216841221, 0.20420624442483387, 0.21252299499101335, 0.2218978881822319, 0.23237017903570267, 0.24399058463923676, 0.25683519483788997, 0.2710197966329285, 0.2867165637536758, 0.3041690662180957, 0.3236899269780983, 0.3456186729449225, 0.3702272134073752, 0.3975886084446163, 0.4274564726660889, 0.4592131582533052, 0.4919212247870292, 0.5244667689285137, 0.5557441183741216, 0.5848209850364757, 0.6110415105432351, 0.6340555477694408, 0.6537881917059998, 0.6703754572301832, 0.6840907779084894, 0.6952791388181002, 0.7043066650661415, 0.711526895361481, 0.7172613220765055, 0.7217905002287668, 0.7253521403550875, 0.7281433353730795, 0.7303248803953507, 0.7320263624679733, 0.7333512580403786, 0.7343816028470651, 0.7351820913683975],