{"state1:residual": [1.256457460717327e-06, 1.5130049965783796e-06, 1.8218363430559868e-06, 2.193562371829013e-06, 2.64092744628874e-06, 3.1792294410158026e-06, 3.826818428745176e-06, 4.605686945249694e-06, 5.5421660218147105e-06, 6.667742123693066e-06, 8.020010500339906e-06, 9.643779773600607e-06, 1.1592340278323344e-05, 1.392890385272127e-05, 1.6728214283071115e-05, 2.007831394358376e-05, 2.4082431381818885e-05, 2.8860924459754402e-05, 3.455317174329398e-05, 4.131924894268215e-05, 4.93411562196739e-05, 5.88232772551913e-05, 6.999165753965752e-05, 8.309159962731518e-05, 9.838300880808398e-05, 0.00011613291707873736, 0.0001366047104726833, 0.00016004383360481377, 0.00018666018496066704, 0.00021660805303426242, 0.00024996522036440283, 0.0002867136376415626, 0.00032672461768832234, 0.0003697515574055898, 0.000415432562498507, 0.00046330399870758373, 0.0005128241508102758, 0.0005634042899161732, 0.000614443064637981, 0.0006653596503321842, 0.0007156216325494766, 0.0007647649648158404, 0.000812405102370545, 0.0008582400851109843, 0.0009020475218949867, 0.0009436778943140549, 0.000983046356959794, 0.0010201244794934674, 0.0010549324983370957, 0.0010875319633545004, 0.0011180183843754687, 0.001146513611880984, 0.0011731580648167207, 0.0011981033165067506, 0.0012215057792040616, 0.0012435222108795722, 0.001264307539431768, 0.0012840151643966403, 0.0013027995727196906, 0.0013208208832547746, 0.001338250856095824, 0.0013552799583792681, 0.001372125219053164, 0.0013890387662407792, 0.0014063170677617017, 0.00142431095801258, 0.0014434365200998917, 0.0014641867886961315, 0.0014871440330591326, 0.0015129920803067032, 0.0015425278136130167, 0.0015766707612619255, 0.0016164697349073185, 0.0016631058695036375, 0.0017178921066442249, 0.0017822699384103223, 0.001857804800643752, 0.0019461816522030437, 0.0020492019690854808, 0.0021687828049298695, 0.0023069580358560187, 0.0024658816499016, 0.0026478330020820893, 0.0028552240732672286, 0.003090608699201392, 0.003356693331908961, 0.0036563484328087058, 0.003992619478148394, 0.004368737076740511, 0.0047881266924214025, 0.005254419425260035, 0.00577146557899883, 0.006343352073901761, 0.00697442325600084, 0.007669302972570264, 0.008432914657592149, 0.009270496075694336, 0.01018760657801903, 0.011190126566741903, 0.012284250151552316], "state1:regularizer": [0.00375359521415174, 0.003752736477240021, 0.0037517027740184778, 0.003750458614562282, 0.0037489613816973537, 0.0037471599317474, 0.0037449929349876376, 0.0037423869139315935, 0.003739253933875075, 0.0037354888977655406, 0.0037309663973908863, 0.0037255370767707917, 0.0037190234736136753, 0.003711215323901114, 0.0037018643472577404, 0.0036906785820547483, 0.0036773164160314445, 0.0036613805682872043, 0.003642412429989979, 0.003619887371083192, 0.0035932118713444534, 0.0035617236301785948, 0.003524696128202146, 0.003481349407435014, 0.00343086902344896, 0.0033724350785443633, 0.0033052628096977435, 0.003228655206029696, 0.0031420664388973163, 0.0030451725071459416, 0.002937942674276931, 0.0028207025657722507, 0.0026941780626387603, 0.002559509332435853, 0.0024182271719547575, 0.002272189281270304, 0.00212348116460011, 0.001974293254401223, 0.0018267905523745192, 0.0016829921286339539, 0.0015446749495145857, 0.001413310693615173, 0.0012900372460067423, 0.00117566034357648, 0.001070676831134339, 0.0009753098206028453, 0.0008895474772931602, 0.0008131802196287982, 0.0007458344997510997, 0.0006870038529292861, 0.0006360789154548491, 0.0005923776607154243, 0.000555175807001157, 0.0005237360467739583, 0.0004973340945151467, 0.00047527976268107975, 0.0004569321171269047, 0.0004417087725674265, 0.0004290901601497465, 0.00041861995474176314, 0.00040990283718003457, 0.0004026005511047619, 0.00039642695609120297, 0.00039114256983245545, 0.0003865489511386281, 0.00038248318297398235, 0.0003788126468702773, 0.00037543022402225615, 0.0003722500098338855, 0.00036920358487725825, 0.00036623684306543987, 0.0003633073373800342, 0.00036038207034386536, 0.0003574356393051057, 0.00035444865144764555, 0.00035140634773304534, 0.0003482974084599855, 0.000345112942060408, 0.00034184567281006365, 0.00033848933940614054, 0.00033503829919353053, 0.00033148731169455807, 0.00032783145890817725, 0.0003240661557995795, 0.000320187211614791, 0.00031619091684700814, 0.0003120741429138509, 0.000307834446524473, 0.00030347016775191286, 0.0002989805053840179, 0.0002943655514884554, 0.00028962627372979244, 0.000284764446948704, 0.00027978255043386755, 0.00027468365710590654, 0.0002694713415257715, 0.0002641496253975011, 0.0002587229643531462, 0.00025319626591066194, 0.00024757492279951955], "state1:res_corner": 0.0015129866168048923, "state1:reg_corner": 0.00036920417956794893, "state1:res_min": 0.0014063170677617017, "state1:reg_min": 0.0003865489511386281, "state1:res_gcv": 0.0013890387662407792, "state1:reg_gcv": 0.00039114256983245545, "state2:residual": [1.1295658258847708e-06, 1.3602235449733516e-06, 1.637897484640863e-06, 1.972133383874178e-06, 2.374398070902515e-06, 2.8584584621324837e-06, 3.4408319068624e-06, 4.141319761025225e-06, 4.983637333407928e-06, 5.996154371705165e-06, 7.212760811321441e-06, 8.673872222342688e-06, 1.0427587749415122e-05, 1.2531009602538781e-05, 1.5051726323555122e-05, 1.806945079622342e-05, 2.1677786599461974e-05, 2.5986070801509588e-05, 3.1121205423850025e-05, 3.722934143244468e-05, 4.447721682310776e-05, 5.305287450804007e-05, 6.316539999766388e-05, 7.504323252265358e-05, 8.893053345258598e-05, 0.00010508106979323499, 0.00012374912539476785, 0.00014517713157491762, 0.00016958005084613488, 0.00019712706796206714, 0.00022792180980310583, 0.00026198302887140416, 0.00029922827020572223, 0.00033946328020774695, 0.00038237961541987914, 0.0004275619949036324, 0.00047450552767708737, 0.0005226413463971669, 0.0005713678019405932, 0.0006200835804700566, 0.0006682190633004879, 0.0007152628887473278, 0.0007607817444747265, 0.0008044326153072834, 0.0008459677874895376, 0.0008852337211721592, 0.0009221653959338761, 0.0009567779178273992, 0.0009891570962227863, 0.0010194504240838103, 0.0010478595085642352, 0.0010746345820788572, 0.0011000713499939563, 0.0011245101617127888, 0.001148337378888295, 0.0011719888891107849, 0.0011959559604140977, 0.0012207939599068061, 0.001247134696156495, 0.001275703077804048, 0.0013073382442931232, 0.0013430182916823134, 0.0013838863573756763, 0.001431274506861339, 0.0014867210790884939, 0.001551977400114502, 0.0016290013959639985, 0.0017199385484631255, 0.0018270941901433176, 0.001952904164778837, 0.0020999121362414957, 0.0022707606069058786, 0.00246819932622702, 0.0026951104937627092, 0.0029545465668491234, 0.0032497746923429646, 0.0035843220314878254, 0.0039620179918135575, 0.00438703173239381, 0.004863905478553206, 0.005397585695304066, 0.0059934548419266495, 0.006657366257520406, 0.007395683799390808, 0.00821532638782787, 0.009123815962349853, 0.010129325997409669, 0.011240727082848598, 0.012467626340664983, 0.013820398472504145, 0.015310207582772177, 0.016949020054975863, 0.018749609308189415, 0.02072555314527303, 0.022891223877933638, 0.025261770729357074, 0.027853093280179406, 0.030681803955574682, 0.03376517716989176, 0.03712108379099164],