{"state1:lambdas": [0.01, 0.012328467394420659, 0.01519911082952934, 0.01873817422860384, 0.023101297000831605, 0.02848035868435802, 0.03511191734215131, 0.04328761281083057, 0.0533669923120631, 0.06579332246575682, 0.08111308307896872, 0.1, 0.12328467394420659, 0.1519911082952934, 0.1873817422860384, 0.23101297000831603, 0.2848035868435802, 0.3511191734215131, 0.43287612810830595, 0.533669923120631, 0.6579332246575682, 0.8111308307896873, 1.0, 1.232846739442066, 1.5199110829529332, 1.873817422860385, 2.31012970008316, 2.848035868435802, 3.511191734215131, 4.328761281083057, 5.336699231206313, 6.5793322465756825, 8.111308307896872, 10.0, 12.32846739442066, 15.199110829529348, 18.73817422860385, 23.101297000831604, 28.48035868435802, 35.11191734215131, 43.287612810830616, 53.366992312063125, 65.79332246575683, 81.11308307896873, 100.0, 123.28467394420659, 151.99110829529332, 187.3817422860383, 231.0129700083158, 284.8035868435805, 351.11917342151344, 432.87612810830615, 533.6699231206312, 657.9332246575682, 811.1308307896873, 1000.0, 1232.8467394420659, 1519.9110829529332, 1873.817422860383, 2310.129700083163, 2848.035868435805, 3511.1917342151346, 4328.7612810830615, 5336.699231206313, 6579.332246575683, 8111.308307896872, 10000.0, 12328.467394420659, 15199.11082952933, 18738.17422860383, 23101.297000831626, 28480.35868435805, 35111.91734215135, 43287.612810830615, 53366.99231206313, 65793.32246575682, 81113.08307896872, 100000.0, 123284.67394420659, 151991.10829529332, 187381.74228603867, 231012.97000831628, 284803.5868435805, 351119.17342151346, 432876.12810830615, 533669.9231206313, 657933.2246575683, 811130.8307896872, 1000000.0, 1232846.7394420684, 1519911.0829529332, 1873817.4228603868, 2310129.700083158, 2848035.8684358047, 3511191.7342151273, 4328761.281083061, 5336699.231206302, 6579332.246575682, 8111308.307896889, 10000000.0], "state1:gcv_func": [1.7322381095816056e-06, 1.7218516592700998e-06, 1.709647829566475e-06, 1.6954404201141317e-06, 1.679074978202483e-06, 1.6604493279786042e-06, 1.6395355147476576e-06, 1.6164003350177156e-06, 1.591220778818378e-06, 1.5642904702450993e-06, 1.5360138773046102e-06, 1.5068867761232113e-06, 1.4774639518950322e-06, 1.4483177998157224e-06, 1.4199935695590746e-06, 1.3929678127273514e-06, 1.3676158923702585e-06, 1.3441924591537564e-06, 1.3228262126552563e-06, 1.3035277440700445e-06, 1.2862073424807723e-06, 1.2706986562276464e-06, 1.2567841138301048e-06, 1.2442188541758441e-06, 1.2327511954608261e-06, 1.2221389112552167e-06, 1.2121614450059e-06, 1.2026286002336866e-06, 1.1933862965011065e-06, 1.1843198268940058e-06, 1.1753548105011527e-06, 1.1664558146427688e-06, 1.1576225445446246e-06, 1.148883643698886e-06, 1.1402884998823998e-06, 1.1318978873724173e-06, 1.1237746245561813e-06, 1.1159755495059706e-06, 1.1085459615062117e-06, 1.1015172837375275e-06, 1.094908175288031e-06, 1.0887287855656013e-06, 1.0829874088158595e-06, 1.077698523885227e-06, 1.0728911103012598e-06, 1.0686162037131006e-06, 1.0649528761790589e-06, 1.0620121930256058e-06, 1.0599392038226882e-06, 1.0589136488139435e-06, 1.059150734107972e-06, 1.0609039033163653e-06, 1.0644717879399474e-06, 1.070211218684364e-06, 1.0785572088510514e-06, 1.0900493396279486e-06, 1.1053624916057836e-06, 1.1253391092352532e-06, 1.1510207493515833e-06, 1.183678585353038e-06, 1.2248450889286742e-06, 1.2763511093876696e-06, 1.3403730670468046e-06, 1.4194938562716874e-06, 1.516779078692798e-06, 1.6358683389068038e-06, 1.7810799125243131e-06, 1.957525760805885e-06, 2.171232103035576e-06, 2.4292591250741455e-06, 2.739813717962743e-06, 3.112354439518238e-06, 3.557699742774937e-06, 4.08816773926073e-06, 4.717790937239188e-06, 5.46265289400465e-06, 6.341376744811749e-06, 7.375758046094652e-06, 8.591484500559065e-06, 1.0018828325927327e-05, 1.1693141159165824e-05, 1.365494014036078e-05, 1.594941211537944e-05, 1.8625360503979257e-05, 2.1734005750740134e-05, 2.5328503366708588e-05, 2.946524842739581e-05, 3.420762815328238e-05, 3.9631745202787906e-05, 4.583199876031681e-05, 5.292301866736726e-05, 6.103406317790389e-05, 7.029325884825625e-05, 8.080194501275405e-05, 9.26033070995866e-05, 0.00010565293579745042, 0.00011980037375265006, 0.00013478885596985378, 0.00015027555896085965, 0.00016586840116820977], "state1:lambda_lcurve": 988.3509206388403, "state1:gcv_lcurve": 1.0893120588879523e-06, "state1:min_error_lambda": 533.6699231206312, "state1:min_error_gcv": 1.0644717879399474e-06, "state1:min_lambda": 284.8035868435805, "state1:min_gcv": 1.0589136488139435e-06, "state2:lambdas": [0.01, 0.012328467394420659, 0.01519911082952934, 0.01873817422860384, 0.023101297000831605, 0.02848035868435802, 0.03511191734215131, 0.04328761281083057, 0.0533669923120631, 0.06579332246575682, 0.08111308307896872, 0.1, 0.12328467394420659, 0.1519911082952934, 0.1873817422860384, 0.23101297000831603, 0.2848035868435802, 0.3511191734215131, 0.43287612810830595, 0.533669923120631, 0.6579332246575682, 0.8111308307896873, 1.0, 1.232846739442066, 1.5199110829529332, 1.873817422860385, 2.31012970008316, 2.848035868435802, 3.511191734215131, 4.328761281083057, 5.336699231206313, 6.5793322465756825, 8.111308307896872, 10.0, 12.32846739442066, 15.199110829529348, 18.73817422860385, 23.101297000831604, 28.48035868435802, 35.11191734215131, 43.287612810830616, 53.366992312063125, 65.79332246575683, 81.11308307896873, 100.0, 123.28467394420659, 151.99110829529332, 187.3817422860383, 231.0129700083158, 284.8035868435805, 351.11917342151344, 432.87612810830615, 533.6699231206312, 657.9332246575682, 811.1308307896873, 1000.0, 1232.8467394420659, 1519.9110829529332, 1873.817422860383, 2310.129700083163, 2848.035868435805, 3511.1917342151346, 4328.7612810830615, 5336.699231206313, 6579.332246575683, 8111.308307896872, 10000.0, 12328.467394420659, 15199.11082952933, 18738.17422860383, 23101.297000831626, 28480.35868435805, 35111.91734215135, 43287.612810830615, 53366.99231206313, 65793.32246575682, 81113.08307896872, 100000.0, 123284.67394420659, 151991.10829529332, 187381.74228603867, 231012.97000831628, 284803.5868435805, 351119.17342151346, 432876.12810830615, 533669.9231206313, 657933.2246575683, 811130.8307896872, 1000000.0, 1232846.7394420684, 1519911.0829529332, 1873817.4228603868, 2310129.700083158, 2848035.8684358047, 3511191.7342151273, 4328761.281083061, 5336699.231206302, 6579332.246575682, 8111308.307896889, 10000000.0],