{"state1:residual": [0.0008684806402414263, 0.0008917911158166597, 0.0009141555733365396, 0.000935597375020638, 0.0009561455418604506, 0.0009758328570683057, 0.0009946940334430593, 0.0010124905483602752, 0.00102950212530874, 0.001045770396549564, 0.0010613257098416639, 0.0010761954596704825, 0.0010904065280074409, 0.0011039829479179445, 0.0011169426777869061, 0.0011293056630713493, 0.0011410882103975767, 0.0011523086793229379, 0.001162988373317914, 0.0011731511493195059, 0.0011827779532423072, 0.0011918994834243292, 0.0012005989951534945, 0.0012088989635212883, 0.0012168256468662176, 0.0013826732561317402, 0.0013866880993442707, 0.0013906186478396707, 0.001394457940991432, 0.0013981974589187935, 0.0014018279917682756, 0.0014053404070248317, 0.0014086867725279688, 0.0014118453765888162, 0.0014148493385656357, 0.0014176619032354937, 0.001420353744578235, 0.0014229238624665467, 0.0014253699436636283, 0.0014276936704184706, 0.001429895453921885, 0.0014319774422019865, 0.0014339410854874288, 0.0014357935617412584, 0.001437535976353513, 0.001439161402357951, 0.0014406919523505656, 0.001442132622519327, 0.0014434880928887767, 0.0014447655245581558, 0.0014459695889449244, 0.001447105826061802, 0.001448176013684832, 0.0014491944311099594, 0.0014501690917065914, 0.0014511075968009636, 0.0014520188678446087, 0.0014529113653334324, 0.0014537937549354845, 0.0014546742648763396, 0.0014555626030134734, 0.0014564687428428006, 0.0014574017814604134, 0.0014583700885672426, 0.001459380733900009, 0.001460440279373397, 0.0014615534932184684, 0.0015186804165399892, 0.001521474057256961, 0.001524586390642536, 0.0015280747435669423, 0.0015320020111337569, 0.0015364308780580283, 0.0015414313923674046, 0.0015470773883243057, 0.001553437693333989, 0.0015605946701999472, 0.0015685739439819555, 0.001577504807935334, 0.0015874791230068882, 0.0026295744780020025, 0.002749924037950662, 0.0028807086440174063, 0.0030219157371588457, 0.003174526445250927, 0.005405692361219143, 0.005765007786269027, 0.0061534702489043375, 0.006568541592302474, 0.007011323383389283, 0.0074789359529811965, 0.0079675491870921, 0.00925757318297356, 0.009861009081845576, 0.010502168721193425, 0.0111904395589633, 0.013267365743271512, 0.014265163084536951, 0.0153737585277216, 0.016596575641560196], "state1:regularizer": [0.027787002503395386, 0.02543307520944249, 0.023255127820228372, 0.02121576357873106, 0.01934596622800905, 0.01765250748314695, 0.016106953605393437, 0.014717242163684918, 0.013452857317471367, 0.012294559790356485, 0.011254037827130636, 0.010313523454267559, 0.009443152532493337, 0.008646273715450348, 0.007923629093512519, 0.007257830361519224, 0.006640275190113065, 0.006068263737103785, 0.005553472687436722, 0.005084513179833494, 0.00466471569551391, 0.004283753288141068, 0.003931390864297224, 0.0036062740590797615, 0.0033184920002732876, 0.0002484128238137151, 0.00022671499023863007, 0.00020697686327397768, 0.0001889254739753654, 0.0001723795191795885, 0.00015705765331774924, 0.00014292669391302582, 0.00012992836708719535, 0.0001182622792275656, 0.00010772957885246681, 9.812065918829438e-05, 8.919218975883547e-05, 8.097858784661405e-05, 7.353825561345895e-05, 6.680961647670403e-05, 6.0652987614928655e-05, 5.501629107196315e-05, 4.992180267676671e-05, 4.530685618003849e-05, 4.111369175646695e-05, 3.736736450082878e-05, 3.399521844438258e-05, 3.097850987893169e-05, 2.837834478447432e-05, 2.6080637052838807e-05, 2.4130756108242668e-05, 2.240976407441586e-05, 2.0929769596222947e-05, 1.9611693264587338e-05, 1.8399788091205682e-05, 1.727758198893925e-05, 1.6252655399617844e-05, 1.5298095991767013e-05, 1.4442335906916792e-05, 1.3659617893235776e-05, 1.2920292064677596e-05, 1.223650616516414e-05, 1.159623973950863e-05, 1.0994700392896739e-05, 1.04139782612922e-05, 9.879213044294843e-06, 9.372946823349437e-06, 2.111036295215918e-06, 2.056992366383792e-06, 2.0046280430618957e-06, 1.9538865440038578e-06, 1.9055201109785536e-06, 1.8585858937991695e-06, 1.8132593206932057e-06, 1.7702593096968755e-06, 1.7291772759775448e-06, 1.6906455109211294e-06, 1.6540879871906888e-06, 1.6203041266482643e-06, 1.5890471600221723e-06, 1.0533398609458011e-06, 1.0276641945194953e-06, 1.003281260403277e-06, 9.818661227400938e-07, 9.632692121175346e-07, 7.436872699329022e-07, 7.198756786230831e-07, 6.952887462996493e-07, 6.706124746069797e-07, 6.458819011290196e-07, 6.216696558647428e-07, 5.98545954189067e-07, 5.177799157762841e-07, 4.989183159942456e-07, 4.799195744142892e-07, 4.6069694170647324e-07, 3.8147998954185525e-07, 3.581889608250677e-07, 3.3357397438704695e-07, 3.077913527937959e-07], "state1:res_corner": 0.0015545020322507955, "state1:reg_corner": 1.7229566440790656e-06, "state1:res_min": 0.0015186804165399892, "state1:reg_min": 2.111036295215918e-06, "state1:res_gcv": 0.0, "state1:reg_gcv": 0.14889119257941963, "state1:lambda_lc": 35.88640747273741, "state1:gcv_lc": 1.8698271124543245e-08, "state2:residual": [0.0008210174020642845, 0.0008480463623868503, 0.0008737141016074805, 0.0008980157299641825, 0.000920962200705695, 0.0009425786282689285, 0.0009628104300787278, 0.0009815914362669394, 0.0009991553622004502, 0.001015560476409595, 0.0010308705217446693, 0.0010451541162059535, 0.0010584708154996031, 0.001070885846835883, 0.0010824511776765236, 0.0010931929893563293, 0.001103162014343755, 0.0011124633460431862, 0.001121138925948974, 0.0011292277166013438, 0.0011367612561365864, 0.0011437720711359655, 0.0011502851231803065, 0.001156333254316657, 0.0011619414802832037, 0.001167133710181641, 0.0011719173255358756, 0.0012651475798424756, 0.0012685522693513076, 0.0012719200132504755, 0.001275212497801813, 0.0012784562080960745, 0.001281653659831996, 0.0012848065813450293, 0.0012879139434680352, 0.001290992284879171, 0.0012940490079449201, 0.0012970866998918108, 0.0013001074289665572, 0.0013031117645481067, 0.0013060933057702268, 0.0013090349989591356, 0.0013119407776775386, 0.0013147963376108581, 0.0013175890333481039, 0.0013203057752415393, 0.0013229347557363377, 0.0013254649775567987, 0.0013278836939651108, 0.0013301808193120967, 0.0013323583180804613, 0.0013344143357140016, 0.001336348327946004, 0.0013381616291263032, 0.0013398583352831018, 0.0013414450832393784, 0.001433366106159686, 0.0014473243664365578, 0.0014636461110606144, 0.0014827290034239388, 0.0015050023870844607, 0.0026704921447517553, 0.00285326120412916, 0.0030556833939106996, 0.004729251601290928, 0.0051265273667345625, 0.005560644090456898, 0.006035043878040962, 0.006552163183189493, 0.007115904769296192, 0.007729042522558604, 0.008852644321532797, 0.00960527527996553, 0.010421340530040443, 0.011304580151486665, 0.012776729766829103, 0.013823358228705387, 0.01495631730543769, 0.016178155659000933, 0.017949587227570948, 0.01937916410400498, 0.020940084404516016, 0.02295811237423865, 0.02479956014455967, 0.026904696768320805, 0.029125647614738855, 0.031585244493539444, 0.03432517201914303, 0.03767434732058687, 0.04110548059713592, 0.045101036753366186, 0.04969607927606613, 0.05506183175138886, 0.061362494591117686, 0.06885782217950263, 0.07779508759751223, 0.08837173782014951, 0.10108329203145633, 0.11535751744352829, 0.12229172809487773],