{"state1:residual": [0.10921097617987083, 0.11096433231708297, 0.11236423248239683, 0.1139736921452228, 0.11558753875096164, 0.11742564582438678, 0.11853333288245706, 0.1198827801164102, 0.1212872359126258, 0.12234204891118125, 0.12348377126739614, 0.12476236143141863, 0.12588317147684594, 0.12691690244166193, 0.12799207600383875, 0.12907478762479083, 0.13028285612024348, 0.13113882804492386, 0.13208451298920051, 0.1327620516185147, 0.13360747925131355, 0.1342865102031053, 0.13481315725325857, 0.13528120331282015, 0.13571913333821134, 0.13612576272077612, 0.13652687129152813, 0.1369063443028894, 0.13717401907455215, 0.13746124521999056, 0.13770854312445482, 0.1380459907040253, 0.1382893108625881, 0.13846155059111742, 0.13861588343340603, 0.13873014914218418, 0.1389087756166415, 0.139020880834047, 0.1391672700741754, 0.1393031875584408, 0.139466868208303, 0.13962244725195502, 0.13979702335037747, 0.13999053926275634, 0.1402055094371023, 0.14044658133515084, 0.14068334599919524, 0.14090796841375722, 0.14124865432997566, 0.1414681143783311, 0.14168772705868626, 0.14192074506639576, 0.14217606523987364, 0.14243605084482852, 0.14266159993010769, 0.1428656933791556, 0.14305984573497463, 0.1432425725577594, 0.1434117024927692, 0.14351895014687482, 0.14360394113431843, 0.143946673218854, 0.14403550190142253, 0.14399060051018778, 0.1440731721460141, 0.14415482992906398, 0.1441526478094384, 0.14423779130810033, 0.1443136873564803, 0.14439926247564122, 0.14450033325171135, 0.14462151745138038, 0.14476110078430143, 0.1449176547409794, 0.14508341430470353, 0.14526461694348333, 0.14545078542551848, 0.14565068214682503, 0.14605696322147144, 0.14629655655973714, 0.14679636376496716, 0.14705651259108454, 0.14729543237938741, 0.1474983787656448, 0.1476285973108385, 0.14769541759911842, 0.14776255212992256, 0.14783535825872557, 0.14793900100361349, 0.14799522973382023, 0.14804455753553256, 0.14809341083175456, 0.14814449121018633, 0.14820083853628105, 0.14826755488287843, 0.14821713670077233, 0.14828921708044307, 0.14837286915457557, 0.14847115868734415, 0.14872905518354498], "state1:regularizer": [0.14095170010415287, 0.11953825751706454, 0.10673855570905999, 0.09244486250997613, 0.07935834320293045, 0.0649710509601471, 0.05888559088715972, 0.050529140985389964, 0.04210103771293383, 0.03719550551952017, 0.03222656106828875, 0.027046355207877126, 0.02308665831366824, 0.019902730004491387, 0.016845598633092707, 0.014078531846377251, 0.011186225609441713, 0.009527061726103458, 0.007683152867184795, 0.0066023434751852905, 0.005164820805559633, 0.00422715563484366, 0.003635458949271919, 0.003102300437102523, 0.00262699211659867, 0.0022141720576225876, 0.001844682070454795, 0.0015199542521383558, 0.0013212820102818656, 0.0011274436720632997, 0.0009799076792568195, 0.0007901750350313708, 0.0006722322255250934, 0.0005939101679439673, 0.0005344325327642507, 0.0004994207733420852, 0.0004455489224988729, 0.00041758643460554357, 0.0003806556681301143, 0.0003471265920493294, 0.00031567247997099646, 0.0002909378162990195, 0.00026511239095783345, 0.00023883352177006545, 0.00021211633184797796, 0.0001845992425663634, 0.00016092301800174624, 0.0001411795747388589, 0.00011352029410072184, 9.99240008707214e-05, 8.8424597182446e-05, 7.728614702451342e-05, 6.600107590531978e-05, 5.572032093720258e-05, 4.790769836793274e-05, 4.133684689872075e-05, 3.537517847007621e-05, 3.0058679840683222e-05, 2.556862752883804e-05, 2.3436994451841997e-05, 2.1773205518271777e-05, 1.4499632337738877e-05, 1.316411753343738e-05, 1.436772089885574e-05, 1.3124784556783897e-05, 1.1989753446128848e-05, 1.2433687798185655e-05, 1.1396710947464417e-05, 1.0651983884779614e-05, 9.953221974390303e-06, 9.229930431731148e-06, 8.457282939577926e-06, 7.680453162295375e-06, 6.93087916681101e-06, 6.25844440582668e-06, 5.612952082123535e-06, 5.035642375750271e-06, 4.470247647159198e-06, 3.326153626470596e-06, 2.841374330764257e-06, 1.8877324520216732e-06, 1.5011978595769193e-06, 1.1694079433133275e-06, 9.080448105103223e-07, 7.86621906778695e-07, 7.396838360151925e-07, 6.893755243875255e-07, 6.306630946917302e-07, 5.373198221358955e-07, 5.002515280350117e-07, 4.716742101340543e-07, 4.4447172087291875e-07, 4.172644303412909e-07, 3.8942970886912676e-07, 3.58995773552806e-07, 3.933127856736718e-07, 3.6235256861694154e-07, 3.3200633442476146e-07, 3.020726611624447e-07, 2.3023761597240622e-07], "state1:res_corner": 0.11166423592969953, "state1:reg_corner": 0.11262903945819164, "state1:res_min": 0.14729543237938741, "state1:reg_min": 1.1694079433133275e-06, "state1:res_gcv": 0.14795334612169359, "state1:reg_gcv": 5.252295123825412e-07, "state1:lambda_lc": 0.011844641458746358, "state1:gcv_lc": Infinity, "state2:residual": [0.1346789240533281, 0.13554094741920555, 0.13660790563764258, 0.13767437713687045, 0.13879584928866956, 0.14001246696291647, 0.14089873161688213, 0.14192551933652142, 0.1429230297325991, 0.1435555282409408, 0.14416930643029507, 0.14488299380278466, 0.14550192332254713, 0.14591447429250898, 0.1465617359704063, 0.14707287281735804, 0.14753637252691754, 0.14779372391326684, 0.1481793951748255, 0.14840367363809892, 0.14871147794092532, 0.14897612687955275, 0.14928324200681942, 0.14966052534599777, 0.15009956145218536, 0.1506269503804112, 0.15117779109410762, 0.1517799849235142, 0.15239188462165817, 0.15302520355615584, 0.15386185461581958, 0.15448347316200295, 0.15502236591851903, 0.15546151591339166, 0.15578180103232142, 0.15598161106101485, 0.1560719680242448, 0.15619216268017533, 0.15636113920485123, 0.15644148285356255, 0.15651629730472916, 0.15659087225760399, 0.1566674473753805, 0.15675770338541703, 0.1568340338562801, 0.15688338744651623, 0.15692022687583504, 0.15695308286407117, 0.15697691262421787, 0.15700259995567814, 0.15703561963785811, 0.15701569205165256, 0.15704963163186583, 0.1571393450740958, 0.15719162294517053, 0.1572527155357645, 0.1573236720000502, 0.15740339983225726, 0.15749001688608263, 0.1576477442657341, 0.1577743083232502, 0.1578692261514785, 0.15800879587253708, 0.15812187216704535, 0.1582434593378993, 0.15837467799242533, 0.15851726144087605, 0.15866977929866322, 0.15883191984086173, 0.15900331510369284, 0.15918630506560072, 0.159412888724319, 0.15960292755357416, 0.15980115782119886, 0.16000973172817926, 0.1602261301589479, 0.16045505849604305, 0.1607951033817225, 0.16105772979279606, 0.16134793225694785, 0.16167064832066574, 0.16203028742743986, 0.16243098140131038, 0.16287806734304486, 0.16350543899654635, 0.16406543901117224, 0.1646914597427591, 0.16537947542526096, 0.16625850668994696, 0.16736993844307232, 0.16862324143185245, 0.17018340598231996, 0.17210674819069646, 0.17453425720730553, 0.1775774616022081, 0.18137736703783391, 0.18623233507571005, 0.19234329681805784, 0.19970701882019212, 0.20615584679398258],