{"state1:residual": [1.249434957659294, 1.249434957659294, 1.249434957659294, 1.249434957659294, 1.249434957659294, 1.249434957659294, 1.2494349576592945, 1.249434957659294, 1.2494349576592934, 1.2494349576592951, 1.2494349576592942, 1.2494349576592958, 1.2494349576592951, 1.2494349576592942, 1.2494349576592947, 1.249434957659294, 1.2494349576592942, 1.249434957659294, 1.2494349576592956, 1.2494349576592947, 1.249434957659296, 1.2494349576592965, 1.2494349576592958, 1.249434957659294, 1.2494349576592931, 1.249434957659295, 1.2494349576592945, 1.2494349576592945, 1.2494349576592934, 1.2494349576592947, 1.2494349576592947, 1.2494349576592947, 1.249434957659294, 1.2494349576592942, 1.2494349576592951, 1.249434957659294, 1.249434957659294, 1.2494349576592931, 1.249434957659294, 1.2494349576592914, 1.249434957659294, 1.2494349576592934, 1.2494349576592958, 1.2494349576592956, 1.2494349576592947, 1.2494349576592942, 1.249434957659294, 1.2494349576592958, 1.2494349576592985, 1.249434957659305, 1.2494349576593218, 1.2494349576593646, 1.2494349576594725, 1.2494349576597474, 1.249434957660445, 1.24943495766221, 1.2494349576666863, 1.2494349576780346, 1.2494349577068051, 1.2494349577797463, 1.2494349579646706, 1.249434958433462, 1.2494349596218073, 1.249434962633825, 1.2494349702668843, 1.2494349896053458, 1.2494350385784674, 1.2494351625139797, 1.2494354758144584, 1.249436266452146, 1.2494382562603927, 1.2494432426409152, 1.2494556550639357, 1.2494862354782794, 1.2495604024020737, 1.2497361274505028, 1.2501386849331646, 1.2510188662559396, 1.2528289430466748, 1.2562790679190055, 1.2622971393101032, 1.2718172406988963, 1.2854390890376541, 1.303207430820811, 1.3247859635315702, 1.349984113600589, 1.3793390007976054, 1.4146389997340387, 1.4597036056103618, 1.5219787942764826, 1.6153623961228554, 1.7642959142802686, 2.0083612166078186, 2.4048279617165584, 3.025382514363433, 3.94585650473746, 5.231528927389258, 6.920513329618609, 9.008772679487079, 11.449364919650678], "state1:regularizer": [14954.794268004858, 14954.794268004858, 14954.794268004884, 14954.794268004885, 14954.794268004925, 14954.794268004845, 14954.79426800468, 14954.79426800468, 14954.794268004749, 14954.794268004873, 14954.794268004667, 14954.794268004633, 14954.794268004676, 14954.794268004815, 14954.794268004422, 14954.79426800438, 14954.794268004118, 14954.794268003603, 14954.794268003026, 14954.794268001944, 14954.794268000473, 14954.794267997499, 14954.794267993195, 14954.79426798635, 14954.794267975369, 14954.79426795809, 14954.794267930298, 14954.794267886213, 14954.794267815823, 14954.794267704045, 14954.794267525871, 14954.794267241998, 14954.79426679034, 14954.794266070829, 14954.79426492557, 14954.794263101776, 14954.794260197497, 14954.794255573604, 14954.794248210905, 14954.794236487223, 14954.794217819894, 14954.794188096077, 14954.794140767766, 14954.794065407323, 14954.793945412388, 14954.793754346529, 14954.793450115656, 14954.792965694034, 14954.792194358442, 14954.790966174056, 14954.78901055847, 14954.785896668398, 14954.780938482661, 14954.77304366774, 14954.760472939488, 14954.740456909356, 14954.708586044828, 14954.657839415653, 14954.57703846021, 14954.448385633425, 14954.243546991585, 14953.917419003445, 14953.398214809526, 14952.571707253828, 14951.25621152022, 14949.162932953757, 14945.833290557295, 14940.540279606832, 14932.134327898888, 14918.805128126565, 14897.720384930155, 14864.494385212269, 14812.446031860518, 14731.656725456047, 14607.989852052899, 14422.563144060121, 14152.69169243553, 13775.76789517913, 13277.067625746151, 12660.121036340173, 11954.882312041393, 11217.38938233946, 10516.603721167485, 9911.030444063184, 9428.656035294747, 9064.517525665917, 8794.080090793428, 8588.482169562441, 8422.499810639054, 8275.88893198524, 8132.201223411922, 7977.236192507587, 7797.448574657032, 7578.685835028845, 7306.167655640452, 6966.558794968586, 6552.215256126872, 6066.414027197395, 5526.909986585705, 4963.4745104776275], "state1:res_corner": 1.4413677109173846, "state1:reg_corner": 8481.223429489337, "state1:res_min": 1.4597036056103618, "state1:reg_min": 8422.499810639054, "state1:res_gcv": 1.4146389997340387, "state1:reg_gcv": 8588.482169562441, "state2:residual": [1.1440023784871791, 1.1440023784871791, 1.1440023784871791, 1.1440023784871791, 1.1440023784871791, 1.1440023784871791, 1.1440023784871787, 1.1440023784871793, 1.1440023784871773, 1.1440023784871782, 1.1440023784871787, 1.1440023784871793, 1.1440023784871798, 1.144002378487179, 1.1440023784871782, 1.1440023784871787, 1.1440023784871796, 1.144002378487179, 1.1440023784871787, 1.1440023784871776, 1.1440023784871782, 1.1440023784871791, 1.1440023784871787, 1.1440023784871782, 1.1440023784871778, 1.1440023784871773, 1.1440023784871778, 1.1440023784871778, 1.1440023784871798, 1.14400237848718, 1.1440023784871771, 1.144002378487178, 1.1440023784871793, 1.1440023784871787, 1.1440023784871785, 1.1440023784871785, 1.1440023784871798, 1.144002378487178, 1.1440023784871791, 1.144002378487179, 1.1440023784871787, 1.144002378487178, 1.1440023784871771, 1.1440023784871787, 1.1440023784871793, 1.1440023784871785, 1.1440023784871791, 1.1440023784871791, 1.1440023784871836, 1.1440023784871902, 1.144002378487208, 1.1440023784872477, 1.1440023784873579, 1.1440023784876314, 1.1440023784883264, 1.144002378490086, 1.14400237849455, 1.144002378505868, 1.1440023785345612, 1.1440023786073075, 1.1440023787917306, 1.1440023792592544, 1.144002380444375, 1.1440023834481854, 1.1440023910603079, 1.144002410345162, 1.144002459180328, 1.1440025827583609, 1.1440028951244077, 1.1440036832987166, 1.1440056665973928, 1.144010636096143, 1.1440230080546836, 1.144053515255244, 1.1441277046814844, 1.1443046353079653, 1.144715374046637, 1.1456342412314813, 1.147587654081597, 1.151463790039707, 1.1585095753080266, 1.1700905013321699, 1.1872996087338905, 1.2107977336267308, 1.2412509371341032, 1.280537328450104, 1.3340000359352324, 1.4142669047239635, 1.5467430267964546, 1.7742599703066355, 2.154058183102683, 2.74351213496436, 3.585013348082415, 4.703016467346977, 6.114409792214029, 7.848339193143954, 9.969878426666211, 12.591637367752204, 15.846004596678476, 19.816382996124396],