{"state1:residual": [12.108182302522803, 12.134526663629165, 12.165914070691779, 12.202917587341236, 12.246016465850985, 12.295550497933812, 12.351687626527921, 12.414410421991937, 12.483522360624725, 12.558670188450925, 12.639375756074267, 12.72507041052237, 12.815126888130198, 12.908886345646287, 13.005680340350938, 13.104848550143862, 13.205752970835093, 13.307788864018983, 13.410392432436916, 13.513045314586881, 13.615276444031867, 13.716662381984582, 13.816827652269403, 13.915446694001243, 14.012248741191822, 14.107026356744482, 14.199647724077264, 14.290072341799613, 14.37836956678928, 14.464739531983922, 14.54953639942643, 14.633294818182602, 14.716761812514267, 14.800937696465697, 14.887130127720294, 14.97702410990497, 15.072767131657631, 15.17706307332253, 15.293262197301752, 15.425428906895002, 15.57836513606762, 15.757565916274281, 15.96908565464471, 16.219300606640115, 16.514567506491982, 16.86080223619873, 17.263033791303265, 17.725018774331442, 18.24901505670532, 18.835795196797537, 19.484926411985782, 20.19526785038409, 20.965565757340904, 21.79499250780086, 22.683492171041518, 23.631857589684504, 24.641548320037884, 25.71433476124437, 26.8518956915814, 28.055491001423587, 29.325781160749344, 30.662787776423826, 32.06591467853897, 33.53390786468289, 35.06464628329771, 36.65472265611476, 38.29886851834907, 39.98936082808608, 41.715585105995196, 43.46391045362897, 45.217967731075866, 46.95933914514085, 48.66858879139404, 50.32650351675001, 51.915379506791304, 53.420187501091775, 54.829480288252604, 56.135964012108055, 57.336724574246226, 58.433162809095634, 59.43073202699094, 60.33858310609203, 61.169208325458314, 61.93814244860979, 62.663734817165306, 63.3669542754286, 64.07113457813603, 64.80152016725671, 65.58444626273177, 66.44600503552587, 67.41013315571324, 68.49621302263498, 69.71648623581846, 71.07376769455244, 72.56003036467118, 74.1563307791348, 75.83426141758137, 77.558736944845, 79.29159006215521, 80.99529132344662], "state1:regularizer": [95311.32504127808, 90870.32998270185, 86330.77426620632, 81711.06867895056, 77037.87230130432, 72345.31556066258, 67672.87671009808, 63062.43458213959, 58555.140465893914, 54188.69009006943, 49995.37628678636, 46001.047459512716, 42224.87575870385, 38679.71104697159, 35372.77275112113, 32306.48052655245, 29479.299198803383, 26886.53639838078, 24521.067386514256, 22373.974160745198, 20435.086391191122, 18693.410675649455, 17137.4384224305, 15755.333394446116, 14535.0157359133, 13464.17544941209, 12530.25925166195, 11720.47643667802, 11021.860414467345, 10421.404260936619, 9906.264818627367, 9464.007173091608, 9082.847533829907, 8751.853286959966, 8461.073918398262, 8201.598713508514, 7965.556764192482, 7746.084500497663, 7537.284293375246, 7334.188664364509, 7132.734332060675, 6929.743157039284, 6722.904095602767, 6510.7498694980195, 6292.621770469339, 6068.614617750111, 5839.492281359007, 5606.564921279304, 5371.524689031567, 5136.247554500508, 4902.582336546447, 4672.158403170563, 4446.245150333499, 4225.68667440721, 4010.916586780074, 3802.0375600894204, 3598.935693020121, 3401.3959143810607, 3209.19141824807, 3022.133667666347, 2840.0844712533917, 2662.9432859122135, 2490.62822019853, 2323.0673622949485, 2160.209474541873, 2002.0531249906994, 1848.6849917285454, 1700.314335558288, 1557.2920954718384, 1420.108033667393, 1289.3651857649954, 1165.7354846164344, 1049.9030745980278, 942.5027783546054, 844.060919776767, 754.9445337886547, 675.3231027985117, 605.1448016684641, 544.1275641103682, 491.7647371536314, 447.3455430401693, 409.9908888815263, 378.70377931280325, 352.4302910918444, 330.12333581243445, 310.7998833255369, 293.5843244801366, 277.735109054207, 262.6561848821853, 247.8971965629844, 233.14658144373576, 218.22047400655214, 203.04878311001826, 187.65869965635338, 172.15553143852313, 156.701089213561, 141.490570136338, 126.7296123532053, 112.61357711467792, 99.31097098743268], "state1:res_corner": 15.109637661266895, "state1:reg_corner": 7883.956076644076, "state1:res_min": 14.97702410990497, "state1:reg_min": 8201.598713508514, "state1:res_gcv": 14.97702410990497, "state1:reg_gcv": 8201.598713508514, "state2:residual": [10.674387847430554, 10.72885324243172, 10.793025933858193, 10.867515290774179, 10.952576212197489, 11.048042689368524, 11.153312870825374, 11.267391373603335, 11.388980614318136, 11.516601715701611, 11.64872079864998, 11.783858918703082, 11.92067141919996, 12.057991661530158, 12.194842092778782, 12.330421001170059, 12.46407594644034, 12.595275162797845, 12.723586661052806, 12.848671695654579, 12.970295282360158, 13.088352417692848, 13.202905495699166, 13.31422674305654, 13.422839342300446, 13.529551873217281, 13.63548221696104, 13.742068706591999, 13.851067898399615, 13.964539970363607, 14.084824686052322, 14.2145133066404, 14.35642466232553, 14.513596146809743, 14.689301613551542, 14.88710705163782, 15.110971156042195, 15.365391931388391, 15.65559303382041, 15.987734799857517, 16.369123785817607, 16.80837967547772, 17.315500239645342, 17.901749671871915, 18.57929583084926, 19.36055330302936, 20.25726008050238, 21.27941477486511, 22.434292951421245, 23.72579677988565, 25.154336691057836, 26.717300648475522, 28.409982565879876, 30.22668518821679, 32.16164413716565, 34.20946611958263, 36.36492329215726, 38.62215169395327, 40.97349904817955, 43.40839040226836, 45.912585676400056, 48.46808876281111, 51.05377549680577, 53.6466074186388, 56.22315665434294, 58.76112115151212, 61.240556015145415, 63.644653518144615, 65.96002946398933, 68.17658176973896, 70.28705749154506, 72.28648993575374, 74.17165145577779, 75.9406215805532, 77.59251182464952, 79.1273372567204, 80.5459948984832, 81.85030347577522, 83.04306996351949, 84.12816305142736, 85.11058293971737, 85.99651917119508, 86.79338736257583, 87.50983575923178, 88.15571408247632, 88.74199743836577, 89.28065395499259, 89.78443582188565, 90.26656321414302, 90.74026657035961, 91.21816356130819, 91.71147907829545, 92.2291686766195, 92.77706607669504, 93.35722090090638, 93.96759782433793, 94.60225707091554, 95.25203540079531, 95.90562794788815, 96.55087718660778],