{"state1:bandwidth": [0.03, 0.04, 0.05, 0.060000000000000005, 0.07, 0.08000000000000002, 0.09000000000000001, 0.1, 0.11000000000000001, 0.12000000000000002, 0.13, 0.14, 0.15000000000000002, 0.16000000000000003, 0.17, 0.18000000000000002, 0.19000000000000003, 0.20000000000000004, 0.21000000000000005, 0.22000000000000003, 0.23000000000000004, 0.24000000000000005, 0.25, 0.26, 0.27, 0.28, 0.29000000000000004, 0.30000000000000004, 0.31000000000000005, 0.32000000000000006, 0.33000000000000007, 0.3400000000000001, 0.3500000000000001, 0.3600000000000001, 0.3700000000000001, 0.3800000000000001, 0.3900000000000001, 0.4, 0.41000000000000003, 0.42000000000000004, 0.43000000000000005, 0.44000000000000006, 0.45000000000000007, 0.4600000000000001, 0.4700000000000001, 0.4800000000000001, 0.4900000000000001, 0.5000000000000001, 0.5100000000000001, 0.5200000000000001, 0.5300000000000001, 0.5400000000000001, 0.5500000000000002, 0.5600000000000002, 0.5700000000000002, 0.5800000000000002, 0.5900000000000001, 0.6000000000000001, 0.6100000000000001, 0.6200000000000001, 0.6300000000000001, 0.6400000000000001, 0.6500000000000001], "state1:gcv_func": [1.659451486661098e-07, 1.3257421110232932e-06, 2.0577977491719813e-05, 1.1513474796242483e-05, 1.5368848414865751e-06, 8.399359141152196e-07, 5.534869129060262e-07, 3.7273345152237443e-07, 3.000987087871389e-07, 2.435423661975303e-07, 1.8992054838475643e-07, 1.7147543914534275e-07, 1.6219247536973528e-07, 1.579896198630577e-07, 1.595034451918108e-07, 1.6889212788066636e-07, 1.8664556915679248e-07, 2.1378473399985025e-07, 2.531223474242293e-07, 3.05329181141216e-07, 3.765976727497783e-07, 4.6880971624884304e-07, 5.747820284537933e-07, 7.197204523171536e-07, 8.992073085800514e-07, 1.119382223440627e-06, 1.3857790373635466e-06, 1.7053258857551606e-06, 2.0860489572159642e-06, 2.536166480128133e-06, 3.0646007992931046e-06, 3.679950603629239e-06, 4.3932449420705785e-06, 5.215635475819714e-06, 6.158387019745396e-06, 7.233945884659628e-06, 8.454895942928524e-06, 9.834131191130251e-06, 1.1389994281914489e-05, 1.3133364406463337e-05, 1.5076665349277204e-05, 1.723668727691613e-05, 1.9627289077664496e-05, 2.2263296984069624e-05, 2.5159347894434012e-05, 2.8331604077877188e-05, 3.179469416190146e-05, 3.5562422754643944e-05, 3.964706630950991e-05, 4.406620543519769e-05, 4.88272319493153e-05, 5.394450957204338e-05, 5.942484093764353e-05, 6.527917127550258e-05, 7.151563377273717e-05, 7.814431210016368e-05, 8.537778015921835e-05, 9.280578792850199e-05, 0.00010063682455612847, 0.00010886925395989108, 0.00011750705907239544, 0.0001265458660497175, 0.00013598785272873033], "state1:min_error_h": 0.11000000000000001, "state1:min_error_gcv": 3.000987087871389e-07, "state1:min_gcv_h": 0.16000000000000003, "state1:min_gcv": 1.579896198630577e-07, "state2:bandwidth": [0.03, 0.04, 0.05, 0.060000000000000005, 0.07, 0.08000000000000002, 0.09000000000000001, 0.1, 0.11000000000000001, 0.12000000000000002, 0.13, 0.14, 0.15000000000000002, 0.16000000000000003, 0.17, 0.18000000000000002, 0.19000000000000003, 0.20000000000000004, 0.21000000000000005, 0.22000000000000003, 0.23000000000000004, 0.24000000000000005, 0.25, 0.26, 0.27, 0.28, 0.29000000000000004, 0.30000000000000004, 0.31000000000000005, 0.32000000000000006, 0.33000000000000007, 0.3400000000000001, 0.3500000000000001, 0.3600000000000001, 0.3700000000000001, 0.3800000000000001, 0.3900000000000001, 0.4, 0.41000000000000003, 0.42000000000000004, 0.43000000000000005, 0.44000000000000006, 0.45000000000000007, 0.4600000000000001, 0.4700000000000001, 0.4800000000000001, 0.4900000000000001, 0.5000000000000001, 0.5100000000000001, 0.5200000000000001, 0.5300000000000001, 0.5400000000000001, 0.5500000000000002, 0.5600000000000002, 0.5700000000000002, 0.5800000000000002, 0.5900000000000001, 0.6000000000000001, 0.6100000000000001, 0.6200000000000001, 0.6300000000000001, 0.6400000000000001, 0.6500000000000001], "state2:gcv_func": [2.0903629610186273e-07, 1.6883187328157497e-06, 2.3280536199720835e-05, 1.2622388079120064e-05, 1.766307675692501e-06, 1.0515466317183545e-06, 7.974871279923206e-07, 6.585719549027385e-07, 6.821714499625208e-07, 7.485690218492839e-07, 8.134239985638681e-07, 1.02595189864929e-06, 1.3304771135049948e-06, 1.718766118505876e-06, 2.2070571592260686e-06, 2.839715630473153e-06, 3.6350578757447384e-06, 4.600499758789366e-06, 5.779674690511701e-06, 7.1651160935444635e-06, 8.869142691324716e-06, 1.089214313856957e-05, 1.3029151115893172e-05, 1.581815356519215e-05, 1.909760770201384e-05, 2.2938789361384277e-05, 2.739567904812287e-05, 3.254734691111271e-05, 3.8491500797703425e-05, 4.5326738476160044e-05, 5.316060064893696e-05, 6.209038106864949e-05, 7.225436996533645e-05, 8.379101829456507e-05, 9.683851757719635e-05, 0.00011155092481807213, 0.00012808344155601243, 0.0001465953323954586, 0.00016732800644183045, 0.00019041307629162727, 0.0002160074939751713, 0.0002443351568543579, 0.00027558399786586435, 0.0003099622666715092, 0.00034768380879680335, 0.00038899528640033866, 0.00043413610838813284, 0.00048335127402778037, 0.0005368835340914705, 0.0005950679523831323, 0.000658125390760852, 0.0007263967817730638, 0.0008001483009290608, 0.0008797304475277278, 0.0009654843698536668, 0.0010578062893480064, 0.0011598732180488657, 0.0012664423438315377, 0.001380680417518916, 0.0015029334752113008, 0.001633646253636703, 0.0017731652545714817, 0.0019219404781926936], "state2:min_error_h": 0.07, "state2:min_error_gcv": 1.766307675692501e-06, "state2:min_gcv_h": 0.03, "state2:min_gcv": 2.0903629610186273e-07}