{"state1:bandwidth": [0.03, 0.04, 0.05, 0.060000000000000005, 0.07, 0.08000000000000002, 0.09000000000000001, 0.1, 0.11000000000000001, 0.12000000000000002, 0.13, 0.14, 0.15000000000000002, 0.16000000000000003, 0.17, 0.18000000000000002, 0.19000000000000003, 0.20000000000000004, 0.21000000000000005, 0.22000000000000003, 0.23000000000000004, 0.24000000000000005, 0.25, 0.26, 0.27, 0.28, 0.29000000000000004, 0.30000000000000004, 0.31000000000000005, 0.32000000000000006, 0.33000000000000007, 0.3400000000000001, 0.3500000000000001, 0.3600000000000001, 0.3700000000000001, 0.3800000000000001, 0.3900000000000001, 0.4, 0.41000000000000003, 0.42000000000000004, 0.43000000000000005, 0.44000000000000006, 0.45000000000000007, 0.4600000000000001, 0.4700000000000001, 0.4800000000000001, 0.4900000000000001, 0.5000000000000001, 0.5100000000000001, 0.5200000000000001, 0.5300000000000001, 0.5400000000000001, 0.5500000000000002, 0.5600000000000002, 0.5700000000000002, 0.5800000000000002, 0.5900000000000001, 0.6000000000000001, 0.6100000000000001, 0.6200000000000001, 0.6300000000000001, 0.6400000000000001, 0.6500000000000001], "state1:gcv_func": [1.8694461546805445e-05, 0.00016608561227052538, 0.002482840865767886, 0.0013650151143347494, 0.00018056892247845878, 9.777920917732942e-05, 6.379476259541442e-05, 4.26095725783525e-05, 3.417005828152894e-05, 2.7653450728581778e-05, 2.1319781269253424e-05, 1.8690600292117022e-05, 1.673833235340571e-05, 1.5005896179553855e-05, 1.352912241564862e-05, 1.2388018363722986e-05, 1.1437103432091153e-05, 1.0584827831533794e-05, 9.868509370915917e-06, 9.220840459125909e-06, 8.740928883143388e-06, 8.351221057038892e-06, 7.889909889796739e-06, 7.677180396060758e-06, 7.5404268148494715e-06, 7.483819429293974e-06, 7.50152047322645e-06, 7.5971136266426496e-06, 7.777927457309523e-06, 8.04964955552464e-06, 8.419308734970222e-06, 8.89087395749822e-06, 9.472922196088228e-06, 1.0172651071246612e-05, 1.0997076521520677e-05, 1.195607192262313e-05, 1.3060399768110412e-05, 1.4321479748276679e-05, 1.5759535445885705e-05, 1.7383734602989254e-05, 1.920590395029804e-05, 2.124400967034977e-05, 2.3512955521954313e-05, 2.6028485235581274e-05, 2.8805132007370163e-05, 3.185962444810664e-05, 3.5207746309640217e-05, 3.886503670212902e-05, 4.284489661983985e-05, 4.716543426914184e-05, 5.183327476200202e-05, 5.686261701284127e-05, 6.225977823124288e-05, 6.803572635193943e-05, 7.4198824011786e-05, 8.075973640118732e-05, 8.79376288219264e-05, 9.530978053471228e-05, 0.00010309250683103292, 0.00011128460073890036, 0.00011988993593206323, 0.00012890363102962141, 0.0001383273858836998], "state1:min_error_h": 0.21000000000000005, "state1:min_error_gcv": 9.868509370915917e-06, "state1:min_gcv_h": 0.28, "state1:min_gcv": 7.483819429293974e-06, "state2:bandwidth": [0.03, 0.04, 0.05, 0.060000000000000005, 0.07, 0.08000000000000002, 0.09000000000000001, 0.1, 0.11000000000000001, 0.12000000000000002, 0.13, 0.14, 0.15000000000000002, 0.16000000000000003, 0.17, 0.18000000000000002, 0.19000000000000003, 0.20000000000000004, 0.21000000000000005, 0.22000000000000003, 0.23000000000000004, 0.24000000000000005, 0.25, 0.26, 0.27, 0.28, 0.29000000000000004, 0.30000000000000004, 0.31000000000000005, 0.32000000000000006, 0.33000000000000007, 0.3400000000000001, 0.3500000000000001, 0.3600000000000001, 0.3700000000000001, 0.3800000000000001, 0.3900000000000001, 0.4, 0.41000000000000003, 0.42000000000000004, 0.43000000000000005, 0.44000000000000006, 0.45000000000000007, 0.4600000000000001, 0.4700000000000001, 0.4800000000000001, 0.4900000000000001, 0.5000000000000001, 0.5100000000000001, 0.5200000000000001, 0.5300000000000001, 0.5400000000000001, 0.5500000000000002, 0.5600000000000002, 0.5700000000000002, 0.5800000000000002, 0.5900000000000001, 0.6000000000000001, 0.6100000000000001, 0.6200000000000001, 0.6300000000000001, 0.6400000000000001, 0.6500000000000001], "state2:gcv_func": [2.2359196188710724e-05, 0.0001833401872148706, 0.0025337531578056307, 0.001299924753803984, 0.00016464283665879587, 8.857336302018701e-05, 5.836689502875261e-05, 3.9056986990069e-05, 3.139645058528486e-05, 2.5583337771223472e-05, 1.992478544271506e-05, 1.7772510273767727e-05, 1.6335690406714382e-05, 1.5132886807307506e-05, 1.4224783826880744e-05, 1.3760201783941661e-05, 1.3641524256552988e-05, 1.378578951923589e-05, 1.42610139722047e-05, 1.4999829687768093e-05, 1.61983599036385e-05, 1.7794386113309327e-05, 1.945117939416958e-05, 2.1961560050414866e-05, 2.5014875801312333e-05, 2.867825869502045e-05, 3.2993519588552584e-05, 3.803236648389767e-05, 4.388520617138354e-05, 5.064082796284682e-05, 5.840010474477559e-05, 6.725810263756224e-05, 7.735392955384635e-05, 8.882367949386505e-05, 0.00010180407863238855, 0.00011644858267063755, 0.0001329117343154241, 0.00015135279194373254, 0.00017201385845473134, 0.00019502320885896678, 0.00022053676285297043, 0.0002487787625091715, 0.00027993657659313093, 0.00031421891441337543, 0.0003518408031987959, 0.00039305135481393876, 0.00043809095109921244, 0.0004872041914141576, 0.0005406333274419563, 0.0005987134807190212, 0.0006616645157709989, 0.0007298277507329288, 0.000803470451544814, 0.0008829436507931229, 0.0009685873841625886, 0.0010607971045151242, 0.0011627573534198784, 0.0012692112377641102, 0.0013833329703294276, 0.0015054677563632137, 0.0016360605882415015, 0.0017754582925016789, 0.0019241107681675397], "state2:min_error_h": 0.13, "state2:min_error_gcv": 1.992478544271506e-05, "state2:min_gcv_h": 0.19000000000000003, "state2:min_gcv": 1.3641524256552988e-05}