{"state1:lambdas": [0.01, 0.011768119524349984, 0.013848863713938732, 0.016297508346206444, 0.019179102616724886, 0.022570197196339202, 0.026560877829466867, 0.031257158496882355, 0.03678379771828634, 0.04328761281083057, 0.0509413801481638, 0.05994842503189409, 0.07054802310718641, 0.08302175681319744, 0.09770099572992251, 0.11497569953977356, 0.1353047774579807, 0.1592282793341092, 0.1873817422860384, 0.22051307399030456, 0.25950242113997357, 0.30538555088334157, 0.35938136638046275, 0.4229242874389499, 0.49770235643321087, 0.5857020818056664, 0.6892612104349695, 0.8111308307896868, 0.9545484566618337, 1.1233240329780276, 1.3219411484660286, 1.5556761439304723, 1.8307382802953678, 2.154434690031882, 2.5353644939701114, 2.983647240283337, 3.511191734215131, 4.132012400115334, 4.862601580065354, 5.722367659350215, 6.7341506577508214, 7.92482898353917, 9.326033468832199, 10.974987654930557, 12.91549665014884, 15.199110829529332, 17.886495290574352, 21.049041445120196, 24.77076355991709, 29.150530628251758, 34.30469286314916, 40.37017258596554, 47.50810162102793, 55.90810182512222, 65.79332246575676, 77.4263682681127, 91.11627561154887, 107.22672220103232, 126.1856883066021, 148.49682622544634, 174.7528400007683, 205.65123083486515, 242.01282647943833, 284.8035868435799, 335.1602650938841, 394.4206059437656, 464.1588833612773, 546.2277217684338, 642.807311728432, 756.463327554629, 890.2150854450374, 1047.6157527896642, 1232.8467394420659, 1450.8287784959402, 1707.3526474706887, 2009.2330025650458, 2364.4894126454074, 2782.559402207126, 3274.549162877725, 3853.5285937105273, 4534.878508128582, 5336.699231206302, 6280.291441834246, 7390.722033525775, 8697.490026177835, 10235.310218990247, 12045.035402587811, 14174.741629268048, 16681.005372000593, 19630.406500402685, 23101.29700083158, 27185.8824273294, 31992.671377973846, 37649.35806792464, 44306.21457583878, 52140.082879996844, 61359.07273413163, 72208.09018385457, 84975.34359086439, 100000.0], "state1:gcv_func": [0.00020001254242057114, 0.00019901460847009106, 0.00019788255144087102, 0.00019660533142643372, 0.00019517309916383655, 0.00019357788864552352, 0.00019181437913919633, 0.00018988067775472665, 0.00018777905446446062, 0.00018551654620066886, 0.00018310533984903108, 0.0001805628498328371, 0.0001779114271095789, 0.00017517767249051187, 0.00017239137440289458, 0.00016958414237452623, 0.0001667878533709484, 0.00016403305933310387, 0.000161347513773621, 0.00015875496026581718, 0.000156274288593882, 0.00015391911272258032, 0.00015169776922121977, 0.00014961368607753793, 0.000147666037681609, 0.00014585058499147697, 0.0001441605987636398, 0.0001425877739907848, 0.00014112306101663765, 0.00013975736005808975, 0.00013848204873772143, 0.00013728933417124145, 0.00013617243911902003, 0.000135125643229821, 0.00013414420520379612, 0.00013322419232659444, 0.0001323622443606048, 0.00013155530222387006, 0.00013080033792288483, 0.00013009412696021126, 0.00012943310259736773, 0.0001288133194187391, 0.00012823053240226354, 0.00012768037247764882, 0.00012715857807798237, 0.00012666123129672336, 0.0001261849500526387, 0.00012572700248422418, 0.00012528533126196736, 0.0001248584969010721, 0.00012444556493118258, 0.00012404596914698286, 0.00012365938231604547, 0.00012328561891648414, 0.0001229245846855261, 0.00012257627756600623, 0.00012224083579449969, 0.00012191862243445293, 0.00012161033229719358, 0.00012131710736949961, 0.00012104065065427198, 0.00012078333511862133, 0.00012054831276769428, 0.00012033963662291269, 0.00012016241345461117, 0.00012002300614264164, 0.00011992930153263489, 0.00011989105411751893, 0.0001199203102429666, 0.00012003191418358132, 0.00012024409763011438, 0.00012057915746870297, 0.00012106423131745382, 0.00012173218370949288, 0.00012262261624993066, 0.00012378301231112253, 0.00012527002206984966, 0.00012715088890839207, 0.0001295050150379755, 0.00013242566347374438, 0.0001360217969167796, 0.00014042006684234645, 0.0001457670007503843, 0.00015223151388266462, 0.00016000802347987706, 0.00016932070107228083, 0.0001804297819042941, 0.00019364136177648302, 0.00020932271192897924, 0.00022792575608138538, 0.00025002186906726315, 0.00027635145152852847, 0.000307891703682003, 0.0003459455955117806, 0.0003922541785647114, 0.0004491330581359186, 0.0005196319490749848, 0.0006077135563680573, 0.0007184443765108267, 0.0008581851869757211], "state1:lambda_lcurve": 906.3966408437948, "state1:gcv_lcurve": 0.00012027467480699703, "state1:min_error_lambda": 756.463327554629, "state1:min_error_gcv": 0.00012003191418358132, "state1:min_lambda": 546.2277217684338, "state1:min_gcv": 0.00011989105411751893, "state2:lambdas": [0.01, 0.011768119524349984, 0.013848863713938732, 0.016297508346206444, 0.019179102616724886, 0.022570197196339202, 0.026560877829466867, 0.031257158496882355, 0.03678379771828634, 0.04328761281083057, 0.0509413801481638, 0.05994842503189409, 0.07054802310718641, 0.08302175681319744, 0.09770099572992251, 0.11497569953977356, 0.1353047774579807, 0.1592282793341092, 0.1873817422860384, 0.22051307399030456, 0.25950242113997357, 0.30538555088334157, 0.35938136638046275, 0.4229242874389499, 0.49770235643321087, 0.5857020818056664, 0.6892612104349695, 0.8111308307896868, 0.9545484566618337, 1.1233240329780276, 1.3219411484660286, 1.5556761439304723, 1.8307382802953678, 2.154434690031882, 2.5353644939701114, 2.983647240283337, 3.511191734215131, 4.132012400115334, 4.862601580065354, 5.722367659350215, 6.7341506577508214, 7.92482898353917, 9.326033468832199, 10.974987654930557, 12.91549665014884, 15.199110829529332, 17.886495290574352, 21.049041445120196, 24.77076355991709, 29.150530628251758, 34.30469286314916, 40.37017258596554, 47.50810162102793, 55.90810182512222, 65.79332246575676, 77.4263682681127, 91.11627561154887, 107.22672220103232, 126.1856883066021, 148.49682622544634, 174.7528400007683, 205.65123083486515, 242.01282647943833, 284.8035868435799, 335.1602650938841, 394.4206059437656, 464.1588833612773, 546.2277217684338, 642.807311728432, 756.463327554629, 890.2150854450374, 1047.6157527896642, 1232.8467394420659, 1450.8287784959402, 1707.3526474706887, 2009.2330025650458, 2364.4894126454074, 2782.559402207126, 3274.549162877725, 3853.5285937105273, 4534.878508128582, 5336.699231206302, 6280.291441834246, 7390.722033525775, 8697.490026177835, 10235.310218990247, 12045.035402587811, 14174.741629268048, 16681.005372000593, 19630.406500402685, 23101.29700083158, 27185.8824273294, 31992.671377973846, 37649.35806792464, 44306.21457583878, 52140.082879996844, 61359.07273413163, 72208.09018385457, 84975.34359086439, 100000.0],