{"state1:lambdas": [1000.0, 1149.7569953977356, 1321.9411484660286, 1519.9110829529332, 1747.5284000076829, 2009.2330025650479, 2310.1297000831605, 2656.0877829466867, 3053.8555088334156, 3511.191734215131, 4037.017258596554, 4641.588833612782, 5336.699231206313, 6135.907273413176, 7054.8023107186455, 8111.308307896872, 9326.0334688322, 10722.672220103232, 12328.467394420659, 14174.741629268048, 16297.508346206434, 18738.17422860383, 21544.346900318866, 24770.76355991714, 28480.35868435805, 32745.491628777316, 37649.35806792471, 43287.612810830615, 49770.23564332114, 57223.676593502205, 65793.32246575682, 75646.3327554629, 86974.90026177834, 100000.0, 114975.69953977356, 132194.11484660287, 151991.10829529332, 174752.8400007683, 200923.3002565046, 231012.9700083158, 265608.7782946684, 305385.55088334123, 351119.17342151277, 403701.72585965495, 464158.8833612782, 533669.9231206313, 613590.7273413176, 705480.2310718645, 811130.8307896872, 932603.3468832199, 1072267.222010323, 1232846.7394420658, 1417474.1629268047, 1629750.834620647, 1873817.4228603868, 2154434.6900318866, 2477076.355991714, 2848035.8684358047, 3274549.1628777315, 3764935.806792471, 4328761.281083061, 4977023.564332114, 5722367.65935022, 6579332.246575682, 7564633.275546291, 8697490.026177835, 10000000.0, 11497569.953977356, 13219411.484660286, 15199110.829529332, 17475284.00007683, 20092330.02565046, 23101297.00083158, 26560877.829466894, 30538555.088334188, 35111917.342151344, 40370172.58596558, 46415888.33612782, 53366992.31206313, 61359072.73413176, 70548023.10718645, 81113083.07896872, 93260334.688322, 107226722.20103253, 123284673.94420634, 141747416.29268077, 162975083.46206403, 187381742.2860387, 215443469.00318867, 247707635.5991714, 284803586.8435805, 327454916.2877732, 376493580.67924714, 432876128.10830617, 497702356.4332114, 572236765.935022, 657933224.6575682, 756463327.5546291, 869749002.6177834, 1000000000.0], "state1:gcv_func": [1.100169077944794, 1.0982940472020128, 1.096463668313184, 1.094684740669539, 1.0929663825635658, 1.0913195978104808, 1.0897567882224182, 1.0882912269903129, 1.0869365045296442, 1.0857059570736929, 1.0846120886975699, 1.0836659987407837, 1.0828768282660421, 1.0822512412333576, 1.081792958912891, 1.081502370005151, 1.0813762435914955, 1.0814075758732438, 1.0815856021696555, 1.0818960004124667, 1.0823212997498934, 1.082841488690361, 1.0834347942856148, 1.0840785818410514, 1.084750308388851, 1.085428456116284, 1.086093375449, 1.0867279802584442, 1.0873182568591209, 1.0878535700214993, 1.088326770017251, 1.088734121564606, 1.0890750876431787, 1.0893520071688176, 1.0895697069961046, 1.089735085378637, 1.0898566981726017, 1.0899443709130716, 1.0900088519898192, 1.090061514318197, 1.0901141079195447, 1.090178563547395, 1.0902668476805406, 1.090390873496922, 1.0905624749243037, 1.0907934534359485, 1.0910957049381265, 1.0914814235418553, 1.0919633652096286, 1.0925551328129497, 1.0932714220507964, 1.094128152444271, 1.0951423975151542, 1.0963320361174351, 1.0977150707970673, 1.099308597766766, 1.1011274689922093, 1.1031827481051384, 1.105480114993873, 1.1080184193658127, 1.1107885896404324, 1.1137730859867825, 1.1169460195389482, 1.1202739816195122, 1.123717515449701, 1.1272330849038632, 1.1307753236739988, 1.1342993208048693, 1.1377627235284475, 1.1411274711668733, 1.1443610581541248, 1.1474372761841578, 1.150336469554006, 1.1530453682772492, 1.1555566000774617, 1.1578679821404882, 1.1599816900402407, 1.161903398536034, 1.1636414455819928, 1.1652060654132241, 1.1666087246356016, 1.1678615563435661, 1.1689769154220824, 1.16996702281374, 1.1708437124904412, 1.171618236047183, 1.1723011510069317, 1.1729022573647296, 1.1734305482301668, 1.1738942263921448, 1.1743007265068939, 1.1746567379939798, 1.1749682470257217, 1.1752406233195647, 1.1754785876116645, 1.175686402340892, 1.1758677765995393, 1.1760259804325168, 1.176163973723576, 1.1762842508916165], "state1:lambda_lcurve": 593665, "state1:gcv_lcurve": 1.091017126297588, "state1:min_error_lambda": 114975.69953977356, "state1:min_error_gcv": 1.0895697069961046, "state1:min_lambda": 9326.0334688322, "state1:min_gcv": 1.0813762435914955, "state2:lambdas": [1000.0, 1149.7569953977356, 1321.9411484660286, 1519.9110829529332, 1747.5284000076829, 2009.2330025650479, 2310.1297000831605, 2656.0877829466867, 3053.8555088334156, 3511.191734215131, 4037.017258596554, 4641.588833612782, 5336.699231206313, 6135.907273413176, 7054.8023107186455, 8111.308307896872, 9326.0334688322, 10722.672220103232, 12328.467394420659, 14174.741629268048, 16297.508346206434, 18738.17422860383, 21544.346900318866, 24770.76355991714, 28480.35868435805, 32745.491628777316, 37649.35806792471, 43287.612810830615, 49770.23564332114, 57223.676593502205, 65793.32246575682, 75646.3327554629, 86974.90026177834, 100000.0, 114975.69953977356, 132194.11484660287, 151991.10829529332, 174752.8400007683, 200923.3002565046, 231012.9700083158, 265608.7782946684, 305385.55088334123, 351119.17342151277, 403701.72585965495, 464158.8833612782, 533669.9231206313, 613590.7273413176, 705480.2310718645, 811130.8307896872, 932603.3468832199, 1072267.222010323, 1232846.7394420658, 1417474.1629268047, 1629750.834620647, 1873817.4228603868, 2154434.6900318866, 2477076.355991714, 2848035.8684358047, 3274549.1628777315, 3764935.806792471, 4328761.281083061, 4977023.564332114, 5722367.65935022, 6579332.246575682, 7564633.275546291, 8697490.026177835, 10000000.0, 11497569.953977356, 13219411.484660286, 15199110.829529332, 17475284.00007683, 20092330.02565046, 23101297.00083158, 26560877.829466894, 30538555.088334188, 35111917.342151344, 40370172.58596558, 46415888.33612782, 53366992.31206313, 61359072.73413176, 70548023.10718645, 81113083.07896872, 93260334.688322, 107226722.20103253, 123284673.94420634, 141747416.29268077, 162975083.46206403, 187381742.2860387, 215443469.00318867, 247707635.5991714, 284803586.8435805, 327454916.2877732, 376493580.67924714, 432876128.10830617, 497702356.4332114, 572236765.935022, 657933224.6575682, 756463327.5546291, 869749002.6177834, 1000000000.0],