{"state1:residual": [9.974939618859606e-05, 0.00011507718190897968, 0.00013237360641553194, 0.0001517759931402848, 0.00017339895965115957, 0.00019732548777014417, 0.0002235981481450124, 0.00025221139377670326, 0.00028310594720511075, 0.0003161662630139417, 0.00035122181242502415, 0.00038805251403164337, 0.00042639808329657047, 0.00046597050151686993, 0.0005064683426282778, 0.0005475914548026664, 0.000589054528729303, 0.0006305983781013699, 0.0006719982295432229, 0.0007130688561816755, 0.000753666882258431, 0.0007936909569987326, 0.0008330807066639744, 0.000871815423768459, 0.0009099133668500807, 0.000947432360438912, 0.0009844721424736112, 0.0010211786416083437, 0.0010577501123128674, 0.0010944448428393966, 0.0011315900103745149, 0.001169591212479803, 0.001208942259140456, 0.0012502349398630821, 0.0012941686263957181, 0.0013415596547751286, 0.0013933503817217677, 0.0014506176086978384, 0.0015145797687270625, 0.001586602011295117, 0.0016681982765420734, 0.0017610297687043388, 0.0018668999558564196, 0.001987747208805653, 0.002125637171234266, 0.002282757597037301, 0.0024614184617220407, 0.002664059613368946, 0.002893267253286871, 0.0031517994338460037, 0.003442619827338728, 0.0037689384312050308, 0.004134257660434799, 0.00454242235637505, 0.00499767250531154, 0.005504697813190681, 0.006068693667098434, 0.006695418385545853, 0.007391251968911266, 0.008163256762008972, 0.009019240487060223, 0.009967821987417561, 0.011018499776208479, 0.012181723169819622, 0.013468965502712446, 0.014892798722052984, 0.016466968612530455, 0.01820646999512055, 0.020127621455849988, 0.022248139431850795, 0.02458721172104181, 0.027165570674636454, 0.030005566318555135, 0.03313123949396523, 0.03656839453450129, 0.040344670049519686, 0.04448960477769182, 0.04903469353960704, 0.05401342698824748, 0.05946131006996826, 0.0654158615907179, 0.07191661567132263, 0.07900518009072685, 0.08672545944917773, 0.09512422089760873, 0.10425225917421391, 0.11416648633058132, 0.12493330703314268, 0.13663360855874804, 0.1493695666211939, 0.1632732222454305, 0.17851642193482245, 0.19532126606725145, 0.2139697521627672, 0.23481094451938012, 0.2582638792941374, 0.2848146405432473, 0.3150066412962169, 0.34942404530963445, 0.3886692192217008], "state1:regularizer": [0.005415489797500866, 0.0053874625033320704, 0.005356331943577999, 0.005322043705123565, 0.005284627850914802, 0.005244215662546758, 0.005201052349658081, 0.0051555030757281526, 0.005108049875994437, 0.005059277850781878, 0.005009850403552907, 0.004960475066870792, 0.004911863246440148, 0.004864688542628967, 0.00481954877082393, 0.004776936213118301, 0.004737219126252415, 0.004700635513778742, 0.004667298177469944, 0.004637208558718933, 0.004610276119208621, 0.004586339996555332, 0.004565190219231375, 0.004546586605556826, 0.004530274349330252, 0.004515996032027751, 0.004503500313953125, 0.004492547837100602, 0.004482914961423449, 0.00447439591384105, 0.004466803815860818, 0.004459970921185347, 0.004453748275019922, 0.004448004922720596, 0.004442626752964253, 0.0044375150532923215, 0.004432584868893746, 0.004427763271640789, 0.0044229876516778035, 0.0044182041315059825, 0.004413366173665051, 0.004408433414970565, 0.00440337072240405, 0.004398147436612229, 0.004392736753280978, 0.004387115190954755, 0.004381262103028328, 0.004375159206690745, 0.004368790117461075, 0.0043621398908718885, 0.004355194581064114, 0.00434794082961216, 0.004340365497875004, 0.004332455353958118, 0.004324196821839595, 0.004315575796031027, 0.004306577520689862, 0.00429718652800526, 0.004287386627783476, 0.004277160939062692, 0.004266491955583269, 0.004255361639582862, 0.004243751541684623, 0.00423164294759519, 0.004219017053869121, 0.004205855174962794, 0.004192138982095421, 0.004177850771761416, 0.004162973758737552, 0.0041474923858485675, 0.004131392641278778, 0.004114662373705496, 0.004097291596761893, 0.004079272776315983, 0.004060601098004682, 0.004041274717235599, 0.004021295000248248, 0.004000666770105581, 0.003979398571297175, 0.003957502954488549, 0.003934996749114693, 0.003911901229474594, 0.003888241989102501, 0.0038640482302916275, 0.0038393510777557055, 0.0038141804736548644, 0.003788560256235439, 0.0037625011913259487, 0.0037359920325776255, 0.003708989095301714, 0.003681405266373677, 0.003653099730196722, 0.003623869862594531, 0.0035934466671485566, 0.0035614948102430264, 0.0035276178459844906, 0.0034913687333220354, 0.003452265363979739, 0.0034098105541033254, 0.003363515818961197], "state1:res_corner": 0.0011811736570577827, "state1:reg_corner": 0.004458055463843131, "state1:res_min": 0.0010577501123128674, "state1:reg_min": 0.004482914961423449, "state1:res_gcv": 0.000871815423768459, "state1:reg_gcv": 0.004546586605556826, "state2:residual": [0.00011226544973813096, 0.0001295308475800274, 0.00014901374989697387, 0.0001708661736635569, 0.000195212248536364, 0.00022213701102195173, 0.000251675061926682, 0.00028380015248425885, 0.0003184169636041096, 0.00035535638661640553, 0.0003943754416290232, 0.0004351625575140091, 0.0004773483193627551, 0.0005205210612971846, 0.0005642459869362986, 0.0006080859882715432, 0.0006516221224593342, 0.00069447183958317, 0.0007363034915051109, 0.0007768462802678161, 0.0008158954778635351, 0.0008533133325707099, 0.0008890264830371912, 0.000923020905593666, 0.0009553354538340413, 0.0009860549742582367, 0.0010153038631147738, 0.0010432408165737264, 0.0010700554458827243, 0.0010959673907642658, 0.0011212285685927607, 0.001146129239306188, 0.0011710086338384631, 0.0011962709590580664, 0.001222407607287498, 0.0012500262985999499, 0.0012798875951803106, 0.0013129486752756637, 0.0013504133818537868, 0.0013937863577124546, 0.001444927651635992, 0.0015061028543184038, 0.0015800232205188348, 0.001669871196019321, 0.0017793099828390378, 0.0019124811298015657, 0.0020740002073872527, 0.0022689649532361853, 0.002502990669297001, 0.0027822837376248024, 0.003113757774218591, 0.003505191063095012, 0.003965420649600172, 0.004504568235053391, 0.005134294878205723, 0.005868084142433226, 0.006721555742615614, 0.007712813537118126, 0.008862832849184462, 0.010195892794095914, 0.011740059701985437, 0.013527728018016503, 0.015596225252946223, 0.017988487680483247, 0.020753813507527488, 0.023948700164106412, 0.027637772201638683, 0.031894806037226574, 0.03680385739945955, 0.04246049680530639, 0.048973157369627006, 0.05646459762882151, 0.06507347883034116, 0.07495605074401411, 0.08628792997048158, 0.09926593758139922, 0.11410993343283264, 0.13106453750504599, 0.15040055885261047, 0.1724158588462244, 0.19743526369204112, 0.22580902957857021, 0.2579092802910915, 0.2941238194809543, 0.3348468034091961, 0.38046597754272, 0.4313465396844543, 0.48781219431634676, 0.5501245743024565, 0.6184628775266459, 0.6929062143736726, 0.7734216626789959, 0.859861214646137, 0.9519704899916075, 1.049411132205038, 1.151797157669601, 1.258743342978409, 1.3699213492867497, 1.4851172075200643, 1.6042824697836895],