{"state1:lambdas": [1e-12, 1.2618568830660185e-12, 1.5922827933410938e-12, 2.009233002565046e-12, 2.5353644939701167e-12, 3.1992671377973843e-12, 4.03701725859655e-12, 5.094138014816385e-12, 6.428073117284319e-12, 8.111308307896857e-12, 1.0235310218990269e-11, 1.2915496650148827e-11, 1.6297508346206468e-11, 2.0565123083486514e-11, 2.595024211399732e-11, 3.2745491628777315e-11, 4.132012400115335e-11, 5.214008287999674e-11, 6.579332246575682e-11, 8.302175681319735e-11, 1.0476157527896662e-10, 1.3219411484660286e-10, 1.6681005372000558e-10, 2.104904144512022e-10, 2.656087782946684e-10, 3.351602650938848e-10, 4.229242874389499e-10, 5.336699231206302e-10, 6.734150657750828e-10, 8.497534359086438e-10, 1.0722672220103253e-09, 1.3530477745798075e-09, 1.7073526474706886e-09, 2.1544346900318866e-09, 2.71858824273294e-09, 3.430469286314926e-09, 4.328761281083061e-09, 5.462277217684337e-09, 6.892612104349681e-09, 8.697490026177834e-09, 1.0974987654930568e-08, 1.3848863713938718e-08, 1.747528400007683e-08, 2.2051307399030457e-08, 2.782559402207126e-08, 3.5111917342151277e-08, 4.4306214575838774e-08, 5.5908101825122226e-08, 7.054802310718646e-08, 8.902150854450392e-08, 1.1233240329780266e-07, 1.417474162926805e-07, 1.7886495290574352e-07, 2.2570197196339216e-07, 2.848035868435799e-07, 3.5938136638046254e-07, 4.534878508128582e-07, 5.722367659350221e-07, 7.220809018385457e-07, 9.111627561154887e-07, 1.1497569953977357e-06, 1.4508287784959403e-06, 1.830738280295366e-06, 2.310129700083158e-06, 2.9150530628251757e-06, 3.6783797718286343e-06, 4.641588833612782e-06, 5.857020818056661e-06, 7.390722033525775e-06, 9.3260334688322e-06, 1.1768119524349992e-05, 1.4849682622544636e-05, 1.873817422860383e-05, 2.3644894126454072e-05, 2.9836472402833404e-05, 3.764935806792463e-05, 4.750810162102793e-05, 5.994842503189409e-05, 7.56463327554629e-05, 9.545484566618328e-05, 0.00012045035402587836, 0.0001519911082952933, 0.00019179102616724848, 0.00024201282647943835, 0.00030538555088334125, 0.00038535285937105353, 0.00048626015800653534, 0.0006135907273413163, 0.0007742636826811277, 0.0009770099572992247, 0.0012328467394420635, 0.0015556761439304723, 0.0019630406500402682, 0.002477076355991714, 0.0031257158496882354, 0.003944206059437648, 0.004977023564332114, 0.006280291441834247, 0.007924828983539186, 0.01], "state1:gcv_func": [0.0001971897000436279, 0.00019718851109624635, 0.0001971870113172755, 0.00019718511961055226, 0.0001971827338199911, 0.00019717972531859492, 0.00019717593224153414, 0.000197171151044102, 0.00019716512600239416, 0.00019715753620735626, 0.00019714797953650595, 0.00019713595303286628, 0.00019712082909625295, 0.00019710182692900296, 0.00019707797882762928, 0.00019704809125237468, 0.00019701070125613794, 0.00019696402998280505, 0.0001969059367810677, 0.00019683388030514583, 0.00019674489708049525, 0.00019663561358235996, 0.00019650231472053382, 0.0001963410986962208, 0.00019614815279522167, 0.00019592018138632331, 0.000195654997124888, 0.00019535223669113429, 0.00019501407139904317, 0.00019464564988473906, 0.0001942548643213472, 0.00019385095542939288, 0.00019344160498636255, 0.0001930286574202258, 0.00019260349829877695, 0.00019214415583792391, 0.00019161682294279895, 0.00019098408701997532, 0.00019022047895060412, 0.0001893335603497106, 0.0001883868017363963, 0.00018752000723195906, 0.00018696430399304888, 0.00018705116605441705, 0.00018821758206604582, 0.00019101146248597488, 0.0001961024465138184, 0.00020430381581521345, 0.00021661206586376868, 0.00023427255117173124, 0.00025888270531537256, 0.00029254826674882594, 0.00033811221210942275, 0.00039948076985577555, 0.0004820771176549221, 0.0005934634796469374, 0.0007441895169038958, 0.0009489529601045214, 0.0012282018971782693, 0.0016103722406680073, 0.002135043812657612, 0.0028574174347569302, 0.0038546623467072875, 0.005234850401377578, 0.0071493625707361435, 0.009809787351647042, 0.01351035786531778, 0.01865676952284377, 0.025801603808774793, 0.035685368397664695, 0.049280246801774195, 0.067831101620003, 0.09288536311525865, 0.12630068663645874, 0.17021781281082657, 0.22698828899622409, 0.29905619374660225, 0.3888121463346019, 0.4984628826934585, 0.6299768795467695, 0.7851569900407454, 0.9658455117429207, 1.1742006645270369, 1.4129335432806307, 1.6853973766231658, 1.995483619215499, 2.347371873658674, 2.745251075100428, 3.19313144667012, 3.6947853877249885, 4.25372414049291, 4.873013336323552, 5.554736104220124, 6.2990530605260915, 7.103023886985952, 7.959535396736634, 8.856739067573043, 9.77831389105372, 10.704665942539645, 11.614911400508324], "state1:lambda_lcurve": 6.597928522356886e-09, "state1:gcv_lcurve": [0.00019037419903280257], "state1:min_error_lambda": 8.697490026177834e-09, "state1:min_error_gcv": 0.0001893335603497106, "state1:min_lambda": 1.747528400007683e-08, "state1:min_gcv": 0.00018696430399304888, "state2:lambdas": [1e-12, 1.2618568830660185e-12, 1.5922827933410938e-12, 2.009233002565046e-12, 2.5353644939701167e-12, 3.1992671377973843e-12, 4.03701725859655e-12, 5.094138014816385e-12, 6.428073117284319e-12, 8.111308307896857e-12, 1.0235310218990269e-11, 1.2915496650148827e-11, 1.6297508346206468e-11, 2.0565123083486514e-11, 2.595024211399732e-11, 3.2745491628777315e-11, 4.132012400115335e-11, 5.214008287999674e-11, 6.579332246575682e-11, 8.302175681319735e-11, 1.0476157527896662e-10, 1.3219411484660286e-10, 1.6681005372000558e-10, 2.104904144512022e-10, 2.656087782946684e-10, 3.351602650938848e-10, 4.229242874389499e-10, 5.336699231206302e-10, 6.734150657750828e-10, 8.497534359086438e-10, 1.0722672220103253e-09, 1.3530477745798075e-09, 1.7073526474706886e-09, 2.1544346900318866e-09, 2.71858824273294e-09, 3.430469286314926e-09, 4.328761281083061e-09, 5.462277217684337e-09, 6.892612104349681e-09, 8.697490026177834e-09, 1.0974987654930568e-08, 1.3848863713938718e-08, 1.747528400007683e-08, 2.2051307399030457e-08, 2.782559402207126e-08, 3.5111917342151277e-08, 4.4306214575838774e-08, 5.5908101825122226e-08, 7.054802310718646e-08, 8.902150854450392e-08, 1.1233240329780266e-07, 1.417474162926805e-07, 1.7886495290574352e-07, 2.2570197196339216e-07, 2.848035868435799e-07, 3.5938136638046254e-07, 4.534878508128582e-07, 5.722367659350221e-07, 7.220809018385457e-07, 9.111627561154887e-07, 1.1497569953977357e-06, 1.4508287784959403e-06, 1.830738280295366e-06, 2.310129700083158e-06, 2.9150530628251757e-06, 3.6783797718286343e-06, 4.641588833612782e-06, 5.857020818056661e-06, 7.390722033525775e-06, 9.3260334688322e-06, 1.1768119524349992e-05, 1.4849682622544636e-05, 1.873817422860383e-05, 2.3644894126454072e-05, 2.9836472402833404e-05, 3.764935806792463e-05, 4.750810162102793e-05, 5.994842503189409e-05, 7.56463327554629e-05, 9.545484566618328e-05, 0.00012045035402587836, 0.0001519911082952933, 0.00019179102616724848, 0.00024201282647943835, 0.00030538555088334125, 0.00038535285937105353, 0.00048626015800653534, 0.0006135907273413163, 0.0007742636826811277, 0.0009770099572992247, 0.0012328467394420635, 0.0015556761439304723, 0.0019630406500402682, 0.002477076355991714, 0.0031257158496882354, 0.003944206059437648, 0.004977023564332114, 0.006280291441834247, 0.007924828983539186, 0.01],