{"state1:lambdas": [1e-24, 1.5922827933410873e-24, 2.5353644939701168e-24, 4.03701725859655e-24, 6.428073117284345e-24, 1.0235310218990268e-23, 1.6297508346206402e-23, 2.5950242113997426e-23, 4.1320124001153344e-23, 6.579332246575656e-23, 1.0476157527896662e-22, 1.6681005372000557e-22, 2.6560877829466947e-22, 4.229242874389499e-22, 6.734150657750801e-22, 1.0722672220103254e-21, 1.7073526474706887e-21, 2.718588242732929e-21, 4.328761281083062e-21, 6.892612104349681e-21, 1.097498765493059e-20, 1.747528400007683e-20, 2.782559402207114e-20, 4.4306214575838864e-20, 7.05480231071863e-20, 1.123324032978031e-19, 1.788649529057435e-19, 2.848035868435793e-19, 4.534878508128591e-19, 7.220809018385457e-19, 1.1497569953977403e-18, 1.8307382802953695e-18, 2.9150530628251697e-18, 4.6415888336127915e-18, 7.390722033525775e-18, 1.176811952435004e-17, 1.8738174228603867e-17, 2.983647240283334e-17, 4.750810162102774e-17, 7.56463327554629e-17, 1.2045035402587837e-16, 1.9179102616724849e-16, 3.0538555088334123e-16, 4.862601580065354e-16, 7.742636826811278e-16, 1.2328467394420634e-15, 1.9630406500402685e-15, 3.1257158496882353e-15, 4.977023564332114e-15, 7.924828983539186e-15, 1.2618568830660185e-14, 2.009233002565046e-14, 3.1992671377973845e-14, 5.0941380148163855e-14, 8.111308307896856e-14, 1.2915496650148828e-13, 2.0565123083486516e-13, 3.2745491628777316e-13, 5.214008287999674e-13, 8.302175681319735e-13, 1.3219411484660287e-12, 2.1049041445120218e-12, 3.351602650938834e-12, 5.336699231206302e-12, 8.497534359086438e-12, 1.3530477745798076e-11, 2.1544346900318868e-11, 3.430469286314912e-11, 5.462277217684337e-11, 8.697490026177835e-11, 1.3848863713938747e-10, 2.205130739903041e-10, 3.5111917342151276e-10, 5.590810182512223e-10, 8.902150854450393e-10, 1.4174741629268018e-09, 2.257019719633917e-09, 3.5938136638046257e-09, 5.72236765935022e-09, 9.111627561154868e-09, 1.4508287784959432e-08, 2.310129700083158e-08, 3.6783797718286194e-08, 5.857020818056673e-08, 9.32603346883218e-08, 1.4849682622544696e-07, 2.3644894126454072e-07, 3.764935806792456e-07, 5.994842503189421e-07, 9.545484566618327e-07, 1.519911082952927e-06, 2.4201282647943835e-06, 3.8535285937105195e-06, 6.135907273413188e-06, 9.770099572992246e-06, 1.555676143930466e-05, 2.477076355991714e-05, 3.944206059437648e-05, 6.280291441834272e-05, 0.0001], "state1:gcv_func": [0.02477739045017258, 0.02477739045017258, 0.02477739045017258, 0.02477739045017258, 0.024777390450172573, 0.024777390450172573, 0.024777390450172583, 0.024777390450172566, 0.024777390450172524, 0.02477739045017258, 0.024777390450172524, 0.024777390450172545, 0.024777390450172465, 0.024777390450172337, 0.024777390450172222, 0.024777390450171966, 0.024777390450171605, 0.02477739045017102, 0.02477739045017016, 0.024777390450168676, 0.024777390450166383, 0.02477739045016268, 0.024777390450156755, 0.024777390450147273, 0.024777390450132247, 0.02477739045010844, 0.024777390450070425, 0.024777390450009897, 0.024777390449913506, 0.024777390449760118, 0.024777390449515827, 0.02477739044912682, 0.024777390448507394, 0.024777390447521135, 0.02477739044595077, 0.0247773904434502, 0.02477739043946865, 0.024777390433128873, 0.024777390423034232, 0.024777390406960555, 0.024777390381366986, 0.0247773903406146, 0.024777390275725418, 0.02477739017240331, 0.024777390007885296, 0.024777389745926144, 0.024777389328813165, 0.024777388664651533, 0.024777387607118697, 0.02477738592322818, 0.02477738324200043, 0.024777378972733015, 0.02477737217486565, 0.024777361350773165, 0.024777344115845, 0.024777316673188502, 0.024777272977284628, 0.024777203402483197, 0.024777092623360635, 0.024776916240889124, 0.02477663541348498, 0.0247761883160772, 0.024775476560688077, 0.024774343625178483, 0.02477254063473908, 0.024769672202133868, 0.024765111010649037, 0.02475786386495241, 0.024746363540788865, 0.024728150032032423, 0.024699393851154793, 0.024654210245436382, 0.024583734894708477, 0.024475014780271413, 0.024309962879411288, 0.02406496122869753, 0.02371210616364971, 0.02322336494674283, 0.022578702583927333, 0.021777708340692595, 0.02085012300788711, 0.019855920636501097, 0.018869166268482628, 0.017955152346935063, 0.017158868929931636, 0.016510262787749537, 0.016037198500693326, 0.015779529221941067, 0.015809286982226792, 0.016269643615059434, 0.017449533965384675, 0.019925569439891693, 0.024838068347752446, 0.0344113389452963, 0.05283495969244138, 0.08749945962373146, 0.15021032479426555, 0.2574169005702036, 0.4282186638590652, 0.6804577330323409], "state1:lambda_lcurve": 5.039021380227114e-07, "state1:gcv_lcurve": [0.015757662236120084], "state1:min_error_lambda": 5.994842503189421e-07, "state1:min_error_gcv": 0.015809286982226792, "state1:min_lambda": 3.764935806792456e-07, "state1:min_gcv": 0.015779529221941067, "state2:lambdas": [1e-24, 1.5922827933410873e-24, 2.5353644939701168e-24, 4.03701725859655e-24, 6.428073117284345e-24, 1.0235310218990268e-23, 1.6297508346206402e-23, 2.5950242113997426e-23, 4.1320124001153344e-23, 6.579332246575656e-23, 1.0476157527896662e-22, 1.6681005372000557e-22, 2.6560877829466947e-22, 4.229242874389499e-22, 6.734150657750801e-22, 1.0722672220103254e-21, 1.7073526474706887e-21, 2.718588242732929e-21, 4.328761281083062e-21, 6.892612104349681e-21, 1.097498765493059e-20, 1.747528400007683e-20, 2.782559402207114e-20, 4.4306214575838864e-20, 7.05480231071863e-20, 1.123324032978031e-19, 1.788649529057435e-19, 2.848035868435793e-19, 4.534878508128591e-19, 7.220809018385457e-19, 1.1497569953977403e-18, 1.8307382802953695e-18, 2.9150530628251697e-18, 4.6415888336127915e-18, 7.390722033525775e-18, 1.176811952435004e-17, 1.8738174228603867e-17, 2.983647240283334e-17, 4.750810162102774e-17, 7.56463327554629e-17, 1.2045035402587837e-16, 1.9179102616724849e-16, 3.0538555088334123e-16, 4.862601580065354e-16, 7.742636826811278e-16, 1.2328467394420634e-15, 1.9630406500402685e-15, 3.1257158496882353e-15, 4.977023564332114e-15, 7.924828983539186e-15, 1.2618568830660185e-14, 2.009233002565046e-14, 3.1992671377973845e-14, 5.0941380148163855e-14, 8.111308307896856e-14, 1.2915496650148828e-13, 2.0565123083486516e-13, 3.2745491628777316e-13, 5.214008287999674e-13, 8.302175681319735e-13, 1.3219411484660287e-12, 2.1049041445120218e-12, 3.351602650938834e-12, 5.336699231206302e-12, 8.497534359086438e-12, 1.3530477745798076e-11, 2.1544346900318868e-11, 3.430469286314912e-11, 5.462277217684337e-11, 8.697490026177835e-11, 1.3848863713938747e-10, 2.205130739903041e-10, 3.5111917342151276e-10, 5.590810182512223e-10, 8.902150854450393e-10, 1.4174741629268018e-09, 2.257019719633917e-09, 3.5938136638046257e-09, 5.72236765935022e-09, 9.111627561154868e-09, 1.4508287784959432e-08, 2.310129700083158e-08, 3.6783797718286194e-08, 5.857020818056673e-08, 9.32603346883218e-08, 1.4849682622544696e-07, 2.3644894126454072e-07, 3.764935806792456e-07, 5.994842503189421e-07, 9.545484566618327e-07, 1.519911082952927e-06, 2.4201282647943835e-06, 3.8535285937105195e-06, 6.135907273413188e-06, 9.770099572992246e-06, 1.555676143930466e-05, 2.477076355991714e-05, 3.944206059437648e-05, 6.280291441834272e-05, 0.0001],