{"state1:lambdas": [1e-12, 1.2618568830660185e-12, 1.5922827933410938e-12, 2.009233002565046e-12, 2.5353644939701167e-12, 3.1992671377973843e-12, 4.03701725859655e-12, 5.094138014816385e-12, 6.428073117284319e-12, 8.111308307896857e-12, 1.0235310218990269e-11, 1.2915496650148827e-11, 1.6297508346206468e-11, 2.0565123083486514e-11, 2.595024211399732e-11, 3.2745491628777315e-11, 4.132012400115335e-11, 5.214008287999674e-11, 6.579332246575682e-11, 8.302175681319735e-11, 1.0476157527896662e-10, 1.3219411484660286e-10, 1.6681005372000558e-10, 2.104904144512022e-10, 2.656087782946684e-10, 3.351602650938848e-10, 4.229242874389499e-10, 5.336699231206302e-10, 6.734150657750828e-10, 8.497534359086438e-10, 1.0722672220103253e-09, 1.3530477745798075e-09, 1.7073526474706886e-09, 2.1544346900318866e-09, 2.71858824273294e-09, 3.430469286314926e-09, 4.328761281083061e-09, 5.462277217684337e-09, 6.892612104349681e-09, 8.697490026177834e-09, 1.0974987654930568e-08, 1.3848863713938718e-08, 1.747528400007683e-08, 2.2051307399030457e-08, 2.782559402207126e-08, 3.5111917342151277e-08, 4.4306214575838774e-08, 5.5908101825122226e-08, 7.054802310718646e-08, 8.902150854450392e-08, 1.1233240329780266e-07, 1.417474162926805e-07, 1.7886495290574352e-07, 2.2570197196339216e-07, 2.848035868435799e-07, 3.5938136638046254e-07, 4.534878508128582e-07, 5.722367659350221e-07, 7.220809018385457e-07, 9.111627561154887e-07, 1.1497569953977357e-06, 1.4508287784959403e-06, 1.830738280295366e-06, 2.310129700083158e-06, 2.9150530628251757e-06, 3.6783797718286343e-06, 4.641588833612782e-06, 5.857020818056661e-06, 7.390722033525775e-06, 9.3260334688322e-06, 1.1768119524349992e-05, 1.4849682622544636e-05, 1.873817422860383e-05, 2.3644894126454072e-05, 2.9836472402833404e-05, 3.764935806792463e-05, 4.750810162102793e-05, 5.994842503189409e-05, 7.56463327554629e-05, 9.545484566618328e-05, 0.00012045035402587836, 0.0001519911082952933, 0.00019179102616724848, 0.00024201282647943835, 0.00030538555088334125, 0.00038535285937105353, 0.00048626015800653534, 0.0006135907273413163, 0.0007742636826811277, 0.0009770099572992247, 0.0012328467394420635, 0.0015556761439304723, 0.0019630406500402682, 0.002477076355991714, 0.0031257158496882354, 0.003944206059437648, 0.004977023564332114, 0.006280291441834247, 0.007924828983539186, 0.01], "state1:gcv_func": [2.3510237944363136e-06, 2.3510100273484766e-06, 2.35099279602336e-06, 2.350971276595069e-06, 2.350944478672848e-06, 2.3509112307744703e-06, 2.3508701790282233e-06, 2.3508198126468205e-06, 2.3507585389874826e-06, 2.3506848462021276e-06, 2.3505976157140144e-06, 2.350496685571408e-06, 2.350383826925115e-06, 2.3502643921843455e-06, 2.350150043214538e-06, 2.3500631991188012e-06, 2.3500441952490237e-06, 2.3501626738078555e-06, 2.3505355046583054e-06, 2.3513546514154955e-06, 2.3529299430837705e-06, 2.355753741558596e-06, 2.3605969547121324e-06, 2.3686484198778803e-06, 2.381711569193492e-06, 2.4024718799166743e-06, 2.434843230968355e-06, 2.484387284748397e-06, 2.5587739255924624e-06, 2.6682124518737345e-06, 2.8257413782670693e-06, 3.0472434399255054e-06, 3.351092355112619e-06, 3.7574820246015383e-06, 4.287745869772119e-06, 4.9642738009087375e-06, 5.811819194051626e-06, 6.8608872997220384e-06, 8.153465508771587e-06, 9.750771399648153e-06, 1.174228619207708e-05, 1.4255388914695977e-05, 1.7465469469663512e-05, 2.1607305821296643e-05, 2.6989459695971266e-05, 3.4014234033547665e-05, 4.320628171293835e-05, 5.5253470434977805e-05, 7.106452521988414e-05, 9.184970399927203e-05, 0.00011923347953082072, 0.00015541185842062944, 0.00020337165380576792, 0.00026719531748276503, 0.00035248396985502437, 0.00046694460156687537, 0.0006212070157424835, 0.0008299646311287249, 0.0011135747485680953, 0.0015003137524749425, 0.002029567206418619, 0.0027563489808299373, 0.003757688367283938, 0.005141592922753948, 0.0070594689317568455, 0.009723022373358158, 0.013426697737688315, 0.018576513350047164, 0.025725538818465985, 0.035615042045078454, 0.04921840429181207, 0.0677823316163192, 0.09285695269845656, 0.12630362091754974, 0.17026777496036066, 0.22710644248966433, 0.29926949112105905, 0.38915294294885544, 0.49896775909927693, 0.6306847694682416, 0.7861069007702693, 0.9670742201737904, 1.175740726916076, 1.414811806204977, 1.6876340207849023, 1.9980916954724248, 2.3503573103282926, 2.748613174936313, 3.1968638646115584, 3.6988774605943786, 4.2581622853152306, 4.877782148225084, 5.559818848131533, 6.304431466149784, 7.108677439081305, 7.965440530727147, 8.862868727235089, 9.784637762864898, 10.711151429872004, 11.621525162696559], "state1:lambda_lcurve": 3.1243518502004725e-12, "state1:gcv_lcurve": [2.350914950828512e-06], "state1:min_error_lambda": 1.0235310218990269e-11, "state1:min_error_gcv": 2.3505976157140144e-06, "state1:min_lambda": 4.132012400115335e-11, "state1:min_gcv": 2.3500441952490237e-06, "state2:lambdas": [1e-12, 1.2618568830660185e-12, 1.5922827933410938e-12, 2.009233002565046e-12, 2.5353644939701167e-12, 3.1992671377973843e-12, 4.03701725859655e-12, 5.094138014816385e-12, 6.428073117284319e-12, 8.111308307896857e-12, 1.0235310218990269e-11, 1.2915496650148827e-11, 1.6297508346206468e-11, 2.0565123083486514e-11, 2.595024211399732e-11, 3.2745491628777315e-11, 4.132012400115335e-11, 5.214008287999674e-11, 6.579332246575682e-11, 8.302175681319735e-11, 1.0476157527896662e-10, 1.3219411484660286e-10, 1.6681005372000558e-10, 2.104904144512022e-10, 2.656087782946684e-10, 3.351602650938848e-10, 4.229242874389499e-10, 5.336699231206302e-10, 6.734150657750828e-10, 8.497534359086438e-10, 1.0722672220103253e-09, 1.3530477745798075e-09, 1.7073526474706886e-09, 2.1544346900318866e-09, 2.71858824273294e-09, 3.430469286314926e-09, 4.328761281083061e-09, 5.462277217684337e-09, 6.892612104349681e-09, 8.697490026177834e-09, 1.0974987654930568e-08, 1.3848863713938718e-08, 1.747528400007683e-08, 2.2051307399030457e-08, 2.782559402207126e-08, 3.5111917342151277e-08, 4.4306214575838774e-08, 5.5908101825122226e-08, 7.054802310718646e-08, 8.902150854450392e-08, 1.1233240329780266e-07, 1.417474162926805e-07, 1.7886495290574352e-07, 2.2570197196339216e-07, 2.848035868435799e-07, 3.5938136638046254e-07, 4.534878508128582e-07, 5.722367659350221e-07, 7.220809018385457e-07, 9.111627561154887e-07, 1.1497569953977357e-06, 1.4508287784959403e-06, 1.830738280295366e-06, 2.310129700083158e-06, 2.9150530628251757e-06, 3.6783797718286343e-06, 4.641588833612782e-06, 5.857020818056661e-06, 7.390722033525775e-06, 9.3260334688322e-06, 1.1768119524349992e-05, 1.4849682622544636e-05, 1.873817422860383e-05, 2.3644894126454072e-05, 2.9836472402833404e-05, 3.764935806792463e-05, 4.750810162102793e-05, 5.994842503189409e-05, 7.56463327554629e-05, 9.545484566618328e-05, 0.00012045035402587836, 0.0001519911082952933, 0.00019179102616724848, 0.00024201282647943835, 0.00030538555088334125, 0.00038535285937105353, 0.00048626015800653534, 0.0006135907273413163, 0.0007742636826811277, 0.0009770099572992247, 0.0012328467394420635, 0.0015556761439304723, 0.0019630406500402682, 0.002477076355991714, 0.0031257158496882354, 0.003944206059437648, 0.004977023564332114, 0.006280291441834247, 0.007924828983539186, 0.01],