{"state1:residual": [0.11146358048197683, 0.11146358084231177, 0.11146358141594327, 0.11146358232907601, 0.11146358378253456, 0.11146358609583848, 0.11146358977723635, 0.11146359563497656, 0.11146360495395323, 0.11146361977594113, 0.111463643343728, 0.1114636808041243, 0.11146374031904965, 0.11146383481809162, 0.11146398475602849, 0.11146422243798766, 0.11146459877637066, 0.11146519379348546, 0.11146613284159176, 0.11146761144816676, 0.11146993297613804, 0.11147356494600277, 0.11147922181699732, 0.11148798393633222, 0.1115014634374491, 0.11152202652917893, 0.11155307525289022, 0.1115993767911007, 0.11166740121077391, 0.11176558844908531, 0.11190441999229192, 0.11209614240082359, 0.1123540177204539, 0.11269110327642114, 0.11311880357219155, 0.11364572869451088, 0.11427758926360945, 0.11501879172477093, 0.1158760173246449, 0.11686352094703176, 0.11800944834633642, 0.11936235068073128, 0.12099726532183852, 0.12302103472107616, 0.1255767267815924, 0.12884701087954134, 0.13305625149356817, 0.13847119414085807, 0.14540072137603147, 0.15419624589840603, 0.16525536898975438, 0.17903160156183243, 0.19605165128824062, 0.21693940988147487, 0.24244364086665648, 0.27346584461753154, 0.31108634265810575, 0.35658959156383485, 0.41149274796224705, 0.4775832649261996, 0.5569710754860892, 0.6521586518706021, 0.7661283801975918, 0.9024420158121526, 1.0653422842035556, 1.2598424881150974, 1.4917862747334087, 1.7678562641734594, 2.0955075434201254, 2.4828022091417763, 2.9381270754103226, 3.4697891039103865, 4.085498893094611, 4.791768045316995, 5.593264764630211, 6.492205661777239, 7.487917677051044, 8.576761709565314, 9.75261282233909, 11.007979692185252, 12.335612068029747, 13.730178502211276, 15.189452971371372, 16.714553309796038, 18.30912307903566, 19.977787969906334, 21.724522167230585, 23.551557300453176, 25.459136652234736, 27.44591457286017, 29.509392385324745, 31.645715021882744, 33.84850116756249, 36.10696601928191, 38.40408262128695, 40.715646301130256, 43.01083204363431, 45.254350932478374, 47.40983637777275, 49.443760318827614], "state1:regularizer": [9143.894280716175, 9143.821446632313, 9143.729560219243, 9143.613644196246, 9143.467424869476, 9143.282996744845, 9143.050401730286, 9142.757101979068, 9142.387320765942, 9141.921220401595, 9141.333880127844, 9140.59403048111, 9139.662494298109, 9138.490279409003, 9137.016265955403, 9135.164435230297, 9132.840601837226, 9129.928644334124, 9126.28629246296, 9121.7406372244, 9116.083704041337, 9109.068693430498, 9100.407871400612, 9089.773593937505, 9076.804551241936, 9061.119917304342, 9042.344457542795, 9020.147363103952, 8994.296029337615, 8964.7224947331, 8931.594448697479, 8895.375285373826, 8856.851148422134, 8817.101770792324, 8777.400992286975, 8739.053528453811, 8703.200893460904, 8670.648256390545, 8641.762491708118, 8616.467339422617, 8594.326400164993, 8574.677198874127, 8556.771735781878, 8539.889609639953, 8523.408700652948, 8506.834977063756, 8489.801944974257, 8472.051822287809, 8453.40780335414, 8433.743128532447, 8412.950141430423, 8390.911570683616, 8367.476244263862, 8342.441317128054, 8315.542215536048, 8286.449913612003, 8254.773432198188, 8220.064238148254, 8181.818884090039, 8139.47677505736, 8092.41119785574, 8039.913463569504, 7981.171912488151, 7915.249277117523, 7841.063188437715, 7757.375349383004, 7662.795283597801, 7555.804856255515, 7434.809803721953, 7298.2234674402125, 7144.584782503423, 6972.707228700171, 6781.849282285087, 6571.891457588838, 6343.499676009788, 6098.246474040901, 5838.649622449448, 5568.0797307763405, 5290.500634854011, 5010.051728393702, 4730.551341300178, 4455.058402412802, 4185.63150098938, 3923.3541015803976, 3668.585132849125, 3421.3075497687655, 3181.4295867347023, 2948.944912575838, 2723.94247335362, 2506.529279804054, 2296.758134895363, 2094.6296149373093, 1900.1815305286318, 1713.6240756146144, 1535.454840973747, 1366.5011631482814, 1207.8709504490764, 1060.824922517939, 926.6017051479591, 806.2327321733446], "state1:res_corner": 0.11570561781885363, "state1:reg_corner": 8646.90726446293, "state1:res_min": 0.11686352094703176, "state1:reg_min": 8616.467339422617, "state1:res_gcv": 0.12099726532183852, "state1:reg_gcv": 8556.771735781878, "state2:residual": [0.09952306998331067, 0.09952307005271745, 0.09952307016322838, 0.0995230703391769, 0.09952307061930743, 0.09952307106529235, 0.09952307177530656, 0.09952307290560827, 0.09952307470487717, 0.09952307756884347, 0.09952308212712056, 0.09952308938123752, 0.0995231009239203, 0.09952311928724222, 0.09952314849497294, 0.09952319493808999, 0.09952326876079384, 0.09952338605159626, 0.09952357230044245, 0.09952386784086874, 0.09952433639176471, 0.09952507841526573, 0.09952625191148026, 0.09952810460778488, 0.09953102343917557, 0.09953560995464286, 0.09954279402414624, 0.09955400309727827, 0.09957141022402329, 0.0995982906399989, 0.09963952281922447, 0.09970227342904356, 0.09979690349933586, 0.09993812192295992, 0.10014639060304044, 0.10044955802965967, 0.10088468222544007, 0.10150003321547713, 0.10235738101217258, 0.10353490238837626, 0.10513135388953192, 0.10727247323744457, 0.11012076493112889, 0.11388977974646877, 0.11886359735342578, 0.12542135226484907, 0.1340653215956288, 0.14544977024788405, 0.160407469483927, 0.17997262475207168, 0.20540258273895082, 0.23820376305246577, 0.2801668907850426, 0.3334122935438638, 0.4004403103242975, 0.48417773565488637, 0.588009690330396, 0.7157865918892513, 0.8717970813546282, 1.0606997790483916, 1.2874102598606332, 1.5569454763022181, 1.8742364002288947, 2.2439304330457444, 2.670216645346425, 3.1567166929772332, 3.706489226067214, 4.322192581946613, 5.006437114895158, 5.762333832453329, 6.594210130161526, 7.50841393854813, 8.5140581527633, 9.62346869653713, 10.852026270029588, 12.217116108898534, 13.736112640739437, 15.423728440444117, 17.28948574651131, 19.33624711169193, 21.56046478691095, 23.954119431413083, 26.507521678659867, 29.211651987753655, 32.05881079883166, 35.04106642672997, 38.147031299533104, 41.35836797967469, 44.647660860976515, 47.97873891876433, 51.30948835343887, 54.59620927356462, 57.798115017459615, 60.88075684283254, 63.817750625802226, 66.59083691094334, 69.18876366069651, 71.60564902911591, 73.83939447606623, 75.89048348969901],