{"state1:residual": [0.012170807365690362, 0.012170808461928891, 0.012170810207096957, 0.012170812985189064, 0.012170817407273262, 0.01217082444562483, 0.012170835646923527, 0.012170853471024817, 0.012170881828865101, 0.01217092693606456, 0.01217099866612, 0.012171112693300524, 0.01217129388095082, 0.012171581629185574, 0.012172038294967238, 0.012172762409884123, 0.012173909349147239, 0.01217572349246028, 0.012178587947129867, 0.012183100788862217, 0.012190190703224777, 0.012201289903275658, 0.012218587814516724, 0.012245393768605232, 0.01228663733300447, 0.012349524102840584, 0.012444331656575337, 0.012585260931457426, 0.01279114413311849, 0.013085669920600444, 0.013496696897613665, 0.014054333984205185, 0.014787912161531842, 0.015722702306890022, 0.016877854404978687, 0.018267006830113848, 0.019902163972740375, 0.021800193692274743, 0.02399032015755344, 0.0265206798841008, 0.02946238322503362, 0.03291039483052476, 0.03698165461603268, 0.041811858789057355, 0.047552807107266316, 0.05437195899269049, 0.06245500173707403, 0.07201135433914649, 0.08328210016843385, 0.09654993315976042, 0.11215100456211981, 0.13048873138864145, 0.15204960147349514, 0.17742096492324747, 0.20731094153061333, 0.24257094021632802, 0.2842217747984565, 0.3334848528707503, 0.3918203524448575, 0.46097461203639706, 0.5430389298704943, 0.6405212114993944, 0.7564300265711925, 0.8943675097144328, 1.0586234726846206, 1.2542586267105855, 1.4871603115942547, 1.764049756027588, 2.0924164097746303, 2.4803545318168467, 2.936282947129839, 3.4685415047153527, 4.084874038976772, 4.7918237073766345, 5.594085568936384, 6.493895125554036, 7.49058752393792, 8.58051968262176, 9.75755062022399, 11.014162657241505, 12.343071842583303, 13.738909206986254, 15.199410826357918, 16.725659245902502, 18.321267816112034, 19.990839087031933, 21.73833262846542, 23.56597464442469, 25.474011765902574, 27.461108906368043, 29.524782759647202, 31.661195746919716, 33.86398380452759, 36.12237757965921, 38.41936317637955, 40.730746853977195, 43.02571315055334, 45.26898210826289, 47.42419597280693, 49.4578354470406], "state1:regularizer": [8752.506474004174, 8752.482996280407, 8752.453377052248, 8752.416011851987, 8752.368878275243, 8752.309427843848, 8752.23445031935, 8752.139903705844, 8752.02070167138, 8751.870448370912, 8751.681108683364, 8751.442599771519, 8751.14228779475, 8750.764371886235, 8750.289136719375, 8749.692056086607, 8748.94273442691, 8748.003683518253, 8746.828951050324, 8745.362651361718, 8743.537502573286, 8741.273556029148, 8738.477420140402, 8735.042433809193, 8730.850425200106, 8725.775866286018, 8719.693328262041, 8712.489027375721, 8704.076739787206, 8694.417264340731, 8683.538849620976, 8671.553837597092, 8658.665023531928, 8645.155235005948, 8631.35670428378, 8617.603094546104, 8604.174502233673, 8591.250514070773, 8578.885026158505, 8567.008908734708, 8555.45655598507, 8544.005090510167, 8532.413437076877, 8520.451913936959, 8507.918501326552, 8494.642771606834, 8480.48119280034, 8465.30802597441, 8449.00500762261, 8431.451462699764, 8412.515321929202, 8392.045069743403, 8369.862690469312, 8345.757746196903, 8319.48254433669, 8290.747997015857, 8259.219443983515, 8224.51153214427, 8186.181215358623, 8143.718030942156, 8096.531078015925, 8043.932691829718, 7985.119756120876, 7919.1548362637795, 7844.95060561398, 7761.262146511223, 7666.692597302836, 7559.718351229271, 7438.740352868399, 7302.167145166006, 7148.532186565954, 6976.642504513787, 6785.749390011459, 6575.726186036068, 6347.23272217954, 6101.837648706241, 5842.057972569839, 5571.2671371762735, 5293.435297390387, 5012.710937810403, 4732.923078488974, 4457.141573083873, 4187.434923615261, 3924.8946097214084, 3669.885249581643, 3422.3931381070365, 3182.327744328332, 2949.6822473737893, 2724.5438150954783, 2507.016843050007, 2297.1511215062164, 2094.944206208738, 1900.4311743211613, 1713.8199407309462, 1535.6063076612716, 1366.6162485046448, 1207.9566176188266, 1060.8872716354215, 926.646074859318, 806.2637482435113], "state1:res_corner": 0.01217082357000442, "state1:reg_corner": 8752.316134858656, "state1:res_min": 0.01217099866612, "state1:reg_min": 8751.681108683364, "state1:res_gcv": 0.012173909349147239, "state1:reg_gcv": 8748.94273442691, "state2:residual": [0.012927591659174374, 0.012927592298403661, 0.012927593316116027, 0.012927594936357265, 0.012927597515773557, 0.01292760162195933, 0.012927608158239177, 0.012927618561956733, 0.012927635119815395, 0.012927661468930624, 0.01292770339270006, 0.012927770084002097, 0.012927876148584878, 0.012928044778856994, 0.012928312775315039, 0.012928738477545729, 0.012929414263725725, 0.012930486196186015, 0.012932184790324012, 0.012934872989057905, 0.01293912053389786, 0.012945818401590887, 0.012956353196464914, 0.012972869567540818, 0.012998658523570223, 0.013038719290380392, 0.013100547740080785, 0.013195196377561225, 0.013338613756700611, 0.013553183756133088, 0.01386923091656193, 0.014326054386126707, 0.014971896977749217, 0.01586234241259598, 0.0170571497197057, 0.018616401034425793, 0.020597573709845846, 0.023055209132738938, 0.026044227691200933, 0.029627138262836757, 0.03388479071203934, 0.038929865531385735, 0.044921870836253396, 0.05208221608342274, 0.06070831077108919, 0.07118670032907395, 0.08400664243293392, 0.09977661120597571, 0.1192464875969864, 0.1433375461405511, 0.17318104197972817, 0.2101646288004251, 0.2559842984630494, 0.312698141964376, 0.3827769559508501, 0.46914550031076363, 0.5752070992180484, 0.7048435004120739, 0.8623818770965019, 1.0525221305899986, 1.2802208632495078, 1.5505340952670927, 1.868429198683368, 2.2385871422814336, 2.665227591684581, 3.1519993510198496, 3.701983983590796, 4.317857877259681, 5.002244843311736, 5.75826649204387, 6.5902611340756545, 7.504591645832087, 8.510392658355284, 9.620018850973894, 10.848883501427599, 12.214401961691708, 13.733968625443387, 15.422299257059604, 17.288899153385756, 19.33659468547889, 21.56178729319408, 23.956399052891584, 26.51068176114815, 29.21556376508071, 32.06330576515168, 35.04595244601143, 38.152110103968646, 41.36345156987155, 44.65258470011276, 47.9833707072514, 51.31373225640144, 54.600006316512456, 57.80144072626208, 60.88361714313545, 63.82017675951909, 66.59287987222093, 69.19048848496062, 71.60712917779753, 73.8407065072522, 75.89170216947915],