{"state1:lambdas": [1e-08, 1.204503540258781e-08, 1.4508287784959402e-08, 1.747528400007683e-08, 2.104904144512022e-08, 2.5353644939701113e-08, 3.053855508833412e-08, 3.678379771828634e-08, 4.4306214575838774e-08, 5.3366992312063125e-08, 6.42807311728432e-08, 7.742636826811277e-08, 9.3260334688322e-08, 1.1233240329780266e-07, 1.3530477745798075e-07, 1.6297508346206436e-07, 1.9630406500402725e-07, 2.3644894126454072e-07, 2.848035868435805e-07, 3.4304692863149193e-07, 4.1320124001153343e-07, 4.977023564332114e-07, 5.994842503189409e-07, 7.220809018385472e-07, 8.697490026177835e-07, 1.0476157527896663e-06, 1.261856883066021e-06, 1.519911082952933e-06, 1.8307382802953698e-06, 2.2051307399030456e-06, 2.656087782946684e-06, 3.1992671377973847e-06, 3.853528593710536e-06, 4.641588833612782e-06, 5.590810182512223e-06, 6.7341506577508285e-06, 8.111308307896873e-06, 9.770099572992246e-06, 1.1768119524349992e-05, 1.4174741629268077e-05, 1.7073526474706923e-05, 2.0565123083486515e-05, 2.477076355991714e-05, 2.9836472402833404e-05, 3.5938136638046256e-05, 4.328761281083062e-05, 5.214008287999695e-05, 6.28029144183426e-05, 7.56463327554629e-05, 9.111627561154906e-05, 0.00010974987654930568, 0.00013219411484660315, 0.0001592282793341094, 0.00019179102616724886, 0.00023101297000831627, 0.0002782559402207126, 0.00033516026509388476, 0.0004037017258596558, 0.00048626015800653534, 0.0005857020818056673, 0.0007054802310718645, 0.0008497534359086455, 0.001023531021899027, 0.0012328467394420685, 0.0014849682622544665, 0.001788649529057435, 0.002154434690031887, 0.002595024211399737, 0.0031257158496882415, 0.0037649358067924714, 0.004534878508128591, 0.005462277217684349, 0.006579332246575682, 0.007924828983539186, 0.009545484566618348, 0.01149756995397738, 0.013848863713938746, 0.016681005372000592, 0.0200923300256505, 0.024201282647943835, 0.029150530628251816, 0.03511191734215135, 0.04229242874389508, 0.05094138014816386, 0.061359072734131756, 0.0739072203352579, 0.08902150854450393, 0.10722672220103253, 0.12915496650148853, 0.15556761439304753, 0.18738174228603868, 0.22570197196339215, 0.27185882427329455, 0.3274549162877732, 0.39442060594376643, 0.4750810162102803, 0.572236765935022, 0.6892612104349709, 0.8302175681319752, 1.0], "state1:gcv_func": [2.003489960330866, 1.9708314218266747, 1.9367560212438573, 1.9016690744863671, 1.866010710039473, 1.8302279291528023, 1.794747937811832, 1.7599563838169259, 1.7261825836661886, 1.6936920402619347, 1.6626851753107417, 1.6333005651800554, 1.6056210093557604, 1.5796811513014504, 1.5554757773181132, 1.5329681720709087, 1.5120980272116706, 1.4927884852158, 1.4749520330658163, 1.4584951493306688, 1.4433218135319865, 1.4293361570521195, 1.416444630173564, 1.4045580605495904, 1.393593893023333, 1.3834787678383125, 1.3741514665710044, 1.36556617158032, 1.357695956942725, 1.3505364550682701, 1.3441097323136093, 1.3384685771538702, 1.3337016469995657, 1.3299401573910659, 1.327366886363614, 1.3262280618062952, 1.3268481477137068, 1.3296467409121913, 1.335155940414778, 1.3440358668745522, 1.3570855938934743, 1.3752465859499026, 1.3995957781288295, 1.4313257895788671, 1.4717108047388496, 1.5220589127884603, 1.5836554717599092, 1.6577068915598514, 1.7452985084499344, 1.8473814967524345, 1.964799837271951, 2.098358844332952, 2.248924040879793, 2.4175279441053283, 2.6054575024297404, 2.814299180135721, 3.045931014967755, 3.3024670808314363, 3.586173802955459, 3.89938405858696, 4.244430610799188, 4.623605252098239, 5.03912849566361, 5.493095139490772, 5.9873532982550195, 6.523285107205929, 7.101485475868729, 7.721372240181045, 8.380793951329078, 9.075719408184703, 9.800090988460425, 10.545902902103531, 11.303530011798696, 12.062288814092902, 12.811167797396756, 13.539630609281074, 14.238383000687506, 14.900008418967849, 15.519412996797213, 16.09406618172721, 16.62406401201613, 17.112067817133347, 17.563178381697384, 17.984796225287052, 18.386496822155824, 18.77991958468372, 19.17863530017933, 19.597923480138828, 20.054366414905285, 20.565161456054593, 21.14707939331866, 21.815063405628532, 22.580567396507895, 23.449853723207053, 24.42256856848837, 25.490940637197035, 26.639872125072035, 27.84801411090391, 29.08969151337093, 30.337343009205664], "state1:lambda_lcurve": 8.680624018639604e-06, "state1:gcv_lcurve": [1.32759065208475], "state1:min_error_lambda": 6.7341506577508285e-06, "state1:min_error_gcv": 1.3262280618062952, "state1:min_lambda": 6.7341506577508285e-06, "state1:min_gcv": 1.3262280618062952, "state2:lambdas": [1e-08, 1.204503540258781e-08, 1.4508287784959402e-08, 1.747528400007683e-08, 2.104904144512022e-08, 2.5353644939701113e-08, 3.053855508833412e-08, 3.678379771828634e-08, 4.4306214575838774e-08, 5.3366992312063125e-08, 6.42807311728432e-08, 7.742636826811277e-08, 9.3260334688322e-08, 1.1233240329780266e-07, 1.3530477745798075e-07, 1.6297508346206436e-07, 1.9630406500402725e-07, 2.3644894126454072e-07, 2.848035868435805e-07, 3.4304692863149193e-07, 4.1320124001153343e-07, 4.977023564332114e-07, 5.994842503189409e-07, 7.220809018385472e-07, 8.697490026177835e-07, 1.0476157527896663e-06, 1.261856883066021e-06, 1.519911082952933e-06, 1.8307382802953698e-06, 2.2051307399030456e-06, 2.656087782946684e-06, 3.1992671377973847e-06, 3.853528593710536e-06, 4.641588833612782e-06, 5.590810182512223e-06, 6.7341506577508285e-06, 8.111308307896873e-06, 9.770099572992246e-06, 1.1768119524349992e-05, 1.4174741629268077e-05, 1.7073526474706923e-05, 2.0565123083486515e-05, 2.477076355991714e-05, 2.9836472402833404e-05, 3.5938136638046256e-05, 4.328761281083062e-05, 5.214008287999695e-05, 6.28029144183426e-05, 7.56463327554629e-05, 9.111627561154906e-05, 0.00010974987654930568, 0.00013219411484660315, 0.0001592282793341094, 0.00019179102616724886, 0.00023101297000831627, 0.0002782559402207126, 0.00033516026509388476, 0.0004037017258596558, 0.00048626015800653534, 0.0005857020818056673, 0.0007054802310718645, 0.0008497534359086455, 0.001023531021899027, 0.0012328467394420685, 0.0014849682622544665, 0.001788649529057435, 0.002154434690031887, 0.002595024211399737, 0.0031257158496882415, 0.0037649358067924714, 0.004534878508128591, 0.005462277217684349, 0.006579332246575682, 0.007924828983539186, 0.009545484566618348, 0.01149756995397738, 0.013848863713938746, 0.016681005372000592, 0.0200923300256505, 0.024201282647943835, 0.029150530628251816, 0.03511191734215135, 0.04229242874389508, 0.05094138014816386, 0.061359072734131756, 0.0739072203352579, 0.08902150854450393, 0.10722672220103253, 0.12915496650148853, 0.15556761439304753, 0.18738174228603868, 0.22570197196339215, 0.27185882427329455, 0.3274549162877732, 0.39442060594376643, 0.4750810162102803, 0.572236765935022, 0.6892612104349709, 0.8302175681319752, 1.0],