{"state1:bandwidth": [0.03, 0.04, 0.05, 0.060000000000000005, 0.07, 0.08000000000000002, 0.09000000000000001, 0.1, 0.11000000000000001, 0.12000000000000002, 0.13, 0.14, 0.15000000000000002, 0.16000000000000003, 0.17, 0.18000000000000002, 0.19000000000000003, 0.20000000000000004, 0.21000000000000005, 0.22000000000000003, 0.23000000000000004, 0.24000000000000005, 0.25, 0.26, 0.27, 0.28, 0.29000000000000004, 0.30000000000000004, 0.31000000000000005, 0.32000000000000006, 0.33000000000000007, 0.3400000000000001, 0.3500000000000001, 0.3600000000000001, 0.3700000000000001, 0.3800000000000001, 0.3900000000000001, 0.4, 0.41000000000000003, 0.42000000000000004, 0.43000000000000005, 0.44000000000000006, 0.45000000000000007, 0.4600000000000001, 0.4700000000000001, 0.4800000000000001, 0.4900000000000001, 0.5000000000000001, 0.5100000000000001, 0.5200000000000001, 0.5300000000000001, 0.5400000000000001, 0.5500000000000002, 0.5600000000000002, 0.5700000000000002, 0.5800000000000002, 0.5900000000000001, 0.6000000000000001, 0.6100000000000001, 0.6200000000000001, 0.6300000000000001, 0.6400000000000001, 0.6500000000000001], "state1:gcv_func": [0.0020473849198181632, 0.0018838228830745424, 0.005902846288061607, 0.006808630894636672, 0.018301425708460793, 0.025596039258246474, 0.05132481665594544, 0.07302580573996255, 0.12069284806940503, 0.16844235881291023, 0.23257854329854327, 0.31889571420256285, 0.4394701103693588, 0.5897360075745264, 0.7839307980137128, 1.0170131865657013, 1.3064628114935075, 1.628683642114062, 2.0062746338525117, 2.3615918971166483, 2.8135053644651418, 3.2882412403581465, 3.5303164047049753, 4.0650382893189665, 4.603757326377658, 5.181748494255009, 5.760722682861741, 6.34590088156397, 6.937097621373566, 7.531418770086825, 8.126421316410646, 8.720041548108854, 9.303003704215731, 9.886854995033215, 10.446587122736231, 11.00520442951454, 11.55518958320381, 12.102739823819249, 12.642476255751525, 13.178411192532801, 13.706221857400884, 14.23749473304577, 14.773072683917908, 15.324786465744369, 15.893308732889954, 16.47822407986659, 17.07772708243739, 17.70207883793743, 18.337891386857066, 19.005289549767085, 19.67529562840263, 20.386423972560028, 21.077920308642835, 21.77499025921268, 22.473488015592974, 23.160218397189333, 23.396434921553066, 24.080316981581742, 24.754595207947972, 25.412289590022613, 26.052958328439665, 26.67068865236393, 27.264965717706087], "state1:min_error_h": 0.03, "state1:min_error_gcv": 0.0020473849198181632, "state1:min_gcv_h": 0.04, "state1:min_gcv": 0.0018838228830745424, "state2:bandwidth": [0.03, 0.04, 0.05, 0.060000000000000005, 0.07, 0.08000000000000002, 0.09000000000000001, 0.1, 0.11000000000000001, 0.12000000000000002, 0.13, 0.14, 0.15000000000000002, 0.16000000000000003, 0.17, 0.18000000000000002, 0.19000000000000003, 0.20000000000000004, 0.21000000000000005, 0.22000000000000003, 0.23000000000000004, 0.24000000000000005, 0.25, 0.26, 0.27, 0.28, 0.29000000000000004, 0.30000000000000004, 0.31000000000000005, 0.32000000000000006, 0.33000000000000007, 0.3400000000000001, 0.3500000000000001, 0.3600000000000001, 0.3700000000000001, 0.3800000000000001, 0.3900000000000001, 0.4, 0.41000000000000003, 0.42000000000000004, 0.43000000000000005, 0.44000000000000006, 0.45000000000000007, 0.4600000000000001, 0.4700000000000001, 0.4800000000000001, 0.4900000000000001, 0.5000000000000001, 0.5100000000000001, 0.5200000000000001, 0.5300000000000001, 0.5400000000000001, 0.5500000000000002, 0.5600000000000002, 0.5700000000000002, 0.5800000000000002, 0.5900000000000001, 0.6000000000000001, 0.6100000000000001, 0.6200000000000001, 0.6300000000000001, 0.6400000000000001, 0.6500000000000001], "state2:gcv_func": [0.010351471430230871, 0.004487575998524023, 0.020540853813262108, 0.0215440375847432, 0.06735142606065646, 0.0992154286354612, 0.2906466715923352, 0.42255255534258424, 0.9197710877031697, 1.2106254120582582, 1.98998259007364, 2.52979710328758, 3.3883408623236035, 4.154571388113115, 5.14956432301218, 5.990138698467211, 7.111418586687876, 8.105117824670815, 9.31277434030123, 10.39809047369681, 11.784377678849202, 13.252870244387896, 13.938854109461378, 15.531214143232253, 17.19617573168324, 18.996228291432477, 20.845610638118206, 22.746656485618878, 24.66196720576492, 26.557465460817617, 28.407330876174807, 30.163696672513144, 31.770315945608196, 33.321661539925714, 34.70532282871552, 36.01078764274929, 37.192763500440705, 38.00841655892893, 39.06532045776769, 40.100765615383494, 41.095521121361074, 42.102857902407116, 43.13238820877631, 44.200756668572446, 45.30765380299241, 46.47911131708643, 47.67405093215335, 48.932345548194434, 50.18813850872848, 51.472959036743624, 52.715866466496394, 53.99717028660135, 55.21739231698534, 56.410377514477005, 57.56728934860241, 58.66912747233886, 59.19468987282156, 60.251269622903266, 61.22397779540519, 62.143369715906914, 62.97345089385694, 63.73494488314921, 64.41141353609189], "state2:min_error_h": 0.03, "state2:min_error_gcv": 0.010351471430230871, "state2:min_gcv_h": 0.04, "state2:min_gcv": 0.004487575998524023, "state3:bandwidth": [0.03, 0.04, 0.05, 0.060000000000000005, 0.07, 0.08000000000000002, 0.09000000000000001, 0.1, 0.11000000000000001, 0.12000000000000002, 0.13, 0.14, 0.15000000000000002, 0.16000000000000003, 0.17, 0.18000000000000002, 0.19000000000000003, 0.20000000000000004, 0.21000000000000005, 0.22000000000000003, 0.23000000000000004, 0.24000000000000005, 0.25, 0.26, 0.27, 0.28, 0.29000000000000004, 0.30000000000000004, 0.31000000000000005, 0.32000000000000006, 0.33000000000000007, 0.3400000000000001, 0.3500000000000001, 0.3600000000000001, 0.3700000000000001, 0.3800000000000001, 0.3900000000000001, 0.4, 0.41000000000000003, 0.42000000000000004, 0.43000000000000005, 0.44000000000000006, 0.45000000000000007, 0.4600000000000001, 0.4700000000000001, 0.4800000000000001, 0.4900000000000001, 0.5000000000000001, 0.5100000000000001, 0.5200000000000001, 0.5300000000000001, 0.5400000000000001, 0.5500000000000002, 0.5600000000000002, 0.5700000000000002, 0.5800000000000002, 0.5900000000000001, 0.6000000000000001, 0.6100000000000001, 0.6200000000000001, 0.6300000000000001, 0.6400000000000001, 0.6500000000000001], "state3:gcv_func": [0.01381253827048835, 0.014169536721219383, 0.04236525453550072, 0.054308884083711234, 0.146964617882997, 0.1981624256357542, 0.385093218247496, 0.5313295397718365, 0.8189851672814973, 1.1174696959621306, 1.5658049349490222, 2.122550301270768, 2.9677243251187915, 3.893551488565782, 5.253707762404188, 6.55285719501032, 8.19970433074887, 9.77202480269611, 11.55066210300732, 13.197012637359437, 15.053192933163388, 16.88308370666268, 17.677700529779482, 19.59353870313786, 21.46074243939452, 23.453529714678186, 25.33938909994377, 27.26046319789805, 29.206105486594268, 31.180282424420703, 33.187421510087454, 35.19362785403359, 37.216244662669766, 39.2252756856527, 41.22949705877586, 43.206828873944936, 45.14104139981184, 46.37248234362995, 48.361633025300826, 50.28282414521014, 52.08211680629105, 53.7969794022004, 55.417239425780856, 56.925872022684956, 58.37346773484824, 59.77210177720145, 61.14855193851275, 62.521412389174436, 63.90831087833348, 65.3697678895217, 66.88877752654741, 68.5059636584814, 70.18771458856402, 71.96959371956366, 73.85912927188463, 75.85742649417385, 77.08289100826511, 79.30500425742949, 81.63346873220083, 84.06591072243873, 86.59495454906087, 89.21672435518889, 91.91281317546037], "state3:min_error_h": 0.03, "state3:min_error_gcv": 0.01381253827048835, "state3:min_gcv_h": 0.03, "state3:min_gcv": 0.01381253827048835}