{"state1:bandwidth": [0.03, 0.04, 0.05, 0.060000000000000005, 0.07, 0.08000000000000002, 0.09000000000000001, 0.1, 0.11000000000000001, 0.12000000000000002, 0.13, 0.14, 0.15000000000000002, 0.16000000000000003, 0.17, 0.18000000000000002, 0.19000000000000003, 0.20000000000000004, 0.21000000000000005, 0.22000000000000003, 0.23000000000000004, 0.24000000000000005, 0.25, 0.26, 0.27, 0.28, 0.29000000000000004, 0.30000000000000004, 0.31000000000000005, 0.32000000000000006, 0.33000000000000007, 0.3400000000000001, 0.3500000000000001, 0.3600000000000001, 0.3700000000000001, 0.3800000000000001, 0.3900000000000001, 0.4, 0.41000000000000003, 0.42000000000000004, 0.43000000000000005, 0.44000000000000006, 0.45000000000000007, 0.4600000000000001, 0.4700000000000001, 0.4800000000000001, 0.4900000000000001, 0.5000000000000001, 0.5100000000000001, 0.5200000000000001, 0.5300000000000001, 0.5400000000000001, 0.5500000000000002, 0.5600000000000002, 0.5700000000000002, 0.5800000000000002, 0.5900000000000001, 0.6000000000000001, 0.6100000000000001, 0.6200000000000001, 0.6300000000000001, 0.6400000000000001, 0.6500000000000001], "state1:gcv_func": [138.79823602467914, 68.37933280146198, 41.158825418315864, 32.102568278041986, 25.613247899668952, 21.632048686817466, 18.73904805496282, 16.68305298784257, 14.841678918966265, 13.376285741867887, 12.542686721487737, 11.698231964623398, 10.781403416392687, 10.18044437740387, 9.617329003394161, 9.410380374681479, 9.224456531213685, 9.189496657198719, 9.175560237953887, 9.220493175240899, 9.381210915499647, 9.520072694610855, 9.740159443870308, 10.12886290549252, 10.340766551061085, 10.683686583802908, 11.003234427853453, 11.413512920897519, 11.937655603844611, 12.34613151425383, 12.79494932105897, 13.257825211117437, 13.720148177833455, 14.205559919156507, 14.664423859395091, 15.156430085565786, 15.647337736790734, 16.11063309341645, 16.590962217350306, 17.011251699781518, 17.44248064645443, 17.851397728055616, 18.320708444650805, 18.79232002945777, 19.319279266452533, 19.814911867065916, 20.393230817146115, 20.98330522328658, 21.560006976942883, 22.221201035458268, 22.826598629405265, 23.50065291098749, 24.157445030706135, 24.835563020670516, 25.52355839449768, 26.207708090081177, 26.43460323043758, 27.10786338724689, 27.809819982101935, 28.431621316320058, 29.09841089377135, 29.753095316708812, 30.35396727375028], "state1:min_error_h": 0.12000000000000002, "state1:min_error_gcv": 13.376285741867887, "state1:min_gcv_h": 0.21000000000000005, "state1:min_gcv": 9.175560237953887, "state2:bandwidth": [0.03, 0.04, 0.05, 0.060000000000000005, 0.07, 0.08000000000000002, 0.09000000000000001, 0.1, 0.11000000000000001, 0.12000000000000002, 0.13, 0.14, 0.15000000000000002, 0.16000000000000003, 0.17, 0.18000000000000002, 0.19000000000000003, 0.20000000000000004, 0.21000000000000005, 0.22000000000000003, 0.23000000000000004, 0.24000000000000005, 0.25, 0.26, 0.27, 0.28, 0.29000000000000004, 0.30000000000000004, 0.31000000000000005, 0.32000000000000006, 0.33000000000000007, 0.3400000000000001, 0.3500000000000001, 0.3600000000000001, 0.3700000000000001, 0.3800000000000001, 0.3900000000000001, 0.4, 0.41000000000000003, 0.42000000000000004, 0.43000000000000005, 0.44000000000000006, 0.45000000000000007, 0.4600000000000001, 0.4700000000000001, 0.4800000000000001, 0.4900000000000001, 0.5000000000000001, 0.5100000000000001, 0.5200000000000001, 0.5300000000000001, 0.5400000000000001, 0.5500000000000002, 0.5600000000000002, 0.5700000000000002, 0.5800000000000002, 0.5900000000000001, 0.6000000000000001, 0.6100000000000001, 0.6200000000000001, 0.6300000000000001, 0.6400000000000001, 0.6500000000000001], "state2:gcv_func": [102.23508035500674, 57.18393540436338, 41.365552952494966, 29.008104953844125, 24.217779631812004, 20.200238901589707, 17.622803276177514, 15.70691618809683, 14.011547546144364, 12.819866517438443, 13.246945266544811, 12.67133948692301, 12.858693130688804, 12.764603501575618, 13.154081667062941, 13.305345713410336, 13.876378151333201, 14.224119926313282, 14.98287522347356, 15.776728955763, 16.874283894661826, 18.158864597215317, 18.744881709957472, 20.156415688829245, 21.664124610635863, 23.43612473533893, 25.313123012868875, 27.18110726492516, 28.999130994635227, 30.89000458999579, 32.68024059032937, 34.456044877693316, 35.984620259065004, 37.539595186204835, 38.956220060327205, 40.25642901205012, 41.40318742187878, 42.23968608227096, 43.306010954720534, 44.32090685627884, 45.252837877051064, 46.232281072258225, 47.1925691590311, 48.19893000973062, 49.26207940521664, 50.44472000236233, 51.6176713857701, 52.824512070370346, 54.052639472388364, 55.27616830593992, 56.43429164686441, 57.634574065196844, 58.77690229655333, 59.90556270371148, 60.974995799715444, 61.97912213285715, 62.46073965450712, 63.42171285743248, 64.29394431969247, 65.07421354756237, 65.8166594827128, 66.51358336788842, 67.12615606057463], "state2:min_error_h": 0.08000000000000002, "state2:min_error_gcv": 20.200238901589707, "state2:min_gcv_h": 0.14, "state2:min_gcv": 12.67133948692301, "state3:bandwidth": [0.03, 0.04, 0.05, 0.060000000000000005, 0.07, 0.08000000000000002, 0.09000000000000001, 0.1, 0.11000000000000001, 0.12000000000000002, 0.13, 0.14, 0.15000000000000002, 0.16000000000000003, 0.17, 0.18000000000000002, 0.19000000000000003, 0.20000000000000004, 0.21000000000000005, 0.22000000000000003, 0.23000000000000004, 0.24000000000000005, 0.25, 0.26, 0.27, 0.28, 0.29000000000000004, 0.30000000000000004, 0.31000000000000005, 0.32000000000000006, 0.33000000000000007, 0.3400000000000001, 0.3500000000000001, 0.3600000000000001, 0.3700000000000001, 0.3800000000000001, 0.3900000000000001, 0.4, 0.41000000000000003, 0.42000000000000004, 0.43000000000000005, 0.44000000000000006, 0.45000000000000007, 0.4600000000000001, 0.4700000000000001, 0.4800000000000001, 0.4900000000000001, 0.5000000000000001, 0.5100000000000001, 0.5200000000000001, 0.5300000000000001, 0.5400000000000001, 0.5500000000000002, 0.5600000000000002, 0.5700000000000002, 0.5800000000000002, 0.5900000000000001, 0.6000000000000001, 0.6100000000000001, 0.6200000000000001, 0.6300000000000001, 0.6400000000000001, 0.6500000000000001], "state3:gcv_func": [94.42271897897461, 59.106412921589154, 35.66584006710811, 25.59593568893213, 21.603105397675947, 17.653951322438953, 14.819439308982469, 13.43144608965515, 12.409371345902061, 11.482620877747317, 11.035528710979213, 10.816441196576765, 10.842867768425426, 11.217583270417666, 12.166011687405426, 13.08021491670779, 14.180656562879438, 15.17452918761523, 16.72693947735167, 17.968617906122553, 19.37267098280583, 20.872426347785826, 21.537986673221972, 23.147870744540594, 24.814188518916705, 26.519212415762887, 28.322010277156917, 30.09716960428102, 31.921215226541054, 33.70962962672787, 35.655141778056674, 37.57842223463037, 39.548172248005095, 41.560606524420116, 43.54541179733923, 45.46809162703033, 47.412354200076784, 48.600168200619116, 50.5926655470226, 52.49043535087187, 54.30529742712845, 56.01092280133482, 57.53783117286133, 59.015009669369284, 60.399081805700554, 61.68904492407275, 63.04473866574886, 64.34281985316976, 65.69346541850925, 67.10492283460468, 68.61383843169676, 70.1915450805395, 71.86164326109603, 73.63028120603161, 75.53182970900438, 77.53498694497684, 78.86985317452259, 81.09729962982858, 83.43504436188739, 85.89437534151666, 88.43902668851554, 91.11584201488076, 93.83819023445616], "state3:min_error_h": 0.09000000000000001, "state3:min_error_gcv": 14.819439308982469, "state3:min_gcv_h": 0.14, "state3:min_gcv": 10.816441196576765}